{
"type": "FeatureCollection",
"name": "Ubungo density",
"crs": { "type": "name", "properties": { "name": "urn:ogc:def:crs:OGC:1.3:CRS84" } },
"features": [
{ "type": "Feature", "properties": { "GID_3": "TZA.2.2.2_1", "GID_0": "TZA", "COUNTRY": "Tanzania", "GID_1": "TZA.2_1", "NAME_1": "Dar es Salaam", "NL_NAME_1": "NA", "GID_2": "TZA.2.2_1", "NAME_2": "Kinondoni", "NL_NAME_2": "NA", "NAME_3": "Goba", "VARNAME_3": "NA", "NL_NAME_3": "NA", "TYPE_3": "Wodi", "ENGTYPE_3": "Ward", "CC_3": "142", "HASC_3": "NA", "Area_km²": 47.222, "pop_densit": 2976.918, "population": 140576 }, "geometry": { "type": "MultiPolygon", "coordinates": [ [ [ [ 39.1198468, -6.7066165 ], [ 39.1199326, -6.7067273 ], [ 39.11993390473193, -6.706727254615335 ], [ 39.119934081000167, -6.706727503999957 ], [ 39.120098114000143, -6.70673227199984 ], [ 39.120353698000145, -6.706712722999896 ], [ 39.120353821915209, -6.70671264793622 ], [ 39.1203552, -6.7067126 ], [ 39.120366579797391, -6.706704919630341 ], [ 39.120552063000162, -6.706592559999933 ], [ 39.120624541000097, -6.7065367699999 ], [ 39.120662690000131, -6.706508635999967 ], [ 39.120687356016091, -6.706488423689955 ], [ 39.120698405092249, -6.706480966528253 ], [ 39.123161315, -6.707306383999935 ], [ 39.123708358939702, -6.707676953647934 ], [ 39.1241522, -6.7079785 ], [ 39.124153129859153, -6.707978243162547 ], [ 39.124153137000178, -6.707978247999904 ], [ 39.124157479815175, -6.707977041656258 ], [ 39.124428016703462, -6.707902316355225 ], [ 39.124656677000132, -6.708274363999976 ], [ 39.124732971000014, -6.70832061699997 ], [ 39.124791029972769, -6.708354082122038 ], [ 39.1248009, -6.70836 ], [ 39.124852414043247, -6.708429712284178 ], [ 39.124961854000048, -6.708579540999892 ], [ 39.125034862418715, -6.708828754146525 ], [ 39.1251093, -6.7090873 ], [ 39.12511738546695, -6.709285915173182 ], [ 39.125118256, -6.709311484999887 ], [ 39.125171662000184, -6.710649489999923 ], [ 39.125245677718809, -6.710748225086997 ], [ 39.1264377, -6.7123636 ], [ 39.126438384650072, -6.712364368019762 ], [ 39.126766204000148, -6.713234901999897 ], [ 39.126762391000057, -6.713602065999964 ], [ 39.127227783000023, -6.713609693999899 ], [ 39.127902985000105, -6.713441370999931 ], [ 39.128620148000039, -6.713218688999973 ], [ 39.129028320000089, -6.713122366999926 ], [ 39.129600524000182, -6.712990282999897 ], [ 39.129913331000182, -6.712984084999903 ], [ 39.130167397416407, -6.712949367562091 ], [ 39.1314402, -6.7128579 ], [ 39.131534869728263, -6.712834057510118 ], [ 39.13162231400014, -6.712812423999935 ], [ 39.133212949370083, -6.712411434591303 ], [ 39.1339008, -6.7122382 ], [ 39.133993511150756, -6.712059418267653 ], [ 39.134155272999976, -6.711750984999867 ], [ 39.134574890000181, -6.711262226999906 ], [ 39.134864807999975, -6.710926532999963 ], [ 39.135612488000049, -6.710606573999939 ], [ 39.135612159894293, -6.710603170214418 ], [ 39.1355794, -6.7101625 ], [ 39.1354602, -6.7097246 ], [ 39.135459451074517, -6.709723433097137 ], [ 39.135444641000106, -6.709690570999896 ], [ 39.135334015000183, -6.709527492999939 ], [ 39.135475159000123, -6.709429262999947 ], [ 39.135910035000052, -6.709078311999974 ], [ 39.136219024000127, -6.708818434999955 ], [ 39.136461131106529, -6.708608885467084 ], [ 39.1364713, -6.7086006 ], [ 39.1367237, -6.7083081 ], [ 39.136752872508758, -6.708258462423126 ], [ 39.136978150000061, -6.707888603999947 ], [ 39.137137052473598, -6.707604772927461 ], [ 39.137769279926459, -6.706529025927008 ], [ 39.137798308000072, -6.706482409999921 ], [ 39.137900383022426, -6.706183408641582 ], [ 39.138001784406654, -6.705890910347695 ], [ 39.138198852000187, -6.706002234999914 ], [ 39.138201643104225, -6.706003726310731 ], [ 39.138602748011635, -6.706232329456467 ], [ 39.138603211000145, -6.706233023999914 ], [ 39.138587953000126, -6.706266879999873 ], [ 39.138587953000126, -6.70672893499983 ], [ 39.138595581000061, -6.706789969999818 ], [ 39.138698578000117, -6.707230567999943 ], [ 39.138698996360255, -6.707230783491271 ], [ 39.138699, -6.7072308 ], [ 39.138699815122976, -6.707231205224242 ], [ 39.139141083000027, -6.707458495999958 ], [ 39.139739572596277, -6.707748102612494 ], [ 39.1397627, -6.7077596 ], [ 39.140138224596612, -6.708145627184513 ], [ 39.140419006000172, -6.708436011999936 ], [ 39.140484034144336, -6.708620111438186 ], [ 39.140561933319859, -6.708846329026606 ], [ 39.140590667000083, -6.709019183999942 ], [ 39.140651702000071, -6.709107397999958 ], [ 39.140701728156579, -6.709133735286377 ], [ 39.1409742, -6.709278 ], [ 39.140978691120893, -6.709278952954683 ], [ 39.141048431000115, -6.709300516999974 ], [ 39.141326904000152, -6.709362029999909 ], [ 39.14139175400004, -6.709366797999962 ], [ 39.141392305510301, -6.709366716294659 ], [ 39.1413927, -6.7093668 ], [ 39.141403711476194, -6.709365026520294 ], [ 39.141906738000159, -6.709290503999966 ], [ 39.142195566000929, -6.709237492490855 ], [ 39.1422098, -6.7092352 ], [ 39.142256815352226, -6.709220379048336 ], [ 39.143028259000175, -6.708985804999941 ], [ 39.143045032161801, -6.708980633226232 ], [ 39.1432186, -6.7089682 ], [ 39.14389421764168, -6.709271928108441 ], [ 39.144123077000131, -6.709484575999909 ], [ 39.14413696101736, -6.709496898624792 ], [ 39.1442327, -6.7095857 ], [ 39.144233500265223, -6.709585476088953 ], [ 39.14423370500009, -6.709585665999953 ], [ 39.144234472547211, -6.709585204048296 ], [ 39.145060322817329, -6.709354134406115 ], [ 39.145519257000046, -6.709248064999883 ], [ 39.145644994770564, -6.709190911467963 ], [ 39.145910916444102, -6.709616160947312 ], [ 39.145927429000039, -6.709643840999945 ], [ 39.145933511544285, -6.709649685930791 ], [ 39.1463619, -6.7101244 ], [ 39.1468694, -6.710525 ], [ 39.1476921, -6.7109097 ], [ 39.148263025902949, -6.711092785918042 ], [ 39.148265839000089, -6.711093901999959 ], [ 39.14826592064653, -6.71109371421151 ], [ 39.1482665, -6.7110939 ], [ 39.148304395899771, -6.711005220362466 ], [ 39.148361206000061, -6.710874555999908 ], [ 39.148479461000193, -6.710869310999897 ], [ 39.14847956991818, -6.71086913224528 ], [ 39.1484803, -6.7108691 ], [ 39.14868700175969, -6.710531560424331 ], [ 39.149047851000148, -6.710607528999958 ], [ 39.149295807000044, -6.71063136999993 ], [ 39.149533498542148, -6.710654951632493 ], [ 39.1495352, -6.7106552 ], [ 39.149535293400071, -6.710655129702271 ], [ 39.149536133000026, -6.710655212999882 ], [ 39.149978637000061, -6.710321902999908 ], [ 39.150508881000064, -6.710131168999965 ], [ 39.150726593550644, -6.710060938105639 ], [ 39.1509835, -6.7099787 ], [ 39.150986834477834, -6.709978233813665 ], [ 39.151458741000113, -6.709945201999915 ], [ 39.152107239000145, -6.709821701999942 ], [ 39.152107773507069, -6.709821517684711 ], [ 39.1521079, -6.7098215 ], [ 39.152551, -6.709669 ], [ 39.1528369, -6.7094832 ], [ 39.15299436971528, -6.709314436582424 ], [ 39.153110503, -6.709239481999873 ], [ 39.153255463000107, -6.709036349999963 ], [ 39.153299265765305, -6.708845286590241 ], [ 39.153329, -6.7087203 ], [ 39.153329, -6.7082614 ], [ 39.153267823572968, -6.708005261820047 ], [ 39.153209686000139, -6.707757472999845 ], [ 39.153013723007298, -6.707378980123871 ], [ 39.1528558, -6.7070724 ], [ 39.152855803921284, -6.707063435931373 ], [ 39.152870177000182, -6.706920145999902 ], [ 39.152855897836204, -6.706848746436711 ], [ 39.1528559, -6.7068438 ], [ 39.1527919, -6.7067791 ], [ 39.152812562019598, -6.70653600024966 ], [ 39.152816772000108, -6.706490515999974 ], [ 39.152828217000092, -6.706362724999906 ], [ 39.15283484657251, -6.706337656846236 ], [ 39.1531084, -6.7054335 ], [ 39.1533562, -6.7048904 ], [ 39.153362382347879, -6.704878033159074 ], [ 39.153541566000058, -6.704595088999952 ], [ 39.153776041578872, -6.704050571165086 ], [ 39.153854490468248, -6.703893646166044 ], [ 39.153934479000156, -6.703737258999922 ], [ 39.154109955000081, -6.70356607399998 ], [ 39.154193879000104, -6.703451632999929 ], [ 39.154266343247919, -6.703348113938159 ], [ 39.1542757, -6.7033372 ], [ 39.15427379048041, -6.703320434208949 ], [ 39.154270172000111, -6.703013419999877 ], [ 39.154215452422079, -6.702808219669395 ], [ 39.154167985998761, -6.702391459275632 ], [ 39.154167175000055, -6.702374934999909 ], [ 39.154166886634542, -6.702365744114359 ], [ 39.1542185, -6.701765 ], [ 39.154173672238336, -6.701666303583573 ], [ 39.154170990000068, -6.701660156999935 ], [ 39.154071808000083, -6.701583862999939 ], [ 39.15394216490045, -6.701498070316076 ], [ 39.153794208516778, -6.700951409061769 ], [ 39.153762817000143, -6.700798033999888 ], [ 39.153717042000039, -6.700640201999931 ], [ 39.15375133975715, -6.700497160559951 ], [ 39.1539588, -6.6997074 ], [ 39.1540959, -6.6995841 ], [ 39.154144320889323, -6.699467390573961 ], [ 39.15419006400009, -6.69935989399994 ], [ 39.154277801000148, -6.698998451999955 ], [ 39.154308319000165, -6.698699472999976 ], [ 39.154373170000099, -6.698613166999962 ], [ 39.154397498295701, -6.698545883627681 ], [ 39.154504536712537, -6.698362774881963 ], [ 39.154514761914882, -6.698350760463508 ], [ 39.154615348705256, -6.698292014091118 ], [ 39.154697418000126, -6.698255539999934 ], [ 39.15492630100016, -6.698111532999917 ], [ 39.154948345266938, -6.698075021783161 ], [ 39.155245816204101, -6.697619290445934 ], [ 39.155250549000129, -6.697613714999875 ], [ 39.155250753882576, -6.697613621994326 ], [ 39.155561450682839, -6.697572772223082 ], [ 39.155563355000083, -6.697572707999939 ], [ 39.155830383000193, -6.697585105999906 ], [ 39.156188965000183, -6.697585105999906 ], [ 39.156429291000165, -6.697613714999875 ], [ 39.156802669856894, -6.697547993169997 ], [ 39.156804, -6.697548 ], [ 39.1571288, -6.6973835 ], [ 39.157164316820527, -6.697354676318903 ], [ 39.157196045000035, -6.697329998999919 ], [ 39.157203675000119, -6.697215080999911 ], [ 39.15717038100739, -6.697091158963159 ], [ 39.15717, -6.6970874 ], [ 39.1572399, -6.6970134 ], [ 39.157401158187859, -6.697011390399483 ], [ 39.157440186000031, -6.69702148399989 ], [ 39.15756745833685, -6.697009317966016 ], [ 39.1575689, -6.6970093 ], [ 39.157568991507645, -6.697009171409361 ], [ 39.157569885000044, -6.697009085999923 ], [ 39.157653809000067, -6.696902273999967 ], [ 39.157775879000042, -6.696721552999975 ], [ 39.157855988000165, -6.696607589999928 ], [ 39.157989502000191, -6.696600436999972 ], [ 39.158111573000099, -6.696571825999911 ], [ 39.158111620810743, -6.696571752652885 ], [ 39.158112, -6.6965717 ], [ 39.1581548, -6.6965075 ], [ 39.1581048, -6.6963361 ], [ 39.1579977, -6.6962576 ], [ 39.158006427011763, -6.696209662463369 ], [ 39.158027649000076, -6.696100233999971 ], [ 39.158283233000077, -6.696014879999836 ], [ 39.158454896000137, -6.695929050999951 ], [ 39.158455582828047, -6.695927816022681 ], [ 39.158686067113436, -6.695592601711975 ], [ 39.158691407000106, -6.69558620499987 ], [ 39.158691668296974, -6.695586121352527 ], [ 39.159046529198051, -6.69553613699992 ], [ 39.159061432000101, -6.69553613699992 ], [ 39.159198761000141, -6.695515155999942 ], [ 39.159229278000112, -6.695424079999952 ], [ 39.159267427000145, -6.695307731999947 ], [ 39.159355163000157, -6.695036410999876 ], [ 39.159591675000172, -6.694922445999964 ], [ 39.159846341036911, -6.694758528851886 ], [ 39.1598471, -6.6947581 ], [ 39.160290855030212, -6.694439421180724 ], [ 39.160404205000077, -6.694372652999959 ], [ 39.160633088000111, -6.694193839999969 ], [ 39.160755157000153, -6.694036959999949 ], [ 39.160820006999984, -6.693886756999973 ], [ 39.1608136474755, -6.693883770014883 ], [ 39.160594576027322, -6.693733152402154 ], [ 39.160591126000156, -6.693729877999942 ], [ 39.16064834600013, -6.69355153999993 ], [ 39.160881041999971, -6.693401336999955 ], [ 39.161041260000104, -6.693294046999938 ], [ 39.161197662000063, -6.693037032999939 ], [ 39.161205291999977, -6.692837237999981 ], [ 39.161182407841913, -6.692694687931719 ], [ 39.161182406614671, -6.692694658520749 ], [ 39.161182984011191, -6.692693448534479 ], [ 39.161280428293857, -6.692518007882702 ], [ 39.161380768000129, -6.692394732999958 ], [ 39.161468505000187, -6.692180156999882 ], [ 39.1614632220804, -6.692162620359132 ], [ 39.1613966, -6.6919161 ], [ 39.161397096863276, -6.691905489415186 ], [ 39.161411285000099, -6.691766260999941 ], [ 39.161406189260738, -6.691711319992629 ], [ 39.161417617959415, -6.69146725853026 ], [ 39.161418915000183, -6.691459178999935 ], [ 39.161434370164748, -6.691442376020428 ], [ 39.161739365213421, -6.691130788993533 ], [ 39.161746978000053, -6.691123485999924 ], [ 39.16178929983073, -6.69104899987971 ], [ 39.1619393, -6.6907879 ], [ 39.162123500805627, -6.690312872900388 ], [ 39.16216650678512, -6.690202938500071 ], [ 39.162167534372948, -6.690205117560802 ], [ 39.162254334000124, -6.690427302999979 ], [ 39.162391663, -6.69069385499995 ], [ 39.16250716936495, -6.690925333638774 ], [ 39.1625097, -6.6909307 ], [ 39.162510268042354, -6.690933612191799 ], [ 39.16254425000011, -6.691203116999873 ], [ 39.162602546265653, -6.691406696430567 ], [ 39.1626044, -6.6914162 ], [ 39.1627228, -6.6915819 ], [ 39.162823882130944, -6.691627484153282 ], [ 39.162929536000036, -6.691675663999888 ], [ 39.162944794000055, -6.691787241999975 ], [ 39.162971496000125, -6.691843031999952 ], [ 39.16297409102684, -6.691853087622182 ], [ 39.1630005, -6.6919613 ], [ 39.162940001134132, -6.692115972539058 ], [ 39.162937164000141, -6.692121504999932 ], [ 39.162935882189096, -6.692143780583475 ], [ 39.162895899101819, -6.692606207928957 ], [ 39.162887574000081, -6.69268608099992 ], [ 39.162907124085592, -6.692722248171191 ], [ 39.16296474665733, -6.692837493314659 ], [ 39.162979126000039, -6.692867279999973 ], [ 39.163080648965739, -6.692919696735929 ], [ 39.1631538, -6.6929577 ], [ 39.163154204845739, -6.692957673947427 ], [ 39.163154602000191, -6.692957878999948 ], [ 39.163368224000067, -6.692944048999948 ], [ 39.163368518894195, -6.692943882441531 ], [ 39.1633698, -6.6929438 ], [ 39.163560643474803, -6.692835369036821 ], [ 39.163677216000053, -6.692769527999872 ], [ 39.163681879704789, -6.692767745200388 ], [ 39.164124478872687, -6.692617931880807 ], [ 39.164129710925671, -6.692616782446736 ], [ 39.1642896, -6.6928045 ], [ 39.1643941, -6.6933061 ], [ 39.1643592, -6.6935221 ], [ 39.16434934342891, -6.693532985262271 ], [ 39.16417694200004, -6.693710326999849 ], [ 39.164024352000183, -6.693891524999913 ], [ 39.163864222007497, -6.694229840135915 ], [ 39.1638297, -6.6943026 ], [ 39.16382959482398, -6.694303838795707 ], [ 39.163787841000101, -6.694560526999851 ], [ 39.16377032533309, -6.695001933197958 ], [ 39.163767, -6.6950411 ], [ 39.163847665206639, -6.695427382922844 ], [ 39.163864135000154, -6.695508002999929 ], [ 39.163916247862673, -6.695639885177781 ], [ 39.1640805, -6.6960585 ], [ 39.164207798625654, -6.696252716936412 ], [ 39.164211273000092, -6.696258068999953 ], [ 39.16421134536747, -6.696258128128609 ], [ 39.1642129, -6.6962605 ], [ 39.1646449, -6.6966368 ], [ 39.164624661652169, -6.696909133496018 ], [ 39.164623259999985, -6.696914196999899 ], [ 39.164631510497912, -6.696922447405132 ], [ 39.1650003, -6.6973545 ], [ 39.165007409770865, -6.697356112882507 ], [ 39.165126801000042, -6.697389125999962 ], [ 39.16518402100013, -6.697396276999825 ], [ 39.165557861000138, -6.697642325999936 ], [ 39.165587099659035, -6.697689165339145 ], [ 39.1657009, -6.6978746 ], [ 39.165951886038869, -6.698062938342552 ], [ 39.165954590000013, -6.698065280999913 ], [ 39.166179657999976, -6.698079108999934 ], [ 39.166196009230617, -6.698079108999934 ], [ 39.166358326655072, -6.698088472693892 ], [ 39.166358947000163, -6.698088644999928 ], [ 39.166481017000137, -6.698201656999913 ], [ 39.166652395295316, -6.698314450490184 ], [ 39.166669099486661, -6.698327306010291 ], [ 39.166675703938033, -6.698342238045766 ], [ 39.1667512, -6.6986399 ], [ 39.166696534323123, -6.698695938145316 ], [ 39.166538237999987, -6.69885635299994 ], [ 39.166534425000123, -6.699012754999899 ], [ 39.166530610000109, -6.699119567999958 ], [ 39.166533609866448, -6.699200183018511 ], [ 39.1665332, -6.6992219 ], [ 39.166589583428049, -6.699385702770999 ], [ 39.166591645000096, -6.699396610999941 ], [ 39.166557311000076, -6.699489116999871 ], [ 39.16655893169996, -6.699488646891399 ], [ 39.1665588, -6.699489 ], [ 39.166760769562231, -6.69943010077195 ], [ 39.166854858000079, -6.699402808999935 ], [ 39.166860036858594, -6.699398699640808 ], [ 39.167043671548385, -6.699274080302382 ], [ 39.167049220291183, -6.699270835358235 ], [ 39.167266553516917, -6.69939253946943 ], [ 39.167278290000127, -6.699402808999935 ], [ 39.167396545000031, -6.699465750999877 ], [ 39.167675018000068, -6.699549197999943 ], [ 39.167793274000132, -6.699807166999904 ], [ 39.167800276915187, -6.69983698801173 ], [ 39.167892, -6.7003019 ], [ 39.167876786059594, -6.700374481155198 ], [ 39.167827606000117, -6.700601576999929 ], [ 39.167884826000034, -6.700831412999833 ], [ 39.167884984613174, -6.700831436577614 ], [ 39.167885, -6.7008315 ], [ 39.167885244941999, -6.700831475275391 ], [ 39.168025969999974, -6.70085239399998 ], [ 39.168226672958866, -6.70079701130408 ], [ 39.168712562892978, -6.700747965250673 ], [ 39.16871261700004, -6.700747966999927 ], [ 39.168853581635261, -6.70079605636958 ], [ 39.1688953, -6.7008105 ], [ 39.169112, -6.7010637 ], [ 39.169360052283842, -6.70105039837975 ], [ 39.169246674000078, -6.701463222999962 ], [ 39.169188914919268, -6.701672598554564 ], [ 39.169181, -6.7016981 ], [ 39.169181, -6.7019442 ], [ 39.16940025002814, -6.702240588762952 ], [ 39.16940689200004, -6.70225477199989 ], [ 39.169487799423834, -6.702358940661495 ], [ 39.1695198, -6.7024022 ], [ 39.169781, -6.7025783 ], [ 39.170700319752925, -6.702459075251089 ], [ 39.170706882576056, -6.702464826827524 ], [ 39.171339460367527, -6.703080936284452 ], [ 39.171352386000081, -6.703094958999884 ], [ 39.171366100185601, -6.703111715324872 ], [ 39.171616, -6.7034541 ], [ 39.171662476360069, -6.703482530224596 ], [ 39.171672821000186, -6.703497885999923 ], [ 39.171691369414972, -6.703500204501134 ], [ 39.1719387, -6.7036515 ], [ 39.172065367611978, -6.703813491380923 ], [ 39.172164916000156, -6.703942298999834 ], [ 39.172174651935428, -6.703953251799481 ], [ 39.1721829, -6.7039638 ], [ 39.172208840597598, -6.704185859336748 ], [ 39.172222137000176, -6.704304695999951 ], [ 39.172217115112041, -6.70436273738516 ], [ 39.172148012099356, -6.705083321001714 ], [ 39.172142028000053, -6.705133436999972 ], [ 39.172152341463566, -6.705145224311998 ], [ 39.172348819227807, -6.705397215318971 ], [ 39.17238998400012, -6.705450533999908 ], [ 39.172390523291092, -6.705450702536438 ], [ 39.1724044, -6.7054685 ], [ 39.172435363602062, -6.705464715807081 ], [ 39.172435761000088, -6.705464839999934 ], [ 39.172634660274717, -6.705440358916821 ], [ 39.1726826, -6.7054345 ], [ 39.172700525543107, -6.705466307654047 ], [ 39.17271804700016, -6.705499648999876 ], [ 39.172791273821673, -6.705627334286977 ], [ 39.1728586, -6.7057468 ], [ 39.172857269363519, -6.705751196398474 ], [ 39.172760009000115, -6.705981253999937 ], [ 39.17275238100018, -6.70600795799993 ], [ 39.172744751000096, -6.706050394999977 ], [ 39.172730443577002, -6.706170226466482 ], [ 39.172728, -6.7061783 ], [ 39.172711290725388, -6.706982016108899 ], [ 39.172710419000055, -6.706995963999873 ], [ 39.172704055024241, -6.707036079473927 ], [ 39.1726372, -6.7074219 ], [ 39.1727394, -6.7075979 ], [ 39.1727507, -6.7080352 ], [ 39.1729041, -6.708285 ], [ 39.1732627, -6.7083895 ], [ 39.173265639756771, -6.7083923363147 ], [ 39.173313140000118, -6.708461760999853 ], [ 39.173350754778511, -6.708474456369729 ], [ 39.1733508, -6.7084745 ], [ 39.173350805717561, -6.708474473562179 ], [ 39.173351287000173, -6.708474635999949 ], [ 39.173361534465975, -6.708424864184188 ], [ 39.173385675635444, -6.708313236214622 ], [ 39.173400878999985, -6.708250522999947 ], [ 39.173477173000094, -6.708202360999962 ], [ 39.173585535835244, -6.708081356149734 ], [ 39.173593059757586, -6.708074518334685 ], [ 39.17359601725439, -6.708074412719291 ], [ 39.1743864, -6.7081072 ], [ 39.174420046432232, -6.70808251107365 ], [ 39.174518586000033, -6.708013534999964 ], [ 39.174598123987735, -6.70795293254799 ], [ 39.17473954543069, -6.708096294098301 ], [ 39.174758910000037, -6.708126066999966 ], [ 39.174782238260121, -6.708139572614537 ], [ 39.174923014727383, -6.708282280340982 ], [ 39.174938201000032, -6.708299635999936 ], [ 39.174941378943878, -6.708299909963583 ], [ 39.175243625024194, -6.708373162026956 ], [ 39.175300598000092, -6.708398341999953 ], [ 39.175403595000148, -6.708412170999907 ], [ 39.175404006828536, -6.708412032003643 ], [ 39.1754047, -6.7084122 ], [ 39.175468902288294, -6.708390129126741 ], [ 39.175555382798052, -6.708360941076199 ], [ 39.175746053960026, -6.708472529292614 ], [ 39.17574691700014, -6.708473205999894 ], [ 39.175952911000138, -6.708534240999882 ], [ 39.176181794000172, -6.708571910999979 ], [ 39.176342010000099, -6.708600043999922 ], [ 39.176433564000035, -6.708604811999976 ], [ 39.176527280683061, -6.708533622584418 ], [ 39.176660956263326, -6.708485493297633 ], [ 39.176696383136203, -6.708473341443091 ], [ 39.176926000988686, -6.708498652753573 ], [ 39.176975249000179, -6.708515642999942 ], [ 39.177066803000116, -6.708519457999898 ], [ 39.177098678805471, -6.70851768743135 ], [ 39.1770997, -6.7085178 ], [ 39.177100402644143, -6.708517591679274 ], [ 39.1771011350001, -6.708517550999943 ], [ 39.177280426000095, -6.708477020999965 ], [ 39.177402497000173, -6.708445071999961 ], [ 39.177684785000054, -6.708371161999878 ], [ 39.177876699892963, -6.708287434196802 ], [ 39.177881150381772, -6.708286114710869 ], [ 39.177970853899993, -6.70827770484682 ], [ 39.1781076, -6.7082649 ], [ 39.178109709921479, -6.708265658569849 ], [ 39.178184508000129, -6.708307265999963 ], [ 39.178283691000047, -6.708328723999955 ], [ 39.178284193448441, -6.708328389787005 ], [ 39.1782845, -6.7083285 ], [ 39.178445752916637, -6.708237417375297 ], [ 39.178447462198569, -6.708236790628633 ], [ 39.178457689271831, -6.70824422611157 ], [ 39.17853164700017, -6.70830011299995 ], [ 39.17858109855154, -6.708333949492834 ], [ 39.1786029, -6.7083498 ], [ 39.1789354, -6.7083851 ], [ 39.1791831, -6.7086752 ], [ 39.179188973749284, -6.7086800333106 ], [ 39.179374693999989, -6.708852290999914 ], [ 39.179483364555466, -6.708922277597169 ], [ 39.179728164970605, -6.709123715619935 ], [ 39.17974090600012, -6.709135054999933 ], [ 39.179775238000104, -6.709344863999888 ], [ 39.179912567000031, -6.709679126999958 ], [ 39.18045043900014, -6.710589884999877 ], [ 39.180641174000186, -6.710864065999942 ], [ 39.180961608000018, -6.711182117999954 ], [ 39.181068946842757, -6.711285896510538 ], [ 39.1811469, -6.711363 ], [ 39.181306041284159, -6.711390509345403 ], [ 39.181430818000138, -6.711412428999893 ], [ 39.181432036029221, -6.711412288941938 ], [ 39.1814321, -6.7114123 ], [ 39.18171163522171, -6.711401462999902 ], [ 39.181964875000176, -6.711401462999902 ], [ 39.182319642000152, -6.711379526999963 ], [ 39.182562366892334, -6.711368625511644 ], [ 39.183069849729883, -6.71150504883915 ], [ 39.18307113700007, -6.711505412999884 ], [ 39.183081635863587, -6.711510739574408 ], [ 39.1836794, -6.7118263 ], [ 39.183851428739828, -6.711813177460507 ], [ 39.183895111000027, -6.711810111999966 ], [ 39.183953117500259, -6.711805420531194 ], [ 39.184224325347373, -6.71178473250146 ], [ 39.18428039600019, -6.711780547999979 ], [ 39.184359969005136, -6.711759162106241 ], [ 39.184554737462314, -6.711707910400325 ], [ 39.184604644000046, -6.711695193999958 ], [ 39.184680938000099, -6.711622238999951 ], [ 39.18471908700019, -6.711586474999933 ], [ 39.184721311842054, -6.711573495751103 ], [ 39.184860491103692, -6.711038934169046 ], [ 39.185180664000086, -6.710877895999943 ], [ 39.185317993000183, -6.710810660999869 ], [ 39.185497283000075, -6.710705755999868 ], [ 39.185977936000143, -6.710428237999906 ], [ 39.186157227000137, -6.710330007999971 ], [ 39.186496735000162, -6.710143566999932 ], [ 39.18661880600007, -6.710075378999932 ], [ 39.186620802263306, -6.710074732749091 ], [ 39.186912734521911, -6.709987679165005 ], [ 39.187010424971319, -6.710007049470117 ], [ 39.1870227, -6.7100095 ], [ 39.187026383568437, -6.710012430473877 ], [ 39.18710708600014, -6.710083961999942 ], [ 39.187122345000034, -6.710106849999875 ], [ 39.187160491000043, -6.710120677999953 ], [ 39.187713622000047, -6.710560320999946 ], [ 39.18786950849119, -6.710625630146497 ], [ 39.1880598, -6.710706 ], [ 39.1884531, -6.7107188 ], [ 39.188453462303791, -6.710718624063081 ], [ 39.188453674000186, -6.710718630999963 ], [ 39.18846927375732, -6.710710945925422 ], [ 39.188584106244704, -6.710655182573594 ], [ 39.188762664000137, -6.710763930999974 ], [ 39.188818672186187, -6.710776533331179 ], [ 39.1888188, -6.7107766 ], [ 39.18882620680305, -6.710782413719713 ], [ 39.188899993000064, -6.71084785499994 ], [ 39.188938142000097, -6.710872172999871 ], [ 39.189140319000046, -6.711029528999859 ], [ 39.189170838000166, -6.711091993999958 ], [ 39.189238027796286, -6.711151647909416 ], [ 39.1894979, -6.7114788 ], [ 39.189508224903591, -6.711483319802587 ], [ 39.18975448600014, -6.711605072999873 ], [ 39.189901827663739, -6.711655622309561 ], [ 39.190118919764366, -6.711750655975404 ], [ 39.190147052070493, -6.711768878281183 ], [ 39.190148352032971, -6.711769879925038 ], [ 39.190235138000105, -6.711840628999823 ], [ 39.190289540338931, -6.711878667987235 ], [ 39.1905119, -6.71205 ], [ 39.1911911, -6.7123234 ], [ 39.191244566365413, -6.712322273455047 ], [ 39.19149017400008, -6.712317943999949 ], [ 39.191997528000115, -6.712317943999949 ], [ 39.192325591000156, -6.712302207999926 ], [ 39.192558951287673, -6.712294579152508 ], [ 39.1925722, -6.7122943 ], [ 39.192572691758983, -6.712294129958859 ], [ 39.192573547000052, -6.71229410199993 ], [ 39.192574183212493, -6.712293614241876 ], [ 39.193077521740115, -6.712119569107846 ], [ 39.193095162782008, -6.712138567289808 ], [ 39.193126006353062, -6.71217380892563 ], [ 39.192893843188529, -6.712623835752068 ], [ 39.1928622, -6.7126826 ], [ 39.192965735591031, -6.712896854502437 ], [ 39.192970276000153, -6.712906360999966 ], [ 39.193309784000178, -6.713184356999875 ], [ 39.193310088284314, -6.713185941835252 ], [ 39.19348, -6.7142715 ], [ 39.193481445000032, -6.714457370551898 ], [ 39.193481445000032, -6.714734076999946 ], [ 39.193485260000102, -6.715192793999961 ], [ 39.193298339000194, -6.716026304999957 ], [ 39.19360351600011, -6.716990469999928 ], [ 39.193687440000133, -6.718070982999905 ], [ 39.193697893318777, -6.718182932077877 ], [ 39.1936987, -6.7181933 ], [ 39.19369863551514, -6.718195867052715 ], [ 39.193691255000033, -6.718265532999908 ], [ 39.193664551000097, -6.719388484999968 ], [ 39.193666831467802, -6.719461942047305 ], [ 39.193636, -6.7206893 ], [ 39.193678, -6.7209757 ], [ 39.193631678135745, -6.721681743690845 ], [ 39.193626404000042, -6.721750257999872 ], [ 39.193627817492093, -6.721804588376401 ], [ 39.1936629, -6.724906 ], [ 39.1935985, -6.725593 ], [ 39.193600537448077, -6.725602500290692 ], [ 39.193611146000023, -6.725721836999924 ], [ 39.193950652000069, -6.727292059999911 ], [ 39.193988801000103, -6.727419853999947 ], [ 39.193988801000103, -6.727454184999942 ], [ 39.193988801000103, -6.727454829820584 ], [ 39.193978282981718, -6.727699921561396 ], [ 39.193969726000034, -6.727867126999968 ], [ 39.193912505000185, -6.728049755999905 ], [ 39.193828584000073, -6.728301047999935 ], [ 39.193729401000155, -6.728653906999966 ], [ 39.193630219000113, -6.72910642599993 ], [ 39.1936591058248, -6.72926440286371 ], [ 39.1936607, -6.7292735 ], [ 39.19366001491484, -6.729278296668272 ], [ 39.193595886000026, -6.729721068999879 ], [ 39.193594032379337, -6.729805644786446 ], [ 39.193460344109766, -6.733899191276635 ], [ 39.193458557000099, -6.733928203999938 ], [ 39.193462884062122, -6.733962006691196 ], [ 39.1935217, -6.7345344 ], [ 39.1934459, -6.7365667 ], [ 39.1934326, -6.7369681 ], [ 39.193425424196981, -6.737164836599528 ], [ 39.193416595000031, -6.737362861999884 ], [ 39.193420410000044, -6.737443445999816 ], [ 39.193423845035909, -6.737560743854256 ], [ 39.19346237200017, -6.738911013938134 ], [ 39.19346237200017, -6.738915442999939 ], [ 39.193461577952746, -6.738924537406697 ], [ 39.1933527, -6.7399917 ], [ 39.1933933, -6.7414719 ], [ 39.193238, -6.7429432 ], [ 39.1933785, -6.7452277 ], [ 39.193701566066125, -6.747273686739609 ], [ 39.193672179000032, -6.747265815999924 ], [ 39.193447113000047, -6.747188567999842 ], [ 39.193298339000194, -6.747113703999958 ], [ 39.19322586100003, -6.747070311999892 ], [ 39.192714691000049, -6.746848581999927 ], [ 39.19255447400019, -6.746597289999954 ], [ 39.192279816, -6.74603557599994 ], [ 39.192028047000065, -6.745680331999949 ], [ 39.191474914000025, -6.745776653999883 ], [ 39.191082, -6.74612426799996 ], [ 39.190814972000169, -6.746449470999949 ], [ 39.190654755000139, -6.746419906999904 ], [ 39.190555573000097, -6.746101856999871 ], [ 39.190410614000086, -6.745739459999925 ], [ 39.19013595600012, -6.745347976999938 ], [ 39.189876556000115, -6.74498557999982 ], [ 39.189342499000077, -6.744778631999907 ], [ 39.188892365000129, -6.74498557999982 ], [ 39.188354492000144, -6.745426177999946 ], [ 39.188351771920274, -6.745441011039498 ], [ 39.1883361, -6.7454538 ], [ 39.188246111176156, -6.745951931039288 ], [ 39.18818664500003, -6.746045588999948 ], [ 39.188152095157506, -6.746169658835016 ], [ 39.1881286, -6.7462239 ], [ 39.1881647, -6.7463382 ], [ 39.1883151, -6.7463743 ], [ 39.1885256, -6.7463262 ], [ 39.1886038, -6.7462961 ], [ 39.188611181277146, -6.746272149133905 ], [ 39.188621520000027, -6.746268271999895 ], [ 39.188666504570378, -6.746126400795582 ], [ 39.1887964, -6.7460073 ], [ 39.1888926, -6.7460855 ], [ 39.1889829, -6.7463021 ], [ 39.189072879692588, -6.74680018049346 ], [ 39.188957746292907, -6.746970865082418 ], [ 39.188897793288412, -6.747058941496299 ], [ 39.188821329925823, -6.747144365617976 ], [ 39.188613205599466, -6.74735563460804 ], [ 39.188499451000155, -6.747459410999966 ], [ 39.188468933000081, -6.747479438999903 ], [ 39.188175201000149, -6.7476520539999 ], [ 39.187900543000126, -6.74768209399997 ], [ 39.187717437000117, -6.747802256999876 ], [ 39.187580109000123, -6.747844695999959 ], [ 39.187236785000096, -6.748097419999965 ], [ 39.187225046764219, -6.748121897247161 ], [ 39.1872201, -6.748125 ], [ 39.187194021753072, -6.748186592391745 ], [ 39.187152863000108, -6.748272418999875 ], [ 39.187110900999983, -6.748376368999971 ], [ 39.187100013500114, -6.748408623924777 ], [ 39.187054, -6.7485173 ], [ 39.1869676, -6.7489237 ], [ 39.186772043390853, -6.749338434348646 ], [ 39.186553955000079, -6.749392032999879 ], [ 39.186374664000084, -6.749437332999833 ], [ 39.186271667000028, -6.74946308199992 ], [ 39.185989379000091, -6.749589442999877 ], [ 39.185623169000166, -6.749528884999961 ], [ 39.185512542000026, -6.749144076999926 ], [ 39.185543060000043, -6.748776911999812 ], [ 39.185531615000059, -6.748548506999896 ], [ 39.184474945000034, -6.74815750099998 ], [ 39.18416595400015, -6.748201369999947 ], [ 39.183956146000185, -6.748313902999939 ], [ 39.183951034547064, -6.748334762221364 ], [ 39.1839382, -6.7483416 ], [ 39.183872, -6.7486063 ], [ 39.1838728, -6.7491098 ], [ 39.1841014, -6.7497957 ], [ 39.184021111992806, -6.750300503693675 ], [ 39.183792114000141, -6.750345230999812 ], [ 39.183586121000019, -6.750295637999955 ], [ 39.183193208000148, -6.750201223999966 ], [ 39.182567596000069, -6.750327586999958 ], [ 39.182553394982975, -6.750354353226227 ], [ 39.1825492, -6.7503552 ], [ 39.1823567, -6.7507222 ], [ 39.182213673925446, -6.751622055877646 ], [ 39.181995392000147, -6.751915931999918 ], [ 39.181732177000129, -6.752300739999953 ], [ 39.181434631000172, -6.752571582999963 ], [ 39.181266785000162, -6.752621174999831 ], [ 39.18127267770204, -6.752642045865493 ], [ 39.1812497, -6.7526488 ], [ 39.18105788613822, -6.752991759032738 ], [ 39.181049347000112, -6.753004549999844 ], [ 39.180788457606333, -6.753473491415508 ], [ 39.1807323, -6.7535739 ], [ 39.1811354, -6.7541635 ], [ 39.181199811089826, -6.754632502383267 ], [ 39.180484771000124, -6.755261420999943 ], [ 39.179706574000136, -6.755522727999903 ], [ 39.179706574000136, -6.755545122951415 ], [ 39.1796903, -6.7555506 ], [ 39.179675, -6.7570271 ], [ 39.179572149642617, -6.757541160792781 ], [ 39.178913117000093, -6.757997988999932 ], [ 39.178024293000078, -6.758275031999915 ], [ 39.17765045100009, -6.758431434999977 ], [ 39.17765295840281, -6.758452665173264 ], [ 39.1776339, -6.7584592 ], [ 39.1777061, -6.7590728 ], [ 39.177565067465707, -6.759730886714733 ], [ 39.177085877000081, -6.760176180999906 ], [ 39.176593781000065, -6.760765551999839 ], [ 39.176589561236739, -6.760776096178432 ], [ 39.176575, -6.7607935 ], [ 39.176201479546819, -6.761727398151248 ], [ 39.175640106000117, -6.761656282999979 ], [ 39.174907685000164, -6.7608256339999 ], [ 39.174648284999989, -6.760058880999964 ], [ 39.17458725, -6.760032176999971 ], [ 39.174316407000106, -6.759782312999903 ], [ 39.173950195000145, -6.759009361999915 ], [ 39.173549651000087, -6.758937835999973 ], [ 39.172695161000036, -6.759359835999874 ], [ 39.171855927000081, -6.759479045999967 ], [ 39.170547485000156, -6.759110450999913 ], [ 39.169887542000026, -6.758866309999974 ], [ 39.169944784559974, -6.758699053120636 ], [ 39.1702751, -6.7583175 ], [ 39.170279751809609, -6.758303902634141 ], [ 39.170291901000155, -6.758289812999976 ], [ 39.170448303000114, -6.757837771999959 ], [ 39.170490760088931, -6.757546585524687 ], [ 39.170525541825292, -6.757364864902106 ], [ 39.170578002000127, -6.757153986999981 ], [ 39.170246124000187, -6.756969450999975 ], [ 39.169544221000137, -6.756482122999898 ], [ 39.168968201000041, -6.755679130999965 ], [ 39.168437959000073, -6.755709171999968 ], [ 39.167789459000062, -6.756487845999914 ], [ 39.167282105000027, -6.756684302999929 ], [ 39.166526794000106, -6.756761550999897 ], [ 39.165817261000143, -6.756680487999972 ], [ 39.165142059000061, -6.756764888999953 ], [ 39.164733888000114, -6.757089613999881 ], [ 39.164735432566104, -6.757102781763072 ], [ 39.1647169, -6.7571175 ], [ 39.164753, -6.7574424 ], [ 39.164615605333353, -6.757643221104833 ], [ 39.163833618000069, -6.75758314199993 ], [ 39.163623810999979, -6.757520198999885 ], [ 39.16337585399998, -6.757706642999949 ], [ 39.163192748000142, -6.757390497999893 ], [ 39.163059234000116, -6.757260321999979 ], [ 39.162540435000096, -6.757072925999921 ], [ 39.162448883000138, -6.75697040599988 ], [ 39.162418365000121, -6.756965635999848 ], [ 39.16238403300008, -6.756960867999965 ], [ 39.162136079, -6.756989954999881 ], [ 39.161544801000105, -6.756873130999907 ], [ 39.161415100000113, -6.75670433099998 ], [ 39.161102295000092, -6.756572246999895 ], [ 39.160926819000167, -6.756082056999901 ], [ 39.160610200000121, -6.755121231999908 ], [ 39.160400390000177, -6.75449085199989 ], [ 39.160560607000036, -6.754117964999864 ], [ 39.160697936000133, -6.753874300999939 ], [ 39.160690308000028, -6.753809927999953 ], [ 39.160739898000031, -6.753600120999977 ], [ 39.160606384000175, -6.753455638999924 ], [ 39.160434724000027, -6.753462791999937 ], [ 39.160331727000084, -6.753401278999888 ], [ 39.159923553000112, -6.753489017999868 ], [ 39.159591675000172, -6.75364494299987 ], [ 39.159465789000024, -6.75364494299987 ], [ 39.159122467000088, -6.753727911999931 ], [ 39.158817291000048, -6.753912924999952 ], [ 39.158779144000164, -6.753969667999911 ], [ 39.158596038000098, -6.754254340999978 ], [ 39.158535003000111, -6.754362583999921 ], [ 39.158325194999975, -6.754588126999863 ], [ 39.157943725000052, -6.754558085999975 ], [ 39.157909393000068, -6.754534243999956 ], [ 39.157821656000181, -6.754439352999896 ], [ 39.157566070000144, -6.754093645999887 ], [ 39.157321930000194, -6.75378131899987 ], [ 39.157073974000127, -6.753713130999927 ], [ 39.15676879900019, -6.753854749999846 ], [ 39.156620025000109, -6.753962516999877 ], [ 39.156593324000141, -6.753981112999895 ], [ 39.156543732000102, -6.754066466999973 ], [ 39.156421661000081, -6.754122257999938 ], [ 39.156501770000034, -6.754145620999907 ], [ 39.156486511000082, -6.754176614999892 ], [ 39.156455993000066, -6.754498957999942 ], [ 39.156452180000031, -6.754541874999916 ], [ 39.156520843000123, -6.75479078199993 ], [ 39.156803131000174, -6.755058763999898 ], [ 39.156818390000126, -6.755390643999931 ], [ 39.156497955000134, -6.755805015999897 ], [ 39.156490326000153, -6.755834102999927 ], [ 39.156284332000155, -6.756024359999969 ], [ 39.156208038000045, -6.756054877999873 ], [ 39.155849457000159, -6.756195066999965 ], [ 39.15539932300004, -6.756326675999901 ], [ 39.154933929000094, -6.756556033999971 ], [ 39.154884339000034, -6.757048606999945 ], [ 39.154899597000053, -6.757169722999947 ], [ 39.154960632000041, -6.75767755399994 ], [ 39.15489578200004, -6.758218764999981 ], [ 39.154693603000055, -6.758564947999901 ], [ 39.154304504000152, -6.758720874999938 ], [ 39.154262542000026, -6.758687018999979 ], [ 39.154144287000122, -6.75854062999997 ], [ 39.153964996000127, -6.758155345999967 ], [ 39.153598785999975, -6.75776529299992 ], [ 39.153244019000056, -6.757755279999969 ], [ 39.152858734000063, -6.757857799999954 ], [ 39.152462005000189, -6.757936000999905 ], [ 39.152355193000062, -6.758140563999973 ], [ 39.151817322000056, -6.758301733999929 ], [ 39.151611328000058, -6.758282184999871 ], [ 39.151573181000174, -6.758278369999914 ], [ 39.151409149000131, -6.758262633999948 ], [ 39.151340485000105, -6.75824546799987 ], [ 39.150989532000096, -6.758155345999967 ], [ 39.15016937300004, -6.758077144999959 ], [ 39.150115968000136, -6.758092403999967 ], [ 39.149978637000061, -6.758130549999976 ], [ 39.14978790300006, -6.758183955999925 ], [ 39.149642943000174, -6.758204458999955 ], [ 39.149345397000047, -6.758275984999898 ], [ 39.149204255000086, -6.75853204699996 ], [ 39.149284364000096, -6.758838653999931 ], [ 39.149570465000011, -6.759012698999925 ], [ 39.149776459000179, -6.759227751999958 ], [ 39.14978790300006, -6.759626865999962 ], [ 39.149593353000171, -6.759739397999908 ], [ 39.149246215, -6.759851930999901 ], [ 39.148979187000123, -6.760159015999932 ], [ 39.148773193000125, -6.760374067999976 ], [ 39.14851760800002, -6.760537622999891 ], [ 39.148109436000027, -6.760588645999917 ], [ 39.147739411000032, -6.760528087999887 ], [ 39.147544860000039, -6.760496615999955 ], [ 39.146759033000137, -6.760128496999869 ], [ 39.146385193000071, -6.759907720999934 ], [ 39.145866394000052, -6.759601116999931 ], [ 39.145622253, -6.759677885999906 ], [ 39.145576478000066, -6.759857176999901 ], [ 39.14556884700005, -6.760076998999978 ], [ 39.145561219000115, -6.76045083899993 ], [ 39.145229339000025, -6.760665416999814 ], [ 39.145114899000134, -6.760778903999949 ], [ 39.145088195000085, -6.760803697999961 ], [ 39.144878387000119, -6.760936736999952 ], [ 39.144546509000179, -6.761044024999876 ], [ 39.144390107000049, -6.761076450999894 ], [ 39.144149781000067, -6.761126040999898 ], [ 39.144069672000057, -6.761132715999906 ], [ 39.143775941, -6.761156559999961 ], [ 39.143630982000047, -6.7611927989999 ], [ 39.143482207000034, -6.761264324999956 ], [ 39.143329620000145, -6.761335849999966 ], [ 39.143035889000089, -6.761668680999946 ], [ 39.1429328910001, -6.761722088999932 ], [ 39.142570495000143, -6.761909007999918 ], [ 39.142539978000173, -6.761924265999937 ], [ 39.142223358000081, -6.762507437999886 ], [ 39.142173768000077, -6.762584208999954 ], [ 39.142127991000109, -6.762660979999964 ], [ 39.141933442000095, -6.76291704199997 ], [ 39.141693116000113, -6.763101100999904 ], [ 39.141639709, -6.763154982999936 ], [ 39.14152908300008, -6.763269900999944 ], [ 39.141441346000022, -6.763183116999926 ], [ 39.141376496000191, -6.76302909799989 ], [ 39.141338349000137, -6.762942790999944 ], [ 39.14120102000004, -6.76276874499996 ], [ 39.140972137, -6.762804506999942 ], [ 39.140750884000113, -6.762901781999915 ], [ 39.140659332000155, -6.763142107999897 ], [ 39.140590667000083, -6.763484953999978 ], [ 39.140522003000115, -6.763628482999934 ], [ 39.140476226000146, -6.763669012999969 ], [ 39.140434264000191, -6.763710021999941 ], [ 39.14020919900014, -6.763797282999974 ], [ 39.139854432, -6.763884067999925 ], [ 39.139625549000186, -6.763926504999972 ], [ 39.139553070000147, -6.763940334999972 ], [ 39.139522552000074, -6.76394557999987 ], [ 39.139030456000057, -6.76380443599993 ], [ 39.138881684000182, -6.763779162999981 ], [ 39.138717651000036, -6.763791560999834 ], [ 39.138442993000183, -6.763875961999872 ], [ 39.138408662000131, -6.763891219999891 ], [ 39.138179779000097, -6.763997554999889 ], [ 39.137805939000089, -6.764262674999884 ], [ 39.137531281000065, -6.764422415999888 ], [ 39.137298585, -6.764451503999965 ], [ 39.137043000000119, -6.76443052299993 ], [ 39.136768340000117, -6.764384268999947 ], [ 39.136539459000062, -6.76444721199988 ], [ 39.136428834000071, -6.764552593999895 ], [ 39.135936736000019, -6.764581679999935 ], [ 39.135719299000073, -6.764603138999917 ], [ 39.135631562000185, -6.76461124399998 ], [ 39.135505676000093, -6.764624119999951 ], [ 39.135440826000035, -6.764803885999925 ], [ 39.135425567000141, -6.764846801999909 ], [ 39.135463713999968, -6.765157699999975 ], [ 39.13523864800004, -6.765375136999921 ], [ 39.135204314000191, -6.765386580999973 ], [ 39.134552001000145, -6.765058039999928 ], [ 39.134334563999971, -6.76494932199995 ], [ 39.134117126000149, -6.764840124999978 ], [ 39.134010316000172, -6.764692305999915 ], [ 39.133960724000133, -6.764466761999927 ], [ 39.133945465000068, -6.764252661999876 ], [ 39.133945465000068, -6.764153002999876 ], [ 39.133975982000152, -6.763920306999978 ], [ 39.13388443000008, -6.763683795999953 ], [ 39.133815766000055, -6.763443946999928 ], [ 39.133686066000166, -6.763196467999876 ], [ 39.133460998000032, -6.763033867999923 ], [ 39.133136750000176, -6.762864111999932 ], [ 39.132797241000048, -6.76275682499994 ], [ 39.132522583000082, -6.762664317999906 ], [ 39.132553100000052, -6.762542724999889 ], [ 39.132659912000179, -6.762380121999911 ], [ 39.132808685000157, -6.762299060999965 ], [ 39.132907866999972, -6.762132644999951 ], [ 39.132926940000061, -6.761988638999981 ], [ 39.132984159999978, -6.761804102999974 ], [ 39.132995606000065, -6.761504650999882 ], [ 39.132995606000065, -6.761253833999888 ], [ 39.132984159999978, -6.761068820999981 ], [ 39.132938385000045, -6.760921000999929 ], [ 39.132911682000042, -6.760721683999918 ], [ 39.132877350000058, -6.760463236999954 ], [ 39.132839203000174, -6.760319232999962 ], [ 39.132801056000119, -6.760071753999966 ], [ 39.132793426000035, -6.759872436999899 ], [ 39.13275527900015, -6.759687422999889 ], [ 39.132728576000147, -6.759499071999926 ], [ 39.132747649000066, -6.759281158999954 ], [ 39.132640839000089, -6.758952140999895 ], [ 39.132637024000076, -6.758840560999886 ], [ 39.132587434000015, -6.75860261999992 ], [ 39.13256454499998, -6.758369445999904 ], [ 39.13261032000014, -6.75827312499996 ], [ 39.132663727000022, -6.758070467999971 ], [ 39.13262558100007, -6.757883070999981 ], [ 39.132591247000107, -6.757695674999923 ], [ 39.132339477000016, -6.757275104999962 ], [ 39.132102966000105, -6.757067202999963 ], [ 39.132034301000033, -6.756893157999968 ], [ 39.132019043000184, -6.756859778999967 ], [ 39.131885529000158, -6.756347656999935 ], [ 39.131855009999981, -6.756174086999977 ], [ 39.131847382000103, -6.756136893999951 ], [ 39.131805420000148, -6.755922316999943 ], [ 39.131690979000041, -6.755673884999965 ], [ 39.13157272400008, -6.755461214999968 ], [ 39.131469727000194, -6.755309105999913 ], [ 39.131637572000159, -6.755081176999965 ], [ 39.13175964300018, -6.754726885999958 ], [ 39.131809235000048, -6.754260538999915 ], [ 39.131851197000117, -6.753901004999932 ], [ 39.131847382000103, -6.753505705999942 ], [ 39.131816863000154, -6.753191470999923 ], [ 39.131744385000161, -6.752938269999959 ], [ 39.131645202000072, -6.752689837999981 ], [ 39.131599425000104, -6.752507686999934 ], [ 39.13160324100005, -6.752274512999918 ], [ 39.131591797000169, -6.752158164999969 ], [ 39.13140487600009, -6.75199079499987 ], [ 39.131290436000029, -6.751734732999921 ], [ 39.131278993000024, -6.751707076999935 ], [ 39.129878997000048, -6.75233030399994 ], [ 39.129726410000103, -6.752152919999901 ], [ 39.129268646000071, -6.751970766999932 ], [ 39.129127502000131, -6.751892089999899 ], [ 39.128967285000101, -6.751773834999881 ], [ 39.127876281000056, -6.751197814999898 ], [ 39.127532960000167, -6.750498294999943 ], [ 39.127445221000073, -6.75026130699996 ], [ 39.127285003000168, -6.749814032999893 ], [ 39.127136231000122, -6.749356268999975 ], [ 39.127048492000029, -6.748563289999879 ], [ 39.126960755000141, -6.748085974999924 ], [ 39.126827239000136, -6.747632980999924 ], [ 39.126926421000178, -6.747238634999974 ], [ 39.126995087000125, -6.746850013999961 ], [ 39.126979829000106, -6.746421336999958 ], [ 39.126964568, -6.74594402199989 ], [ 39.126930237000124, -6.745358943999975 ], [ 39.126930237000124, -6.745305536999979 ], [ 39.124259949000134, -6.744276523999929 ], [ 39.123523712000065, -6.744200229999933 ], [ 39.123012543000129, -6.744287491999955 ], [ 39.122650146000069, -6.744134424999913 ], [ 39.12213516200012, -6.744057655999939 ], [ 39.121936798000036, -6.743947982999941 ], [ 39.121696471000121, -6.743794918999981 ], [ 39.121013642000037, -6.743511675999969 ], [ 39.120578766000108, -6.743241787999978 ], [ 39.119956970000032, -6.743011474999889 ], [ 39.119564056000172, -6.743040083999972 ], [ 39.119308472000171, -6.743059158999927 ], [ 39.118537903000117, -6.74318647299998 ], [ 39.118354797000052, -6.74322175899988 ], [ 39.117847443000187, -6.743321418999869 ], [ 39.117137910000167, -6.743321418999869 ], [ 39.116592407000098, -6.74313068299989 ], [ 39.115901947000168, -6.74274158399993 ], [ 39.115600585999971, -6.74238443299987 ], [ 39.115139007000096, -6.742002964999926 ], [ 39.114448547000165, -6.741828441999871 ], [ 39.11429977500012, -6.741832731999978 ], [ 39.113613128000054, -6.741852282999901 ], [ 39.113105774000132, -6.741876125999909 ], [ 39.112392425, -6.742063044999952 ], [ 39.111942292000151, -6.742063044999952 ], [ 39.111171723000098, -6.742034435999869 ], [ 39.110691071000133, -6.742034435999869 ], [ 39.110095978000174, -6.742043971999976 ], [ 39.109577178000052, -6.742130277999934 ], [ 39.109039306000113, -6.742168902999936 ], [ 39.108657838, -6.742236137999953 ], [ 39.108070372999975, -6.742255210999929 ], [ 39.107620239000028, -6.742053508999959 ], [ 39.107360840000183, -6.741957664999916 ], [ 39.10687255900018, -6.741880893999962 ], [ 39.106533051000156, -6.741794109999887 ], [ 39.106006623000098, -6.741582392999874 ], [ 39.105930328000113, -6.74142312999993 ], [ 39.105781555000135, -6.741112707999832 ], [ 39.105861664000145, -6.740742205999879 ], [ 39.105979920000152, -6.740633962999937 ], [ 39.106319428000177, -6.740257262999933 ], [ 39.106353760000161, -6.740191936999963 ], [ 39.106388092000145, -6.740181921999977 ], [ 39.107498169000053, -6.739242552999883 ], [ 39.10755920400004, -6.739201068999932 ], [ 39.107666016, -6.73908853599994 ], [ 39.108020783000143, -6.738733291999949 ], [ 39.108264924000025, -6.73847103199995 ], [ 39.108345031000169, -6.738398550999875 ], [ 39.108463286000074, -6.738113402999886 ], [ 39.10862731900005, -6.737932681999951 ], [ 39.108688354000037, -6.737827300999868 ], [ 39.108718872999987, -6.737781046999942 ], [ 39.108715058000143, -6.737707137999962 ], [ 39.108669281000175, -6.737460136999971 ], [ 39.108730316000162, -6.737151621999828 ], [ 39.108837128000118, -6.73697090099995 ], [ 39.108852387000013, -6.736924648999945 ], [ 39.108909607000157, -6.736703871999907 ], [ 39.109092713000052, -6.736541748999969 ], [ 39.109283447000166, -6.73621034599995 ], [ 39.109252930000025, -6.735963343999913 ], [ 39.109115601000155, -6.735808848999909 ], [ 39.109008789000029, -6.735661506999975 ], [ 39.109039306000113, -6.735523223999905 ], [ 39.10915374800004, -6.734921454999949 ], [ 39.10915374800004, -6.734543322999912 ], [ 39.109306336000031, -6.734157561999893 ], [ 39.10948181100008, -6.733957289999921 ], [ 39.109580994, -6.73366022099998 ], [ 39.109691619000046, -6.733471869999903 ], [ 39.109905244, -6.733163832999935 ], [ 39.11016845600011, -6.732900142999938 ], [ 39.11041641300011, -6.732724189999942 ], [ 39.11054611100019, -6.732636450999962 ], [ 39.110630035000042, -6.732529640999928 ], [ 39.111003875000051, -6.732280253999932 ], [ 39.111042022000106, -6.732253550999928 ], [ 39.110992432000103, -6.7317509639999 ], [ 39.110954285000048, -6.731455802999903 ], [ 39.11091232300015, -6.731216906999862 ], [ 39.110961913000153, -6.731062411999972 ], [ 39.110950469999977, -6.730993746999957 ], [ 39.110927582000045, -6.730661867999856 ], [ 39.110877992000042, -6.73046779699996 ], [ 39.110836030000144, -6.730388164999965 ], [ 39.110820768999986, -6.730235575999927 ], [ 39.110797883000089, -6.730144976999895 ], [ 39.110782623000034, -6.73008346599994 ], [ 39.110664367000027, -6.729728221999949 ], [ 39.110641480000027, -6.72904920499991 ], [ 39.110698701000047, -6.728547571999968 ], [ 39.110973359000184, -6.728339194999876 ], [ 39.111198425000168, -6.727876184999957 ], [ 39.111354829000163, -6.727498054999899 ], [ 39.11140823400001, -6.726819037999974 ], [ 39.111373902000025, -6.726788043999875 ], [ 39.111068725999985, -6.726514815999906 ], [ 39.110595703000058, -6.726363658999958 ], [ 39.110427856000115, -6.726147651999895 ], [ 39.11008834800009, -6.72583913699998 ], [ 39.110012054000151, -6.72529125199992 ], [ 39.109970092000083, -6.724835872999904 ], [ 39.110042572, -6.724071978999859 ], [ 39.110443116000113, -6.723092078999969 ], [ 39.110595703000058, -6.722613810999974 ], [ 39.110836030000144, -6.722003936999897 ], [ 39.11093902500005, -6.721200464999924 ], [ 39.110958100000119, -6.720925331999979 ], [ 39.110977174000084, -6.720680712999922 ], [ 39.111000060000038, -6.720160960999976 ], [ 39.11105346700009, -6.719703196999944 ], [ 39.111347199000022, -6.71941232599994 ], [ 39.112163544000168, -6.718523024999911 ], [ 39.112754822000056, -6.717422007999971 ], [ 39.11302948000008, -6.717104910999979 ], [ 39.113132477000136, -6.716772554999864 ], [ 39.113929750000125, -6.716233251999938 ], [ 39.114418030000024, -6.715532778999943 ], [ 39.114830017000088, -6.71530675899993 ], [ 39.114887237, -6.715280532999941 ], [ 39.115489960000048, -6.713220118999914 ], [ 39.115402221000181, -6.712893485999871 ], [ 39.11550903400007, -6.712626932999967 ], [ 39.115783692000036, -6.712344644999973 ], [ 39.115932464000082, -6.712168216999942 ], [ 39.115924835999976, -6.712110995999979 ], [ 39.11583709700011, -6.711776255999894 ], [ 39.115844727000194, -6.711424349999902 ], [ 39.115844727000194, -6.711045263999893 ], [ 39.115943909000066, -6.710684299999969 ], [ 39.115993499000069, -6.71038913599989 ], [ 39.115993499000069, -6.71031045999996 ], [ 39.116065980000144, -6.71015500999988 ], [ 39.116180419999978, -6.709907055999963 ], [ 39.11619949400017, -6.709834097999874 ], [ 39.116210937000119, -6.709797857999888 ], [ 39.116218567000033, -6.709761618999948 ], [ 39.1161956790001, -6.709596155999918 ], [ 39.116184235000048, -6.709551333999855 ], [ 39.116146088000164, -6.709512709999956 ], [ 39.116092681000111, -6.709362982999892 ], [ 39.116153717000032, -6.709257602999969 ], [ 39.116390228000114, -6.709433555999965 ], [ 39.116531372000111, -6.709143161999918 ], [ 39.116611480000131, -6.708773134999944 ], [ 39.116798402000143, -6.708667277999893 ], [ 39.117080688000044, -6.708544253999946 ], [ 39.117244720000144, -6.708420753999917 ], [ 39.117462158000194, -6.708435534999978 ], [ 39.117584229000045, -6.708369253999933 ], [ 39.117630005000137, -6.708385466999914 ], [ 39.117938995000088, -6.708248137999931 ], [ 39.118022919000111, -6.708203315999981 ], [ 39.118152618000124, -6.708121299999902 ], [ 39.118461609000178, -6.707910059999961 ], [ 39.118709564000028, -6.707768917999886 ], [ 39.118865966000158, -6.707643984999947 ], [ 39.118885040000123, -6.707623958999875 ], [ 39.11883926500019, -6.707417010999905 ], [ 39.118877411000142, -6.707240580999951 ], [ 39.118965148000029, -6.707263946999944 ], [ 39.11898040900013, -6.707239150999953 ], [ 39.119270325000116, -6.707150458999877 ], [ 39.119449616000111, -6.706989288999978 ], [ 39.11946487400013, -6.70677137399997 ], [ 39.119392396000194, -6.706523416999971 ], [ 39.119728088999977, -6.706463813999903 ], [ 39.119850159000123, -6.706608770999935 ], [ 39.119850371163359, -6.70660907116887 ], [ 39.1198468, -6.7066165 ] ] ] ] } },
{ "type": "Feature", "properties": { "GID_3": "TZA.2.2.5_1", "GID_0": "TZA", "COUNTRY": "Tanzania", "GID_1": "TZA.2_1", "NAME_1": "Dar es Salaam", "NL_NAME_1": "NA", "GID_2": "TZA.2.2_1", "NAME_2": "Kinondoni", "NL_NAME_2": "NA", "NAME_3": "Kibamba", "VARNAME_3": "NA", "NL_NAME_3": "NA", "TYPE_3": "Wodi", "ENGTYPE_3": "Ward", "CC_3": "132", "HASC_3": "NA", "Area_km²": 19.699, "pop_densit": 2192.548, "population": 43191 }, "geometry": { "type": "MultiPolygon", "coordinates": [ [ [ [ 39.053333464899566, -6.790065846536353 ], [ 39.053218842000035, -6.790062903999967 ], [ 39.053129644539922, -6.790063190584863 ], [ 39.052915583217526, -6.790060401184975 ], [ 39.052463532000104, -6.790050983999947 ], [ 39.052024841000105, -6.790046215999951 ], [ 39.051906753293821, -6.790047255278727 ], [ 39.049654, -6.7900179 ], [ 39.0483537, -6.7901247 ], [ 39.047781348404101, -6.790323804682674 ], [ 39.047534943000073, -6.790396212999951 ], [ 39.046878815000127, -6.790629385999978 ], [ 39.046436310000047, -6.79078006799989 ], [ 39.046142578000058, -6.790877819999821 ], [ 39.0460510260001, -6.790907858999901 ], [ 39.045791018825561, -6.790978278110852 ], [ 39.0449441, -6.7911464 ], [ 39.043925234487212, -6.791143259192504 ], [ 39.043766022000057, -6.791129111999908 ], [ 39.043468475000054, -6.791129111999908 ], [ 39.043014527000139, -6.791107177999947 ], [ 39.04258346600011, -6.791095732999906 ], [ 39.042015075000052, -6.791103839999948 ], [ 39.041797637000172, -6.791107177999947 ], [ 39.041358947000106, -6.791140556999949 ], [ 39.041049957000155, -6.791193961999966 ], [ 39.040832520000151, -6.791231153999945 ], [ 39.040782929000045, -6.791236399999889 ], [ 39.040546416000097, -6.791264532999946 ], [ 39.040336609000065, -6.791305064999904 ], [ 39.039932250000106, -6.791376112999899 ], [ 39.039493562000075, -6.791453836999949 ], [ 39.03894688558956, -6.791545126702388 ], [ 39.038217470089002, -6.791654727905845 ], [ 39.037689210000167, -6.791719913999941 ], [ 39.036777497000116, -6.79180431299983 ], [ 39.036479234610759, -6.791825061959791 ], [ 39.0353868423216, -6.791885797837605 ], [ 39.034873963000166, -6.791890144999911 ], [ 39.033897400000114, -6.791898727999978 ], [ 39.032833100000175, -6.791849612999954 ], [ 39.032136993823457, -6.79181757006407 ], [ 39.023858148541983, -6.791297638465006 ], [ 39.023335125007165, -6.791225748443167 ], [ 39.022308249515717, -6.790978917424794 ], [ 39.021781922000059, -6.790833949999922 ], [ 39.021690368000122, -6.790808676999973 ], [ 39.020984649000127, -6.790616512999975 ], [ 39.020515442000089, -6.790503024999964 ], [ 39.020290374000126, -6.79045057299993 ], [ 39.020057678000057, -6.790411947999928 ], [ 39.019763947000172, -6.790388106999956 ], [ 39.019390107000163, -6.790380476999871 ], [ 39.019271851000155, -6.790381431999947 ], [ 39.019191743000079, -6.790381908999905 ], [ 39.018989563000048, -6.790382861999888 ], [ 39.018926828245341, -6.790389936643889 ], [ 39.018106181478039, -6.790458076989188 ], [ 39.018074036000087, -6.790459154999894 ], [ 39.018039367125752, -6.790464226423269 ], [ 39.0141263, -6.7908517 ], [ 39.013771952423177, -6.790886800589706 ], [ 39.013637543000073, -6.79089784599995 ], [ 39.013469697000062, -6.790908335999859 ], [ 39.013267518000077, -6.790923594999981 ], [ 39.01297759900018, -6.790961741999922 ], [ 39.012798309000061, -6.790979384999957 ], [ 39.012744903000112, -6.790984629999969 ], [ 39.012538909000114, -6.791005133999874 ], [ 39.012508391999972, -6.791007995999905 ], [ 39.012424468000177, -6.791016101999958 ], [ 39.012277399157256, -6.79103484647576 ], [ 39.011536051607955, -6.791108282101851 ], [ 39.011386872000116, -6.791121005999969 ], [ 39.011348725000062, -6.791123388999949 ], [ 39.010654450000061, -6.791164397999978 ], [ 39.010250091000103, -6.791198252999948 ], [ 39.010120393000193, -6.791209220999974 ], [ 39.00984573300002, -6.791232108999907 ], [ 39.009227753000062, -6.791213987999924 ], [ 39.008713947309609, -6.791158325650296 ], [ 39.007182888980104, -6.790587242369821 ], [ 39.007160187000068, -6.790577887999973 ], [ 39.0071792600001, -6.790538310999978 ], [ 39.00720977900005, -6.790472983999962 ], [ 39.007270812000058, -6.790294169999925 ], [ 39.007299337993608, -6.790210486959816 ], [ 39.0073672, -6.7901661 ], [ 39.0076989, -6.7900041 ], [ 39.00773, -6.7899404 ], [ 39.0077135, -6.7898658 ], [ 39.0077209, -6.7897439 ], [ 39.0077758, -6.789662 ], [ 39.007785, -6.7895601 ], [ 39.0076401, -6.7893411 ], [ 39.0075238, -6.7892128 ], [ 39.007499695000092, -6.789146210393593 ], [ 39.007499695000092, -6.789121627999975 ], [ 39.007572174000131, -6.788948534999975 ], [ 39.007594820323952, -6.788929512353915 ], [ 39.0076879, -6.7889178 ], [ 39.0078198, -6.7889232 ], [ 39.0080049, -6.7890961 ], [ 39.0080837, -6.7891198 ], [ 39.0082523, -6.7890834 ], [ 39.0084667, -6.7889214 ], [ 39.0084887, -6.7887613 ], [ 39.0085363, -6.7886758 ], [ 39.0086701, -6.7886357 ], [ 39.0087141, -6.7885757 ], [ 39.0087287, -6.7884356 ], [ 39.0088167, -6.7883373 ], [ 39.0090091, -6.78827 ], [ 39.0093829, -6.7881372 ], [ 39.009386745663086, -6.788133658341902 ], [ 39.009418487000062, -6.788127898999903 ], [ 39.009555816000102, -6.787998199999947 ], [ 39.009582520000038, -6.787920950999933 ], [ 39.009609222000108, -6.787843702999965 ], [ 39.009608988311832, -6.787837325233713 ], [ 39.0096615, -6.787715 ], [ 39.0096688, -6.7876022 ], [ 39.0096193, -6.7873893 ], [ 39.0097091, -6.7871764 ], [ 39.0097256, -6.7870727 ], [ 39.0096761, -6.7869471 ], [ 39.0096468, -6.7867378 ], [ 39.00961, -6.7865539 ], [ 39.0097088, -6.7863996 ], [ 39.0097582, -6.7861589 ], [ 39.0098446, -6.7859058 ], [ 39.0099303, -6.7856269 ], [ 39.0099433, -6.7855848 ], [ 39.0100297, -6.7853441 ], [ 39.0100915, -6.7849676 ], [ 39.0100915, -6.7847146 ], [ 39.0100957, -6.7843401 ], [ 39.0101245, -6.784262 ], [ 39.0101635, -6.7841819 ], [ 39.0102498, -6.7841531 ], [ 39.0104163, -6.7842189 ], [ 39.0105539, -6.7842415 ], [ 39.0105909, -6.7842004 ], [ 39.0106074, -6.7841593 ], [ 39.0106135, -6.7840935 ], [ 39.0105994, -6.7839705 ], [ 39.010563323261835, -6.783931556699311 ], [ 39.010562896000124, -6.783926963999875 ], [ 39.010546634550636, -6.783909976334596 ], [ 39.0105334, -6.7838552 ], [ 39.0105375, -6.783699 ], [ 39.0105827, -6.7836065 ], [ 39.010706, -6.7835922 ], [ 39.0108498, -6.7835942 ], [ 39.0110512, -6.7835963 ], [ 39.0112752, -6.7836435 ], [ 39.0113964, -6.7836517 ], [ 39.0115773, -6.7836743 ], [ 39.0117827, -6.7837442 ], [ 39.0119077, -6.7836802 ], [ 39.0119598, -6.7836202 ], [ 39.0119964, -6.7835387 ], [ 39.012054, -6.783455 ], [ 39.0121333, -6.7834144 ], [ 39.01222, -6.7833605 ], [ 39.0122712, -6.7833201 ], [ 39.0123223, -6.7833009 ], [ 39.012351489425448, -6.783265384349266 ], [ 39.012363433000189, -6.783258914999919 ], [ 39.01238394855632, -6.783225063973727 ], [ 39.0124171, -6.7831817 ], [ 39.0124351, -6.783119 ], [ 39.0123787, -6.7829655 ], [ 39.0123144, -6.7828935 ], [ 39.0122419, -6.7828296 ], [ 39.0121033, -6.7827396 ], [ 39.0120077, -6.7827215 ], [ 39.011945, -6.7827198 ], [ 39.011921606448652, -6.782717797127453 ], [ 39.011920930000031, -6.782717227999967 ], [ 39.011914959039615, -6.782717227999967 ], [ 39.0118866, -6.7827148 ], [ 39.0117829, -6.7826914 ], [ 39.0116716, -6.7825976 ], [ 39.0116006, -6.782477 ], [ 39.0115955, -6.7824616 ], [ 39.0115226, -6.7822429 ], [ 39.0115297, -6.7820478 ], [ 39.0115013, -6.781906 ], [ 39.0114942, -6.781718 ], [ 39.0116077, -6.7815123 ], [ 39.0116538, -6.7813669 ], [ 39.011707, -6.7812321 ], [ 39.0116964, -6.78103 ], [ 39.0116326, -6.7808349 ], [ 39.01159, -6.7806895 ], [ 39.0115423, -6.7805277 ], [ 39.01150827597349, -6.78049531662689 ], [ 39.011505128000124, -6.780484199999933 ], [ 39.01141738900003, -6.780401228999949 ], [ 39.011280060000161, -6.780394075999936 ], [ 39.011180878000118, -6.780465124999978 ], [ 39.01105499199997, -6.780546665999964 ], [ 39.010932923000098, -6.780617713999902 ], [ 39.010772706000068, -6.780667303999905 ], [ 39.010623932000044, -6.780688762999944 ], [ 39.010486603000118, -6.780713558999935 ], [ 39.010295868000071, -6.780716895999944 ], [ 39.010116578000179, -6.780734539999969 ], [ 39.010028839000086, -6.780740259999902 ], [ 39.009941102000028, -6.78074550499997 ], [ 39.009773254000152, -6.780754565999928 ], [ 39.009685517000094, -6.780759333999981 ], [ 39.009643555000025, -6.780741214999978 ], [ 39.009567262000189, -6.780706405999979 ], [ 39.009449004000146, -6.780653475999941 ], [ 39.009502411000028, -6.780720233999944 ], [ 39.009544373000153, -6.780882833999897 ], [ 39.009552001000088, -6.780911922999906 ], [ 39.009540558000083, -6.781174659999976 ], [ 39.009468080000147, -6.781306266999934 ], [ 39.009449004000146, -6.781336307999936 ], [ 39.009395599000072, -6.781377314999872 ], [ 39.009300232000101, -6.781447410999874 ], [ 39.008914947000108, -6.781338690999974 ], [ 39.008823394999979, -6.781276702999889 ], [ 39.008512814225163, -6.781067863283215 ], [ 39.0082758, -6.7806221 ], [ 39.0080435, -6.7798747 ], [ 39.0079472, -6.7792814 ], [ 39.0079223, -6.7791273 ], [ 39.0081748, -6.7788041 ], [ 39.0082632, -6.7786715 ], [ 39.0083566, -6.7785314 ], [ 39.008512, -6.778368 ], [ 39.008858, -6.7780643 ], [ 39.009024, -6.7779266 ], [ 39.0092818, -6.7777147 ], [ 39.0095325, -6.7774816 ], [ 39.0096914, -6.7772627 ], [ 39.0098609, -6.7770756 ], [ 39.0100304, -6.7768884 ], [ 39.0102882, -6.7767048 ], [ 39.0105672, -6.7765106 ], [ 39.010892, -6.7762528 ], [ 39.0109487, -6.7762176 ], [ 39.0111428, -6.7760974 ], [ 39.0112699, -6.7760056 ], [ 39.0114676, -6.7759244 ], [ 39.0115785, -6.7758874 ], [ 39.0116496, -6.7758632 ], [ 39.0117045, -6.7758624 ], [ 39.0118208, -6.7758891 ], [ 39.0122163, -6.7760797 ], [ 39.0124352, -6.7761786 ], [ 39.01258, -6.7762492 ], [ 39.0126603, -6.7762748 ], [ 39.0128024, -6.7763199 ], [ 39.0132297, -6.7764187 ], [ 39.0134734, -6.7763905 ], [ 39.0135794, -6.7763689 ], [ 39.0136782, -6.7763481 ], [ 39.0138442, -6.7763234 ], [ 39.0141125, -6.7762775 ], [ 39.0143456, -6.7762846 ], [ 39.0146549, -6.7763436 ], [ 39.0146599, -6.7763446 ], [ 39.0146736, -6.7763448 ], [ 39.0148753, -6.7763481 ], [ 39.0150519, -6.7763552 ], [ 39.0151825, -6.776394 ], [ 39.0153979, -6.7764046 ], [ 39.0155957, -6.7763622 ], [ 39.0156605, -6.7763406 ], [ 39.0157758, -6.7763022 ], [ 39.0159402, -6.7762558 ], [ 39.0161748, -6.7761998 ], [ 39.0162843, -6.7761927 ], [ 39.0164184, -6.7762104 ], [ 39.016603939378442, -6.776313434190755 ], [ 39.016674042000034, -6.776400088999878 ], [ 39.016682279123707, -6.776407143793445 ], [ 39.0167115, -6.7764435 ], [ 39.0167746, -6.7764978 ], [ 39.0168139, -6.7765317 ], [ 39.0169497, -6.7766415 ], [ 39.0169799, -6.7766659 ], [ 39.0170092, -6.7766919 ], [ 39.0170159, -6.7766978 ], [ 39.0170765, -6.7767515 ], [ 39.0171353, -6.7768037 ], [ 39.0172942, -6.7768778 ], [ 39.0174849, -6.7769308 ], [ 39.0175919, -6.7769363 ], [ 39.0176226, -6.7769378 ], [ 39.0176596, -6.776936 ], [ 39.0177674, -6.7769308 ], [ 39.0179581, -6.7768708 ], [ 39.0181382, -6.7767648 ], [ 39.0181407, -6.7767529 ], [ 39.0181664, -6.7766342 ], [ 39.0181545, -6.7764931 ], [ 39.0181382, -6.7762987 ], [ 39.0181099, -6.7760762 ], [ 39.0180963, -6.7760107 ], [ 39.0180923, -6.7759915 ], [ 39.0180919, -6.7759633 ], [ 39.0180887, -6.7757337 ], [ 39.0181346, -6.7755854 ], [ 39.0183041, -6.7755253 ], [ 39.0185654, -6.7755854 ], [ 39.018689, -6.7756489 ], [ 39.0188585, -6.7757054 ], [ 39.0189927, -6.7757266 ], [ 39.0192929, -6.7757549 ], [ 39.0193882, -6.7757443 ], [ 39.0194836, -6.7757337 ], [ 39.0196813, -6.7755924 ], [ 39.0196871, -6.7755889 ], [ 39.0198148, -6.7755115 ], [ 39.0198967, -6.7754618 ], [ 39.0199779, -6.7753629 ], [ 39.0200239, -6.7752393 ], [ 39.0200305, -6.7751898 ], [ 39.020038, -6.7751334 ], [ 39.0200062, -6.7749568 ], [ 39.0199568, -6.7746284 ], [ 39.019921811878788, -6.77459446064845 ], [ 39.019920349000131, -6.774584768999887 ], [ 39.019826399541742, -6.774495223398327 ], [ 39.0196884, -6.7742718 ], [ 39.0196823, -6.7742483 ], [ 39.0196679, -6.774193 ], [ 39.019646, -6.7741093 ], [ 39.0196955, -6.7739928 ], [ 39.019819, -6.773901 ], [ 39.0199674, -6.7738657 ], [ 39.0201192, -6.7739186 ], [ 39.020211, -6.7740104 ], [ 39.0202509, -6.774052 ], [ 39.020377, -6.7741835 ], [ 39.0204829, -6.7743071 ], [ 39.0206418, -6.7743918 ], [ 39.0206577, -6.774398 ], [ 39.0206736, -6.7744042 ], [ 39.0207396, -6.7744132 ], [ 39.0209032, -6.7744355 ], [ 39.0210932, -6.7743293 ], [ 39.0211824, -6.7742779 ], [ 39.0212982, -6.7741359 ], [ 39.0213565, -6.7740592 ], [ 39.0215644, -6.7739443 ], [ 39.0215794, -6.773936 ], [ 39.0216814, -6.7738796 ], [ 39.0218524, -6.7736573 ], [ 39.0218933, -6.7735551 ], [ 39.0219333, -6.7734551 ], [ 39.0219551, -6.7734007 ], [ 39.0222971, -6.7731955 ], [ 39.0227409, -6.7732385 ], [ 39.0228273, -6.7732468 ], [ 39.0232463, -6.7730758 ], [ 39.0232584, -6.7730577 ], [ 39.0233489, -6.7729219 ], [ 39.0234858, -6.7726397 ], [ 39.0237423, -6.7724943 ], [ 39.0238057, -6.772477 ], [ 39.0240587, -6.7724515 ], [ 39.0242349, -6.7723844 ], [ 39.0245974, -6.7722463 ], [ 39.0250079, -6.7722121 ], [ 39.0253414, -6.7719727 ], [ 39.0254087, -6.771737 ], [ 39.0254782, -6.7714938 ], [ 39.0255202, -6.7714498 ], [ 39.0256578, -6.7713057 ], [ 39.025879, -6.77115 ], [ 39.0258887, -6.7711432 ], [ 39.0258994, -6.7711429 ], [ 39.0259442, -6.7711418 ], [ 39.0260782, -6.7711384 ], [ 39.0262308, -6.7711346 ], [ 39.0264959, -6.7712373 ], [ 39.0267438, -6.7713057 ], [ 39.0268175, -6.7713575 ], [ 39.0269747, -6.7714681 ], [ 39.0271055, -6.7715307 ], [ 39.0271714, -6.7715622 ], [ 39.0273852, -6.7715109 ], [ 39.0274971, -6.7713442 ], [ 39.0274707, -6.7710748 ], [ 39.0274237, -6.7709465 ], [ 39.0273767, -6.7708182 ], [ 39.0273463, -6.7707838 ], [ 39.027341261179636, -6.770778081008296 ], [ 39.027339935000157, -6.770774364999909 ], [ 39.027309418000186, -6.770740031999935 ], [ 39.027237320145623, -6.770659543899181 ], [ 39.0272115, -6.7704474 ], [ 39.0272056, -6.7703992 ], [ 39.027173379001738, -6.770387923395431 ], [ 39.027168274000076, -6.770355700999914 ], [ 39.026927948000093, -6.770271776999891 ], [ 39.026839181018936, -6.770240955861652 ], [ 39.0267578, -6.7701125 ], [ 39.0267546, -6.7701075 ], [ 39.0267011, -6.770023 ], [ 39.0267519, -6.7699614 ], [ 39.0269374, -6.7696915 ], [ 39.027026, -6.7696296 ], [ 39.0272056, -6.7695013 ], [ 39.0274964, -6.7693816 ], [ 39.0279239, -6.7692362 ], [ 39.0281634, -6.7688343 ], [ 39.0282897, -6.7683722 ], [ 39.0282917, -6.7680818 ], [ 39.0281719, -6.7678424 ], [ 39.0280864, -6.7675944 ], [ 39.0279325, -6.7671839 ], [ 39.0278641, -6.7668931 ], [ 39.027832472683556, -6.766867515211763 ], [ 39.027828217000035, -6.766849516999969 ], [ 39.027574930786813, -6.766645390072897 ], [ 39.0275562, -6.7662945 ], [ 39.0274622, -6.7658926 ], [ 39.0275648, -6.7656617 ], [ 39.0277529, -6.7654907 ], [ 39.0279411, -6.7653026 ], [ 39.028230786929349, -6.765349568835257 ], [ 39.028263093000135, -6.765480994999905 ], [ 39.028228759000115, -6.765711782999972 ], [ 39.02819442700013, -6.765925882999966 ], [ 39.028236389000085, -6.766088485999887 ], [ 39.028262749455237, -6.766087106693364 ], [ 39.0282746, -6.7661321 ], [ 39.028437, -6.7661235 ], [ 39.028591, -6.7659696 ], [ 39.0287876, -6.7657473 ], [ 39.029070781516417, -6.765771521339192 ], [ 39.029193879000047, -6.766011236999816 ], [ 39.029289246000019, -6.766267776999882 ], [ 39.029426575000116, -6.766489981999882 ], [ 39.029437175592385, -6.766491710337617 ], [ 39.0294632, -6.766534 ], [ 39.0297283, -6.7665767 ], [ 39.0300019, -6.7661406 ], [ 39.030181264451151, -6.765790459818632 ], [ 39.03038787800017, -6.76603460299998 ], [ 39.030390000028909, -6.766036122169973 ], [ 39.0304259, -6.7660785 ], [ 39.0306765, -6.7662586 ], [ 39.0310211, -6.7662821 ], [ 39.0312403, -6.7658279 ], [ 39.0311941, -6.7655045 ], [ 39.031163174596728, -6.765493935565774 ], [ 39.031158446000177, -6.765460490999885 ], [ 39.031024933000026, -6.765415191999978 ], [ 39.030792236000082, -6.765230655999972 ], [ 39.030670166000107, -6.765203476999943 ], [ 39.030448913000157, -6.765056609999874 ], [ 39.030208587000175, -6.764877796999826 ], [ 39.030117035000046, -6.764807223999924 ], [ 39.029919905716028, -6.764643360567892 ], [ 39.0298718, -6.7645087 ], [ 39.0297849, -6.764324 ], [ 39.0297578, -6.7640796 ], [ 39.0297252, -6.7637375 ], [ 39.029861, -6.7635582 ], [ 39.0299805, -6.7635745 ], [ 39.0302086, -6.7635582 ], [ 39.0303009, -6.7634333 ], [ 39.0304204, -6.7633138 ], [ 39.0304964, -6.7631455 ], [ 39.0306159, -6.7629663 ], [ 39.0307245, -6.7626947 ], [ 39.0307788, -6.7623906 ], [ 39.0307354, -6.762081 ], [ 39.0307191, -6.7618909 ], [ 39.0305833, -6.7616574 ], [ 39.030550273194578, -6.761617180807802 ], [ 39.030548095000029, -6.761613368999974 ], [ 39.030422211000086, -6.761461256999951 ], [ 39.030281950832681, -6.761317949870516 ], [ 39.030214, -6.7611089 ], [ 39.0301434, -6.7608699 ], [ 39.0302303, -6.760745 ], [ 39.0303303, -6.7606148 ], [ 39.030338022284866, -6.760602488243516 ], [ 39.030368804000034, -6.760581492999961 ], [ 39.030365210084284, -6.760559142320402 ], [ 39.030369, -6.7605531 ], [ 39.0303837, -6.7604829 ], [ 39.0303769, -6.7604354 ], [ 39.03029, -6.7602453 ], [ 39.0302602, -6.7601856 ], [ 39.0302031, -6.7600715 ], [ 39.030170401134825, -6.760034957335396 ], [ 39.030166627000085, -6.760027408999974 ], [ 39.029979706000177, -6.759821414999976 ], [ 39.029735565000124, -6.759772299999895 ], [ 39.029487610000103, -6.759756088999893 ], [ 39.029373170000042, -6.75977802299991 ], [ 39.029170990000011, -6.759837627999957 ], [ 39.02896118100017, -6.759919166999964 ], [ 39.028732300000172, -6.760049342999821 ], [ 39.02871707787952, -6.760059602541325 ], [ 39.028678, -6.760067 ], [ 39.0284492, -6.760194 ], [ 39.0280917, -6.7603336 ], [ 39.0278777, -6.7603575 ], [ 39.0277767, -6.7603196 ], [ 39.02771, -6.7602542 ], [ 39.0276343, -6.7601693 ], [ 39.0276451, -6.7598978 ], [ 39.0277768, -6.7597845 ], [ 39.0278569, -6.7596425 ], [ 39.0279601, -6.7593438 ], [ 39.0278732, -6.7591591 ], [ 39.0278678, -6.7588876 ], [ 39.027933, -6.7587681 ], [ 39.0280416, -6.7586758 ], [ 39.0281285, -6.7585617 ], [ 39.0281774, -6.7584585 ], [ 39.0282154, -6.7582739 ], [ 39.0282751, -6.7580784 ], [ 39.0283294, -6.757948 ], [ 39.0284163, -6.7577471 ], [ 39.0284685, -6.7576819 ], [ 39.028458650792352, -6.757587710975391 ], [ 39.028472900000168, -6.757567405999964 ], [ 39.028466261372181, -6.757531260854762 ], [ 39.0285063, -6.7572723 ], [ 39.0285516, -6.7570522 ], [ 39.0287486, -6.7566801 ], [ 39.0287865, -6.7564941 ], [ 39.028858, -6.7561439 ], [ 39.0289488, -6.7560677 ], [ 39.0290259, -6.756003 ], [ 39.0291316, -6.7559141 ], [ 39.0295365, -6.7556624 ], [ 39.0297059, -6.755479 ], [ 39.02971520306172, -6.755467924304335 ], [ 39.029750825000121, -6.755443096999898 ], [ 39.029773547990153, -6.755398462154046 ], [ 39.0299195, -6.7552247 ], [ 39.0299941, -6.75511 ], [ 39.0300618, -6.7550059 ], [ 39.030129, -6.7547973 ], [ 39.0301576, -6.7546173 ], [ 39.0301413, -6.7543802 ], [ 39.0301126, -6.7541757 ], [ 39.0301658, -6.7538854 ], [ 39.0303416, -6.7536769 ], [ 39.0305297, -6.7535788 ], [ 39.0305703, -6.7535702 ], [ 39.0306851, -6.7535461 ], [ 39.0308691, -6.7535951 ], [ 39.031094, -6.753591 ], [ 39.0313107, -6.753681 ], [ 39.0315969, -6.7536401 ], [ 39.0317482, -6.7535461 ], [ 39.0318872, -6.7534234 ], [ 39.0320508, -6.7531903 ], [ 39.0322304, -6.7529 ], [ 39.0322746, -6.7527555 ], [ 39.0322968, -6.7525635 ], [ 39.0324297, -6.7521353 ], [ 39.032533, -6.75184 ], [ 39.0326023, -6.7517451 ], [ 39.0327283, -6.7515213 ], [ 39.0327998, -6.7513968 ], [ 39.0328726, -6.7512715 ], [ 39.0330129, -6.7509614 ], [ 39.0331858, -6.7506668 ], [ 39.0332423, -6.750582 ], [ 39.0333117, -6.7505151 ], [ 39.0334017, -6.7503531 ], [ 39.0335149, -6.750222 ], [ 39.0336383, -6.7500883 ], [ 39.0337565, -6.7500986 ], [ 39.0338722, -6.7500755 ], [ 39.0339879, -6.750006 ], [ 39.0340934, -6.7499263 ], [ 39.0342219, -6.7498363 ], [ 39.0343788, -6.7497746 ], [ 39.0344636, -6.7496975 ], [ 39.0346153, -6.7496435 ], [ 39.0348158, -6.7495895 ], [ 39.0349753, -6.7495792 ], [ 39.0351912, -6.7495844 ], [ 39.0352658, -6.7495664 ], [ 39.0353815, -6.7495175 ], [ 39.035474, -6.7493993 ], [ 39.0355538, -6.7493298 ], [ 39.0356669, -6.7492321 ], [ 39.0357054, -6.7491846 ], [ 39.035744, -6.749137 ], [ 39.035799, -6.749068 ], [ 39.0358844, -6.748903 ], [ 39.0359218, -6.7486535 ], [ 39.0359312, -6.7485163 ], [ 39.0359205, -6.7484191 ], [ 39.0358633, -6.7482931 ], [ 39.0357253, -6.7480751 ], [ 39.035707780329957, -6.748063600019541 ], [ 39.035686493000071, -6.748030661999962 ], [ 39.035458285891622, -6.747878977190485 ], [ 39.0353393, -6.7476949 ], [ 39.03527084245399, -6.7475443402474 ], [ 39.035236360000056, -6.747423648999927 ], [ 39.035166106953113, -6.747223985965469 ], [ 39.0351566, -6.7470791 ], [ 39.0352745, -6.7467609 ], [ 39.0354218, -6.7466077 ], [ 39.0355927, -6.7464869 ], [ 39.0357636, -6.7464338 ], [ 39.0358923, -6.7464314 ], [ 39.0360288, -6.7464102 ], [ 39.0362798, -6.746433 ], [ 39.0364649, -6.7464397 ], [ 39.0365857, -6.7465075 ], [ 39.0367174, -6.7465321 ], [ 39.036762772989469, -6.746556734825433 ], [ 39.036788940000065, -6.746625423999944 ], [ 39.036937714000146, -6.746684073999916 ], [ 39.036998750000066, -6.746687411999915 ], [ 39.036999117625925, -6.746687290848062 ], [ 39.0370297, -6.7466931 ], [ 39.0371458, -6.7466542 ], [ 39.0372782, -6.746643 ], [ 39.037452, -6.7467815 ], [ 39.0376023, -6.7468581 ], [ 39.0377496, -6.746976 ], [ 39.0378763, -6.7470732 ], [ 39.0380148, -6.7471174 ], [ 39.0381209, -6.7471292 ], [ 39.0382476, -6.7470703 ], [ 39.0382995, -6.7469705 ], [ 39.0382783, -6.7469083 ], [ 39.0382571, -6.7468461 ], [ 39.038227, -6.7467579 ], [ 39.0382505, -6.7466961 ], [ 39.0383183, -6.7465664 ], [ 39.0384273, -6.7464721 ], [ 39.0386395, -6.7463602 ], [ 39.0389583, -6.7462663 ], [ 39.0391699, -6.7462718 ], [ 39.0393377, -6.7462053 ], [ 39.0395853, -6.7461657 ], [ 39.039877, -6.7460272 ], [ 39.039873453204322, -6.745952967065123 ], [ 39.040039062000062, -6.745800494999912 ], [ 39.040359497, -6.745464324999887 ], [ 39.040676326499131, -6.745077178403869 ], [ 39.0407698, -6.7450519 ], [ 39.0409467, -6.7447587 ], [ 39.0409807, -6.7447181 ], [ 39.040989, -6.7445438 ], [ 39.0409719, -6.7443402 ], [ 39.0409635, -6.7442395 ], [ 39.0409496, -6.7440736 ], [ 39.0409696, -6.7438957 ], [ 39.0409584, -6.7437584 ], [ 39.0409908, -6.7436051 ], [ 39.0410733, -6.743558 ], [ 39.0411588, -6.7435845 ], [ 39.0412295, -6.7435845 ], [ 39.041312, -6.7435462 ], [ 39.0413768, -6.7435226 ], [ 39.0414416, -6.7434696 ], [ 39.0415153, -6.7434578 ], [ 39.0416715, -6.7434519 ], [ 39.0417952, -6.7434578 ], [ 39.041923708250394, -6.743443868795866 ], [ 39.041942596000183, -6.743531225999902 ], [ 39.041984558000081, -6.743610857999954 ], [ 39.042095184000175, -6.743643283999972 ], [ 39.042263031000118, -6.743598936999945 ], [ 39.042316437000125, -6.743581293999966 ], [ 39.042446137000184, -6.743563652999853 ], [ 39.042556763000107, -6.743546008999886 ], [ 39.042697907000047, -6.743490218999966 ], [ 39.042869568000128, -6.743438243999947 ], [ 39.043056489000037, -6.743389129999969 ], [ 39.043249465090703, -6.743310525552298 ], [ 39.0432831, -6.7433127 ], [ 39.043352763406801, -6.743274859800143 ], [ 39.043430329000103, -6.743249892999927 ], [ 39.043594361000146, -6.743152140999882 ], [ 39.043646456262863, -6.743101596713992 ], [ 39.0436898, -6.7430674 ], [ 39.0437921, -6.7429388 ], [ 39.0438251, -6.7427292 ], [ 39.0438494, -6.7425751 ], [ 39.0437881, -6.7424035 ], [ 39.0436946, -6.7422213 ], [ 39.0436836, -6.7420208 ], [ 39.0437574, -6.741957 ], [ 39.043766395228118, -6.741868332751381 ], [ 39.043800354000041, -6.741831778999881 ], [ 39.043869019000169, -6.74179506299987 ], [ 39.04403686500018, -6.741689204999943 ], [ 39.044151305000071, -6.741619586999946 ], [ 39.044246674000021, -6.741488932999971 ], [ 39.044345856000064, -6.741337298999952 ], [ 39.044391631000053, -6.741137503999937 ], [ 39.044437408000192, -6.741188525999974 ], [ 39.044483185000161, -6.741239546999907 ], [ 39.04453659100011, -6.741333483999881 ], [ 39.044578552000132, -6.741419314999973 ], [ 39.044624329000101, -6.741525649999971 ], [ 39.044685362999985, -6.741652010999928 ], [ 39.044750213000043, -6.741774558999964 ], [ 39.044788360000098, -6.741872785999931 ], [ 39.044879914000035, -6.741946219999875 ], [ 39.044986724000182, -6.741979120999929 ], [ 39.045177460000161, -6.742060659999936 ], [ 39.045276643000079, -6.742089270999884 ], [ 39.045417787000019, -6.742195605999882 ], [ 39.045478820000028, -6.742281437999964 ], [ 39.045516969000062, -6.74240016899995 ], [ 39.045497893000118, -6.742543219999959 ], [ 39.045448303000057, -6.742702484999938 ], [ 39.045345306000172, -6.742845533999855 ], [ 39.045215606999989, -6.742980479999915 ], [ 39.045116425000174, -6.743119239999942 ], [ 39.045047760000045, -6.743233679999889 ], [ 39.044994354000096, -6.743343829999958 ], [ 39.045055390000186, -6.743454454999949 ], [ 39.045207977000075, -6.743556499999954 ], [ 39.045444488000044, -6.74359750699989 ], [ 39.045646668000074, -6.743601321999961 ], [ 39.045883179000157, -6.743572710999956 ], [ 39.046161652000194, -6.743577002999871 ], [ 39.046417236000025, -6.743581293999966 ], [ 39.046802522000121, -6.743568897999921 ], [ 39.047084808000193, -6.743564604999904 ], [ 39.047172547000116, -6.743577002999871 ], [ 39.047260283000071, -6.743589400999952 ], [ 39.047481536000191, -6.743699549999974 ], [ 39.047561645000144, -6.743738650999944 ], [ 39.047637939000083, -6.743777274999957 ], [ 39.047912599000028, -6.743797778999863 ], [ 39.048305512000127, -6.743588446999922 ], [ 39.048606874000029, -6.743510722999929 ], [ 39.048778534000178, -6.743657111999937 ], [ 39.048927306000053, -6.743888854999909 ], [ 39.048950195000089, -6.744129656999974 ], [ 39.048961640000073, -6.744353294999883 ], [ 39.049011230000076, -6.744619369999896 ], [ 39.049224853000112, -6.745006082999907 ], [ 39.049285888000099, -6.745075225999926 ], [ 39.049400329000036, -6.745204924999939 ], [ 39.049446106000175, -6.745258806999971 ], [ 39.04948425300006, -6.745327472999975 ], [ 39.049606323000035, -6.745453356999974 ], [ 39.049797056999978, -6.7456221569999 ], [ 39.049835204000033, -6.745676039999921 ], [ 39.049900055000194, -6.745772360999979 ], [ 39.050022125000169, -6.74594402199989 ], [ 39.05014801100009, -6.7460889809999 ], [ 39.050392150000107, -6.746426581999856 ], [ 39.050426484000127, -6.746590136999885 ], [ 39.05047988900003, -6.74672698899991 ], [ 39.050525666000169, -6.746898173999966 ], [ 39.050575256000172, -6.747075079999945 ], [ 39.050670623000144, -6.747271060999935 ], [ 39.050781251000103, -6.747351169999945 ], [ 39.050975800000117, -6.747442721999903 ], [ 39.051204681000115, -6.747509479999906 ], [ 39.051342010000042, -6.747565745999964 ], [ 39.051506042000085, -6.747678279999946 ], [ 39.051570893000019, -6.747780322999972 ], [ 39.051715852000029, -6.747833727999932 ], [ 39.051841735000096, -6.747841835999964 ], [ 39.05204773000014, -6.747804641999835 ], [ 39.052288056000123, -6.747749328999873 ], [ 39.052391051000029, -6.74768114099993 ], [ 39.052513122000107, -6.74764347099989 ], [ 39.052661896000188, -6.747635363999962 ], [ 39.05275344800009, -6.747641085999874 ], [ 39.052829742000029, -6.747654436999937 ], [ 39.052879334000011, -6.747689245999879 ], [ 39.052909851000152, -6.747747898999933 ], [ 39.052928924000071, -6.747841835999964 ], [ 39.052944184000069, -6.747967718999917 ], [ 39.052951812000174, -6.748209 ], [ 39.052951812000174, -6.748281478999957 ], [ 39.052936554000155, -6.748453139999924 ], [ 39.052932739000084, -6.748667716999933 ], [ 39.052917481000065, -6.748806953999974 ], [ 39.052879334000011, -6.748938559999942 ], [ 39.052822114000094, -6.749083041999938 ], [ 39.052684785, -6.749302863999958 ], [ 39.052635193000185, -6.749402045999943 ], [ 39.052608489000079, -6.749538897999969 ], [ 39.052619934000063, -6.74974250799994 ], [ 39.052707671000121, -6.749843119999923 ], [ 39.052841187000183, -6.74983358399993 ], [ 39.052986144000158, -6.749753474999977 ], [ 39.053222655000127, -6.749680994999892 ], [ 39.053428650000171, -6.74958562799992 ], [ 39.053535462000127, -6.749573706999911 ], [ 39.053718566000043, -6.74947166499993 ], [ 39.053890229000103, -6.749415874999897 ], [ 39.053993225999989, -6.749402045999943 ], [ 39.054061889000081, -6.749423502999946 ], [ 39.054122925000172, -6.749501228999975 ], [ 39.054260254000098, -6.749691484999971 ], [ 39.054321289000086, -6.749973295999951 ], [ 39.054378509000173, -6.750211714999978 ], [ 39.054382324000073, -6.750304220999965 ], [ 39.054382324000073, -6.750396727999885 ], [ 39.054363251000154, -6.750570773999925 ], [ 39.054374694000103, -6.750708102999965 ], [ 39.054347993000135, -6.750742434999893 ], [ 39.054412841000158, -6.750921249999976 ], [ 39.054477691000045, -6.751060485999915 ], [ 39.054668426000092, -6.751261233999912 ], [ 39.054908752000074, -6.751446246999933 ], [ 39.055110931, -6.751627920999965 ], [ 39.055286407000153, -6.751763819999951 ], [ 39.055370331000177, -6.751909731999945 ], [ 39.055416108000145, -6.752100944999938 ], [ 39.055335999000192, -6.752298831999894 ], [ 39.055282592000083, -6.752522467999938 ], [ 39.055267334000064, -6.752671716999942 ], [ 39.055324554000038, -6.752852915999881 ], [ 39.055370331000177, -6.75302505399992 ], [ 39.055351257000041, -6.753187178999951 ], [ 39.055305480000072, -6.753310201999909 ], [ 39.055221559000131, -6.753394603999936 ], [ 39.055088043000069, -6.753436564999959 ], [ 39.054954529000042, -6.753423689999977 ], [ 39.054859162000071, -6.753537177999931 ], [ 39.054862977000141, -6.753593920999947 ], [ 39.054866790000176, -6.753650664999896 ], [ 39.054882050000174, -6.753702639999972 ], [ 39.054912567000144, -6.753802774999883 ], [ 39.054996491000168, -6.753952026999968 ], [ 39.055007934000116, -6.75413942299997 ], [ 39.055133820000037, -6.754280566999967 ], [ 39.055297852000137, -6.754510878999952 ], [ 39.055549622000171, -6.754565237999941 ], [ 39.055709839000031, -6.754558085999975 ], [ 39.055812836000086, -6.754561900999931 ], [ 39.055946350000113, -6.754645824999841 ], [ 39.056030274000136, -6.754722595999965 ], [ 39.056102753, -6.754784583999935 ], [ 39.056198120000033, -6.754909991999909 ], [ 39.05622482299998, -6.754945278999912 ], [ 39.05622482299998, -6.75513505999993 ], [ 39.056148529999973, -6.75527381899991 ], [ 39.056015014000138, -6.755386828999974 ], [ 39.055831910000109, -6.75543069899993 ], [ 39.055641174000129, -6.755441664999978 ], [ 39.055557252000085, -6.755466937999927 ], [ 39.055465698000148, -6.75554370899988 ], [ 39.05537414600002, -6.755668162999939 ], [ 39.05520629800003, -6.755788325999958 ], [ 39.055072784000174, -6.755854128999886 ], [ 39.054939270000148, -6.755938052999909 ], [ 39.054805757000167, -6.756029604999924 ], [ 39.054695129000095, -6.756230353999911 ], [ 39.054615020000142, -6.756423472999927 ], [ 39.054561615000068, -6.756673334999903 ], [ 39.054553985000155, -6.756719588999829 ], [ 39.054584504000104, -6.756927488999963 ], [ 39.054668426000092, -6.757153986999981 ], [ 39.054740906000063, -6.75728511799997 ], [ 39.054790496000066, -6.757390975999954 ], [ 39.054870605000019, -6.757518768999944 ], [ 39.054988861000027, -6.757716178999942 ], [ 39.055316926000103, -6.75802659999988 ], [ 39.055366516000106, -6.758055686999967 ], [ 39.055496216, -6.75811385999998 ], [ 39.055656434000127, -6.75820159899996 ], [ 39.05575561600017, -6.758318423999867 ], [ 39.055747986000085, -6.758439064999891 ], [ 39.055690766000112, -6.758515357999897 ], [ 39.055576325000175, -6.758628843999873 ], [ 39.055366516000106, -6.758665084999961 ], [ 39.055213928000114, -6.758690833999935 ], [ 39.055061341000169, -6.758716582999966 ], [ 39.054946899000129, -6.758763789999932 ], [ 39.054759980000028, -6.75890254899997 ], [ 39.054588319000118, -6.759004591999883 ], [ 39.054489137000076, -6.759103297999957 ], [ 39.054454803000112, -6.759296892999885 ], [ 39.054519653000114, -6.759453772999905 ], [ 39.054637909000121, -6.759618282999952 ], [ 39.054977416999975, -6.759817121999959 ], [ 39.055229187000066, -6.75992965699993 ], [ 39.055351257000041, -6.759923456999957 ], [ 39.055603027000075, -6.760030268999913 ], [ 39.05578613300014, -6.760155677999933 ], [ 39.055839537999987, -6.760213374999978 ], [ 39.055973054000049, -6.760356424999827 ], [ 39.056110383000146, -6.760452269999917 ], [ 39.056320190000179, -6.760362624999971 ], [ 39.056488038, -6.760168075999957 ], [ 39.056640625000114, -6.760048865999977 ], [ 39.05677795400004, -6.760107992999963 ], [ 39.056957245000035, -6.76052904099987 ], [ 39.056922913000051, -6.760576247999893 ], [ 39.056789397000159, -6.760701655999981 ], [ 39.056709289000139, -6.760902404999968 ], [ 39.056793213000105, -6.761127470999952 ], [ 39.056858063000163, -6.761220454999886 ], [ 39.056983949000085, -6.761373042999935 ], [ 39.057342528, -6.761790274999953 ], [ 39.057403564000083, -6.761993883999935 ], [ 39.057468414000141, -6.762094496999907 ], [ 39.057792664000146, -6.762514590999956 ], [ 39.058032990000129, -6.762740611999902 ], [ 39.05831527600003, -6.762935160999916 ], [ 39.05848693900009, -6.763153075999924 ], [ 39.058277130000079, -6.7636442189999 ], [ 39.058246613000108, -6.763656616999924 ], [ 39.057964325000057, -6.763788222999892 ], [ 39.057704925000053, -6.764007567999954 ], [ 39.057655335000049, -6.76407670899988 ], [ 39.057605743000011, -6.764145374999885 ], [ 39.057525634000058, -6.764275550999912 ], [ 39.057449341000051, -6.764408111999956 ], [ 39.057395935999978, -6.764560221999943 ], [ 39.05735778900015, -6.764692782999873 ], [ 39.057346343000063, -6.764741419999893 ], [ 39.057350159, -6.764917373999879 ], [ 39.057369232000099, -6.765153406999957 ], [ 39.057384490000118, -6.765294073999883 ], [ 39.057418824000138, -6.765497207999829 ], [ 39.057468414000141, -6.765638351999939 ], [ 39.057571411000026, -6.765738486999965 ], [ 39.057674409000015, -6.76574659299996 ], [ 39.058078765000118, -6.765694617999884 ], [ 39.058246613000108, -6.765619278999964 ], [ 39.05853652900015, -6.765690801999938 ], [ 39.058654785000158, -6.765924452999911 ], [ 39.058628083000087, -6.766040325999825 ], [ 39.058670043000177, -6.766195773999868 ], [ 39.05870437699997, -6.766272544999936 ], [ 39.058780669999976, -6.766179559999955 ], [ 39.058937073000038, -6.766491411999937 ], [ 39.058975220000093, -6.766573905999905 ], [ 39.059146880000071, -6.766965866999954 ], [ 39.059226989000081, -6.767066953999858 ], [ 39.059345245000088, -6.767196654999907 ], [ 39.059474945000147, -6.767404554999814 ], [ 39.059589386000141, -6.767628669999965 ], [ 39.05963516300011, -6.767709253999953 ], [ 39.060409547, -6.76815557499998 ], [ 39.060459137000066, -6.768218992999948 ], [ 39.06046295200008, -6.768284796999978 ], [ 39.06046676700015, -6.768334865999975 ], [ 39.060440063000044, -6.768368719999899 ], [ 39.060382843000127, -6.768548965999912 ], [ 39.060195922000048, -6.768665788999897 ], [ 39.06010055500002, -6.768745422999928 ], [ 39.059864044000108, -6.768919467999922 ], [ 39.059734345000095, -6.769151209999904 ], [ 39.059806824000191, -6.769281387999911 ], [ 39.060043335000103, -6.769335745999967 ], [ 39.060398101000146, -6.769402980999871 ], [ 39.060810088000039, -6.769665240999814 ], [ 39.061008453, -6.769892691999871 ], [ 39.061027526000089, -6.769914627999924 ], [ 39.061054229999968, -6.769949911999902 ], [ 39.061237336000033, -6.770234107999897 ], [ 39.061370849000184, -6.770601271999965 ], [ 39.061424255000134, -6.770820617999902 ], [ 39.061447143000066, -6.770910261999973 ], [ 39.061489105000192, -6.77109575299994 ], [ 39.061447143000066, -6.771560191999924 ], [ 39.061435700000118, -6.771590708999952 ], [ 39.061389923000149, -6.771708488999934 ], [ 39.061328888000162, -6.772005557999933 ], [ 39.061256409000123, -6.772264002999975 ], [ 39.061203004000049, -6.77261686199995 ], [ 39.061187743000119, -6.773064612999974 ], [ 39.061206817000084, -6.773596286999975 ], [ 39.061161042000151, -6.773706912999899 ], [ 39.061111450000112, -6.773677348999968 ], [ 39.061103822000177, -6.774098395999886 ], [ 39.061100007000164, -6.774127004999855 ], [ 39.061092376000147, -6.774206160999938 ], [ 39.061061860000109, -6.774413585999923 ], [ 39.060981751000099, -6.77455568299996 ], [ 39.060920716000112, -6.774757861999888 ], [ 39.060943604000101, -6.774847983999905 ], [ 39.060874938999973, -6.774997233999898 ], [ 39.06082534900014, -6.775082111999893 ], [ 39.060615539000025, -6.775449274999914 ], [ 39.060283661000085, -6.775855540999942 ], [ 39.060131073999969, -6.77603483199988 ], [ 39.060081482000157, -6.776100157999963 ], [ 39.05988311699997, -6.776324747999979 ], [ 39.05977630700005, -6.776286123999967 ], [ 39.059791565000069, -6.776247976999912 ], [ 39.059688568000126, -6.776246071999935 ], [ 39.059566497000105, -6.776191711999957 ], [ 39.059383392000143, -6.776222227999938 ], [ 39.059364318000121, -6.776248454999973 ], [ 39.059333801000037, -6.776295183999935 ], [ 39.059284209000168, -6.776368617999935 ], [ 39.059272766000049, -6.776548860999867 ], [ 39.059291840000185, -6.776695250999978 ], [ 39.059436799000025, -6.77689885999996 ], [ 39.059570313000052, -6.777091025999937 ], [ 39.059673310000107, -6.77724885899994 ], [ 39.059658051000042, -6.777354240999955 ], [ 39.059619903000055, -6.777436254999941 ], [ 39.059535981000067, -6.777509688999942 ], [ 39.059486389000028, -6.777552127999911 ], [ 39.059379578000176, -6.77761936099995 ], [ 39.059173584000177, -6.777688979999937 ], [ 39.059116364000033, -6.777684688999955 ], [ 39.059032440000067, -6.777664183999946 ], [ 39.058959960999971, -6.777672765999966 ], [ 39.05889129600007, -6.777691363999963 ], [ 39.058811187000117, -6.777752399999883 ], [ 39.058654785000158, -6.777835845999959 ], [ 39.058586121000133, -6.777905463999957 ], [ 39.058506013000112, -6.778021334999949 ], [ 39.058479309000177, -6.778218268999979 ], [ 39.058547974000078, -6.778547286999924 ], [ 39.058544159000064, -6.778755186999888 ], [ 39.058502197000109, -6.778858661999948 ], [ 39.058467866000058, -6.778945922999981 ], [ 39.058433532000038, -6.779095649999931 ], [ 39.058414459000176, -6.779347419999965 ], [ 39.058467866000058, -6.779574869999863 ], [ 39.058570861000135, -6.779735087999882 ], [ 39.058582306000119, -6.779760836999969 ], [ 39.058712005000075, -6.780112742999961 ], [ 39.058921814000144, -6.780417919999877 ], [ 39.058948516000044, -6.780491827999981 ], [ 39.059013366000045, -6.780625341999894 ], [ 39.059066772000051, -6.780733106999946 ], [ 39.059169769000107, -6.780782221999914 ], [ 39.059188842000026, -6.780737876999979 ], [ 39.059288024000068, -6.780825138999944 ], [ 39.059574128000122, -6.780857562999927 ], [ 39.05980300900012, -6.780879496999887 ], [ 39.059986115000186, -6.781093596999938 ], [ 39.060173036000094, -6.781384944999957 ], [ 39.060401917000092, -6.781569480999963 ], [ 39.060634613000161, -6.781667232999951 ], [ 39.060855865000178, -6.781737803999931 ], [ 39.061058045000038, -6.781748771999958 ], [ 39.061183930000084, -6.78179216399991 ], [ 39.061225890000173, -6.782020567999894 ], [ 39.061214447, -6.782303332999902 ], [ 39.061199188999979, -6.782596586999944 ], [ 39.061244964000139, -6.782928466999977 ], [ 39.061309814000026, -6.783156394999878 ], [ 39.061412811000082, -6.783352374999936 ], [ 39.061542510000095, -6.783618449999949 ], [ 39.061660766000102, -6.783890246999931 ], [ 39.061798097000178, -6.78414010899985 ], [ 39.061809540000127, -6.78417062799997 ], [ 39.062023163000163, -6.78487920699996 ], [ 39.062042236000025, -6.785016535999887 ], [ 39.062007904000041, -6.785304545999907 ], [ 39.061996459000056, -6.785434244999976 ], [ 39.061992646000192, -6.785556792999898 ], [ 39.062000274000127, -6.785647869999877 ], [ 39.062000274000127, -6.785768507999933 ], [ 39.061988831000122, -6.785920142999942 ], [ 39.061985016000108, -6.786043165999899 ], [ 39.061985016000108, -6.786111353999956 ], [ 39.061977386000194, -6.786159513999962 ], [ 39.061969757000156, -6.78622722699987 ], [ 39.061969757000156, -6.786359310999956 ], [ 39.061923980000188, -6.786448477999954 ], [ 39.06186294500003, -6.786466120999933 ], [ 39.06172180100009, -6.786566257999937 ], [ 39.061580657000093, -6.786602496999933 ], [ 39.061435700000118, -6.786685943999885 ], [ 39.061344146000181, -6.786809921999861 ], [ 39.061363219000043, -6.787035464999974 ], [ 39.061408996000011, -6.787241458999972 ], [ 39.061508178000054, -6.787443636999967 ], [ 39.061550140000179, -6.7876029009999 ], [ 39.06153488200016, -6.787734984999929 ], [ 39.061424255000134, -6.787836074999916 ], [ 39.061275481999985, -6.78783750499997 ], [ 39.061195374000135, -6.787874221999971 ], [ 39.06103134100016, -6.78796720399987 ], [ 39.060836792000146, -6.788141726999982 ], [ 39.060722351000152, -6.78826999599994 ], [ 39.060657501000094, -6.788612365999938 ], [ 39.060737610000103, -6.788866520999932 ], [ 39.060836792000146, -6.789035320999972 ], [ 39.060844422000059, -6.789072989999966 ], [ 39.060855865000178, -6.789134977999936 ], [ 39.060859680000078, -6.789176939999948 ], [ 39.060779572000172, -6.789278029999878 ], [ 39.060596466000106, -6.789367198999969 ], [ 39.06046676700015, -6.7894878379999 ], [ 39.060379028000057, -6.789588926999954 ], [ 39.060333251000088, -6.789649009999948 ], [ 39.06024551400003, -6.789758681999956 ], [ 39.060192109000184, -6.789884090999919 ], [ 39.060173036000094, -6.789993285999969 ], [ 39.060134887000061, -6.790078639999933 ], [ 39.060115813000039, -6.79016017899994 ], [ 39.060039520000032, -6.79016017899994 ], [ 39.059936522000044, -6.790159701999926 ], [ 39.059436799000025, -6.790157793999924 ], [ 39.058872222000105, -6.790132522999954 ], [ 39.057807922000165, -6.790096282999968 ], [ 39.057048797000164, -6.790088175999927 ], [ 39.056648255000027, -6.7900910379999 ], [ 39.056575775000056, -6.790086745999929 ], [ 39.056007386000033, -6.790090560999943 ], [ 39.055328369000051, -6.790086745999929 ], [ 39.054779053000118, -6.790082929999926 ], [ 39.054347993000135, -6.790073871999937 ], [ 39.054130555000086, -6.790073871999937 ], [ 39.054080963000047, -6.790073871999937 ], [ 39.053949346959151, -6.790073871999937 ], [ 39.053333464899566, -6.790065846536353 ] ] ] ] } },
{ "type": "Feature", "properties": { "GID_3": "TZA.2.2.8_1", "GID_0": "TZA", "COUNTRY": "Tanzania", "GID_1": "TZA.2_1", "NAME_1": "Dar es Salaam", "NL_NAME_1": "NA", "GID_2": "TZA.2.2_1", "NAME_2": "Kinondoni", "NL_NAME_2": "NA", "NAME_3": "Kimara", "VARNAME_3": "NA", "NL_NAME_3": "NA", "TYPE_3": "Wodi", "ENGTYPE_3": "Ward", "CC_3": "242", "HASC_3": "NA", "Area_km²": 13.754, "pop_densit": 7052.13, "population": 96995 }, "geometry": { "type": "MultiPolygon", "coordinates": [ [ [ [ 39.1745904, -6.7763083 ], [ 39.1750893, -6.7762691 ], [ 39.1755124, -6.7761647 ], [ 39.1759053, -6.7762 ], [ 39.176268, -6.7760992 ], [ 39.1768271, -6.7755703 ], [ 39.1773862, -6.7755351 ], [ 39.1777287, -6.7755401 ], [ 39.1780359, -6.7756812 ], [ 39.1783079, -6.7761446 ], [ 39.1784238, -6.77621 ], [ 39.1786907, -6.7763309 ], [ 39.1790987, -6.7763763 ], [ 39.179356483995292, -6.776512869087613 ], [ 39.179374693999989, -6.77652454299988 ], [ 39.179391744064468, -6.776531549205715 ], [ 39.179688, -6.7766885 ], [ 39.1799248, -6.7767137 ], [ 39.1801313, -6.7765475 ], [ 39.180145161121978, -6.776522930285595 ], [ 39.180149078000113, -6.77651977499994 ], [ 39.180244607229348, -6.776350129381914 ], [ 39.1805544, -6.7762302 ], [ 39.1808969, -6.7759783 ], [ 39.1811387, -6.7759582 ], [ 39.1833751, -6.7747745 ], [ 39.184317, -6.7747393 ], [ 39.1847904, -6.7744975 ], [ 39.1851128, -6.7744169 ], [ 39.1854755, -6.7744018 ], [ 39.1859691, -6.7745529 ], [ 39.1865735, -6.7744924 ], [ 39.1873643, -6.7742456 ], [ 39.187727, -6.7742456 ], [ 39.1890718, -6.7740039 ], [ 39.1899597, -6.7739548 ], [ 39.189964136324335, -6.773928248267786 ], [ 39.189975738000157, -6.773926734999975 ], [ 39.189960480000138, -6.774067401999957 ], [ 39.189994812000123, -6.774293422999961 ], [ 39.189994812000123, -6.774779319999936 ], [ 39.189933776000089, -6.775393486999917 ], [ 39.189750670000194, -6.77570438399988 ], [ 39.189582825000059, -6.776205539999978 ], [ 39.189392091000116, -6.77660608399998 ], [ 39.18920898500005, -6.776967047999904 ], [ 39.189079284000059, -6.777147293999974 ], [ 39.189037322000161, -6.777335642999958 ], [ 39.188995362000071, -6.777436254999941 ], [ 39.188968659000068, -6.777477741999974 ], [ 39.188903808000134, -6.777592659999812 ], [ 39.188888550000115, -6.777769087999843 ], [ 39.188934327000084, -6.777990340999963 ], [ 39.188968659000068, -6.778202055999941 ], [ 39.189014436000036, -6.778463840999962 ], [ 39.189048767000088, -6.778565405999927 ], [ 39.189060210999969, -6.778594969999972 ], [ 39.189105987000062, -6.778690813999901 ], [ 39.189163208000082, -6.778801440999928 ], [ 39.18920898500005, -6.778846740999938 ], [ 39.189342499000077, -6.77914380999988 ], [ 39.189491273000158, -6.779330253999944 ], [ 39.189624787000184, -6.779390811999974 ], [ 39.18983840900006, -6.779496668999968 ], [ 39.189945222000119, -6.779559611999844 ], [ 39.189987184000017, -6.779639242999963 ], [ 39.189941407000049, -6.779701233999901 ], [ 39.189933776000089, -6.779842852999934 ], [ 39.189880371000186, -6.780008315999908 ], [ 39.189769745999968, -6.780335902999923 ], [ 39.189781189000144, -6.780550955999956 ], [ 39.189834594000047, -6.780803202999948 ], [ 39.189819336000028, -6.780972480999935 ], [ 39.18969726500012, -6.781334877999825 ], [ 39.189781189000144, -6.781385421999914 ], [ 39.190223695000157, -6.781597137999938 ], [ 39.190723418, -6.781822202999933 ], [ 39.190837860999977, -6.781874179999932 ], [ 39.190952301000038, -6.781936645999963 ], [ 39.191207886000143, -6.782076834999941 ], [ 39.191326141000047, -6.78214073099997 ], [ 39.191596984000171, -6.782191275999878 ], [ 39.191669465000075, -6.782161235999979 ], [ 39.191764832000047, -6.78214073099997 ], [ 39.191936493000128, -6.782105445999889 ], [ 39.192134857000042, -6.782161235999979 ], [ 39.192161561000091, -6.78227710699997 ], [ 39.192165376000162, -6.782352447999926 ], [ 39.192146301999969, -6.782503604999874 ], [ 39.192050933000189, -6.782747743999948 ], [ 39.192127227000071, -6.782911298999977 ], [ 39.192146301999969, -6.782947062999881 ], [ 39.192241669000168, -6.783143996999854 ], [ 39.192325591000156, -6.783307552999872 ], [ 39.192363740000019, -6.783608436999884 ], [ 39.192371368000124, -6.78386211399993 ], [ 39.192447662000063, -6.784115790999977 ], [ 39.19252395500007, -6.784321784999975 ], [ 39.192562104000103, -6.784363746999873 ], [ 39.192638398000042, -6.78448533999989 ], [ 39.192710876000149, -6.784739016999936 ], [ 39.192756653000117, -6.784904002999895 ], [ 39.192779542000153, -6.784979343999908 ], [ 39.192516327000135, -6.78499221699991 ], [ 39.192512512000064, -6.78503465599988 ], [ 39.192504882000151, -6.785077095999839 ], [ 39.192497254000045, -6.785242080999978 ], [ 39.192489624000132, -6.785299777999967 ], [ 39.192455292000147, -6.785387514999854 ], [ 39.192455292000147, -6.785487174999901 ], [ 39.192489624000132, -6.785592554999937 ], [ 39.192562104000103, -6.785692214999926 ], [ 39.192634583000142, -6.78592443499997 ], [ 39.192718507000166, -6.786070822999875 ], [ 39.192672730000027, -6.786090372999922 ], [ 39.192634583000142, -6.786123751999924 ], [ 39.192577363000055, -6.786169051999934 ], [ 39.192516327000135, -6.78620862899993 ], [ 39.19247818000008, -6.786235331999933 ], [ 39.192386626000143, -6.786289691999968 ], [ 39.192409515000179, -6.78637742899997 ], [ 39.192447662000063, -6.786455629999921 ], [ 39.192481995000151, -6.786540031999891 ], [ 39.192497254000045, -6.786705969999957 ], [ 39.192565917000138, -6.786868571999889 ], [ 39.19258499100016, -6.786916256999973 ], [ 39.19261932400002, -6.787047862999941 ], [ 39.19261932400002, -6.787179468999966 ], [ 39.192607879000093, -6.787306784999942 ], [ 39.192634583000142, -6.787467954999954 ], [ 39.192657471000075, -6.787643432999971 ], [ 39.19269561800013, -6.787794589999976 ], [ 39.19272232000003, -6.787941454999952 ], [ 39.192741393000119, -6.788141249999967 ], [ 39.192745208000133, -6.788292883999816 ], [ 39.192741393000119, -6.788330077999944 ], [ 39.192741393000119, -6.788415431999908 ], [ 39.192707061000135, -6.788657187999945 ], [ 39.192707061000135, -6.788956641999846 ], [ 39.19269943300003, -6.789167404999944 ], [ 39.192707061000135, -6.789283752999893 ], [ 39.192707061000135, -6.789513110999962 ], [ 39.192691803000116, -6.789796351999939 ], [ 39.19247818000008, -6.789824007999925 ], [ 39.192413330000079, -6.789828775999979 ], [ 39.192024232, -6.789857864999874 ], [ 39.191993713000045, -6.789860247999911 ], [ 39.19189071600016, -6.789895056999967 ], [ 39.19181823700012, -6.789903639999864 ], [ 39.191772460000152, -6.789918422999904 ], [ 39.19165420500002, -6.789963721999925 ], [ 39.191608430000088, -6.78997516499993 ], [ 39.191459655000131, -6.790026187999956 ], [ 39.191310883000028, -6.790070056999866 ], [ 39.191234589000146, -6.790091512999936 ], [ 39.191280365000182, -6.790154455999925 ], [ 39.191371918000016, -6.790285109999957 ], [ 39.191390992000038, -6.790312290999907 ], [ 39.191535949000183, -6.790519237999888 ], [ 39.191669465000075, -6.790702818999819 ], [ 39.191806794000115, -6.790855883999939 ], [ 39.191837311000086, -6.790896415999953 ], [ 39.191913604000092, -6.791028976999883 ], [ 39.191925049000076, -6.791064738999921 ], [ 39.191940307999971, -6.791151045999868 ], [ 39.191940307999971, -6.791192054999954 ], [ 39.191944123000042, -6.791319370999929 ], [ 39.191951751000147, -6.791466234999916 ], [ 39.191955566, -6.791499613999918 ], [ 39.191955566, -6.791594505999967 ], [ 39.191963196000131, -6.791665553999962 ], [ 39.191921234000176, -6.791731356999833 ], [ 39.191917419000163, -6.791767596999875 ], [ 39.19189071600016, -6.791878699999927 ], [ 39.19189071600016, -6.791954517999898 ], [ 39.191860199000189, -6.792080401999954 ], [ 39.191829682000105, -6.792119025999909 ], [ 39.191810607000036, -6.792178630999956 ], [ 39.191810607000036, -6.792292593999889 ], [ 39.191810607000036, -6.792366504999961 ], [ 39.191825867000034, -6.792452810999919 ], [ 39.191833495000139, -6.79250812399988 ], [ 39.191841126000156, -6.792539119999958 ], [ 39.191829682000105, -6.792618751999953 ], [ 39.191841126000156, -6.792735576999974 ], [ 39.191959381000061, -6.792747974999941 ], [ 39.192111968000177, -6.792809485999953 ], [ 39.192138672000056, -6.792823790999876 ], [ 39.192234039000027, -6.792931555999928 ], [ 39.192359925000176, -6.793153761999918 ], [ 39.192420960000163, -6.793286799999919 ], [ 39.192443849000028, -6.793344497999897 ], [ 39.192363740000019, -6.793443679999939 ], [ 39.19233703600014, -6.793487071999948 ], [ 39.192310333000137, -6.793550489999973 ], [ 39.192253113000049, -6.793631076999873 ], [ 39.192188262000059, -6.793701171999942 ], [ 39.192138672000056, -6.793815134999932 ], [ 39.192108153000106, -6.794002533999901 ], [ 39.192070007000154, -6.794073104999939 ], [ 39.191951751000147, -6.794213770999875 ], [ 39.191898346000073, -6.79431772099997 ], [ 39.19184875600007, -6.794404505999921 ], [ 39.191791534000117, -6.794515132999948 ], [ 39.191741943000181, -6.794622420999929 ], [ 39.19167327800011, -6.794753073999914 ], [ 39.191600799000071, -6.794920443999899 ], [ 39.191570283000033, -6.795047759999875 ], [ 39.191577911000138, -6.795082091999973 ], [ 39.191593169000157, -6.79513454399995 ], [ 39.191650391000053, -6.795205114999931 ], [ 39.191631318000191, -6.795247554999946 ], [ 39.19167709300018, -6.795446395999818 ], [ 39.19171524, -6.795580387999962 ], [ 39.191768647000117, -6.795663833999868 ], [ 39.19181442200005, -6.795714853999925 ], [ 39.19181442200005, -6.795759200999953 ], [ 39.191886903000125, -6.795958517999907 ], [ 39.191837311000086, -6.796054362999939 ], [ 39.191802979000101, -6.796130655999946 ], [ 39.191749574000028, -6.796256541999981 ], [ 39.191658020000091, -6.796417236999957 ], [ 39.191543579000097, -6.796423434999895 ], [ 39.191501617000029, -6.796401500999877 ], [ 39.191452027000025, -6.796371936999947 ], [ 39.191356658000188, -6.796311854999942 ], [ 39.191318511000134, -6.796278952999955 ], [ 39.191276549000065, -6.796241283999962 ], [ 39.191146851000155, -6.796109199999933 ], [ 39.19112777700019, -6.796088218999898 ], [ 39.191020965000064, -6.795938491999948 ], [ 39.190975190000074, -6.795896052999979 ], [ 39.19090652400007, -6.79585027599984 ], [ 39.19079971400015, -6.795765398999833 ], [ 39.190761565000059, -6.795843124999976 ], [ 39.190738679000162, -6.795885084999952 ], [ 39.190696717000037, -6.795979498999941 ], [ 39.190551758000026, -6.796180725999932 ], [ 39.19062423600019, -6.796234607999907 ], [ 39.190662383000017, -6.796263216999876 ], [ 39.190654755000139, -6.796307563999903 ], [ 39.190979003000109, -6.79662847499992 ], [ 39.191276549000065, -6.796862124999961 ], [ 39.191463470000144, -6.796943186999954 ], [ 39.191646576000039, -6.79710340399987 ], [ 39.191829682000105, -6.797263143999942 ], [ 39.192104340000071, -6.797527313999865 ], [ 39.192260743000134, -6.797826765999957 ], [ 39.192520142000035, -6.798324583999943 ], [ 39.192539216000171, -6.798441409999896 ], [ 39.192657471000075, -6.798696040999914 ], [ 39.19269561800013, -6.798776149999981 ], [ 39.192787170000088, -6.798964976999969 ], [ 39.192810059000124, -6.799212932999978 ], [ 39.192813874000137, -6.799354076999919 ], [ 39.192829132000156, -6.79939079199994 ], [ 39.192924499000185, -6.799823283999956 ], [ 39.192947388, -6.799929618999954 ], [ 39.192970276000153, -6.799954414999945 ], [ 39.192871094000111, -6.800000189999935 ], [ 39.192684172999975, -6.800060747999964 ], [ 39.192646026000148, -6.800069807999932 ], [ 39.192611694000107, -6.800078390999886 ], [ 39.192474365000066, -6.800117969999974 ], [ 39.192409515000179, -6.800115584999958 ], [ 39.192344666000054, -6.800140856999917 ], [ 39.192222596000079, -6.800155161999953 ], [ 39.192104340000071, -6.800192355999911 ], [ 39.191993713000045, -6.800273417999961 ], [ 39.191864014000089, -6.800310611999919 ], [ 39.191734313000097, -6.800341128999889 ], [ 39.191631318000191, -6.800364016999936 ], [ 39.191577911000138, -6.800377367999943 ], [ 39.191406250000057, -6.800371169999949 ], [ 39.191249848000041, -6.800301551999894 ], [ 39.19112396200012, -6.800213336999946 ], [ 39.191043853000167, -6.800134180999976 ], [ 39.190948486000025, -6.800033091999978 ], [ 39.19082641600005, -6.799976348999905 ], [ 39.190662383000017, -6.799992084999872 ], [ 39.19049453800011, -6.800074100999893 ], [ 39.190376282000102, -6.800134180999976 ], [ 39.190261841000108, -6.80019426399997 ], [ 39.19013595600012, -6.800289153999927 ], [ 39.189979553000057, -6.800431249999974 ], [ 39.189762116000054, -6.800576209999974 ], [ 39.189598083000078, -6.800686836999887 ], [ 39.189521788999969, -6.800731181999936 ], [ 39.189434051000035, -6.800717830999872 ], [ 39.189373017000094, -6.800676345999932 ], [ 39.189319610000041, -6.800587654999958 ], [ 39.189201355000137, -6.800525186999948 ], [ 39.189117431000113, -6.800506590999873 ], [ 39.188991547000171, -6.800492762999909 ], [ 39.188896180000029, -6.800492762999909 ], [ 39.188716889000034, -6.800576209999974 ], [ 39.188606262000178, -6.800650595999912 ], [ 39.188426971000183, -6.800810812999941 ], [ 39.188293457000157, -6.800957679999897 ], [ 39.188091278, -6.801136492999944 ], [ 39.187885285000107, -6.801282882999828 ], [ 39.187816620000035, -6.801308630999927 ], [ 39.187759399000186, -6.801371096999844 ], [ 39.187690734000114, -6.80143403999989 ], [ 39.187648774000024, -6.801452635999908 ], [ 39.187492370000029, -6.801503657999888 ], [ 39.18745041000011, -6.801517485999966 ], [ 39.187404633000142, -6.801534176999837 ], [ 39.187355041000103, -6.801550387999953 ], [ 39.187290191999978, -6.801580428999955 ], [ 39.187263489000031, -6.801603792999913 ], [ 39.18724823000008, -6.801652431999912 ], [ 39.187213898999971, -6.801717757999938 ], [ 39.187183380000022, -6.801759241999889 ], [ 39.187141418000124, -6.801798818999885 ], [ 39.187030793000133, -6.80192231999996 ], [ 39.186859130000016, -6.802066326999977 ], [ 39.186737061000144, -6.802068709999901 ], [ 39.186653137000121, -6.802025316999959 ], [ 39.186595917000034, -6.801926612999978 ], [ 39.186546325000165, -6.801777362999871 ], [ 39.186500550000062, -6.801628113999868 ], [ 39.186511993000181, -6.801484106999965 ], [ 39.186550140000065, -6.801416395999922 ], [ 39.186622619000104, -6.801295280999966 ], [ 39.186637879000102, -6.801202295999929 ], [ 39.186645507000037, -6.801117896999926 ], [ 39.186649322000108, -6.801061151999932 ], [ 39.18658447200005, -6.801021097999921 ], [ 39.186515808000081, -6.801007746999971 ], [ 39.186477662000073, -6.801092147999952 ], [ 39.18642807000009, -6.801185607999969 ], [ 39.186336518000132, -6.801193713999908 ], [ 39.186264039000093, -6.801134585999876 ], [ 39.186199189000035, -6.801083087999928 ], [ 39.186126708000188, -6.80102205299994 ], [ 39.186073303000114, -6.800969122999959 ], [ 39.186031341000046, -6.800926207999964 ], [ 39.185993194000162, -6.800889491999953 ], [ 39.185840607000046, -6.800774095999941 ], [ 39.185779572000058, -6.800717353999914 ], [ 39.185729980000076, -6.80057954699987 ], [ 39.185710906000054, -6.800457953999967 ], [ 39.185764313000163, -6.800407408999945 ], [ 39.185867310000049, -6.800415514999827 ], [ 39.185894012000119, -6.800370691999944 ], [ 39.185920716, -6.800332545999879 ], [ 39.185977936000143, -6.800249576999931 ], [ 39.184886932000097, -6.800318239999967 ], [ 39.184856416000059, -6.800324916999955 ], [ 39.184856416000059, -6.800378799999976 ], [ 39.184852601000046, -6.800694464999879 ], [ 39.184875489000149, -6.800950049999926 ], [ 39.184886932000097, -6.801205158999949 ], [ 39.184883117000084, -6.801348685999926 ], [ 39.184879302000184, -6.801422118999881 ], [ 39.184848785000042, -6.801512717999913 ], [ 39.18479919300006, -6.801662444999977 ], [ 39.184768677000193, -6.801733015999957 ], [ 39.18471908700019, -6.801841735999972 ], [ 39.184604644000046, -6.802113533999886 ], [ 39.18446731500012, -6.802442073999885 ], [ 39.184375763000162, -6.802639483999883 ], [ 39.184375763000162, -6.802783965999936 ], [ 39.184379578000062, -6.80290937399991 ], [ 39.184352875000059, -6.802991866999832 ], [ 39.184329986000193, -6.803014755999925 ], [ 39.184295655000142, -6.803052424999976 ], [ 39.184253693000187, -6.803229808999959 ], [ 39.184185027000012, -6.803502081999966 ], [ 39.184158326000045, -6.803488730999902 ], [ 39.18413543700018, -6.803472041999953 ], [ 39.183963776000098, -6.803383825999845 ], [ 39.183925630000147, -6.803363799999943 ], [ 39.183826447, -6.803332805999958 ], [ 39.183773040000119, -6.803297996999959 ], [ 39.183685303000061, -6.803255557999876 ], [ 39.183563233000086, -6.803213117999917 ], [ 39.183437347000165, -6.803219795999951 ], [ 39.183269501000154, -6.803266047999955 ], [ 39.183094026000106, -6.803319452999915 ], [ 39.182994843000131, -6.803351401999976 ], [ 39.182834626000101, -6.803329943999927 ], [ 39.182678224000142, -6.803312299999959 ], [ 39.182498933000147, -6.803290843999946 ], [ 39.182315827000082, -6.803245066999978 ], [ 39.182117462000122, -6.803177355999878 ], [ 39.182090759000118, -6.803273200999911 ], [ 39.182071685000153, -6.803351401999976 ], [ 39.18202209500015, -6.80360698699991 ], [ 39.181976318000181, -6.803812980999908 ], [ 39.181941987000073, -6.803936956999962 ], [ 39.181865693000134, -6.80419635699991 ], [ 39.18186187800012, -6.804312704999973 ], [ 39.181735991999972, -6.804448127999876 ], [ 39.181533813000044, -6.804557322999926 ], [ 39.181293487000062, -6.804719923999926 ], [ 39.181179046000068, -6.8048820489999 ], [ 39.181118011000081, -6.804977892999943 ], [ 39.18109130900001, -6.805027484999925 ], [ 39.181182861000138, -6.805282592999902 ], [ 39.181228638000107, -6.805467605999922 ], [ 39.181293487000062, -6.805762289999905 ], [ 39.181316375000165, -6.805831907999959 ], [ 39.18133544900013, -6.805901526999946 ], [ 39.181373595000139, -6.806020736999869 ], [ 39.181392669000104, -6.806144237999888 ], [ 39.181381226000099, -6.806230066999888 ], [ 39.181373595000139, -6.806269645999976 ], [ 39.181369782000047, -6.806339263999973 ], [ 39.181385041000169, -6.806404112999871 ], [ 39.181446076000157, -6.806473255999947 ], [ 39.181522370000096, -6.80657625099991 ], [ 39.181591033000188, -6.806660174999934 ], [ 39.18165588300019, -6.806754588999922 ], [ 39.181713104000039, -6.806828021999877 ], [ 39.181766511000092, -6.806918143999951 ], [ 39.181785584000181, -6.8069977749999 ], [ 39.181789397000045, -6.807067393999887 ], [ 39.181800843000133, -6.807176113999901 ], [ 39.181873321000069, -6.807343481999908 ], [ 39.181911468000123, -6.807428359999903 ], [ 39.18200302200006, -6.807610511999883 ], [ 39.182258606000062, -6.808216571999935 ], [ 39.182300568000187, -6.80828285299998 ], [ 39.182338715000014, -6.808341980999899 ], [ 39.182441710000091, -6.808506488999967 ], [ 39.182540893000066, -6.808773993999978 ], [ 39.182647705000193, -6.809015749999958 ], [ 39.182804107000152, -6.809257505999824 ], [ 39.182826996000188, -6.809280394999917 ], [ 39.182949066000162, -6.809410095999908 ], [ 39.183044433000134, -6.809499262999907 ], [ 39.183185578, -6.809651374999817 ], [ 39.183300018000068, -6.809792995999885 ], [ 39.183387757000162, -6.809885500999826 ], [ 39.183464051000044, -6.810086249999927 ], [ 39.183502197, -6.810197829999822 ], [ 39.183448792000149, -6.810399054999948 ], [ 39.18339920000011, -6.810564517999978 ], [ 39.183357238000042, -6.810666084999923 ], [ 39.183345795000037, -6.810751438999887 ], [ 39.183345795000037, -6.810769186689116 ], [ 39.183046711612953, -6.810710613542909 ], [ 39.183044490585168, -6.810709970667841 ], [ 39.182853844715204, -6.810310379248157 ], [ 39.18284988400012, -6.810297011999921 ], [ 39.18270874000018, -6.810243606999961 ], [ 39.182707057053854, -6.810244162950508 ], [ 39.1827061, -6.8102438 ], [ 39.182341181340092, -6.810248265961299 ], [ 39.182338715000014, -6.810247897999943 ], [ 39.18221664500004, -6.810179709999943 ], [ 39.182132721000016, -6.810150622999913 ], [ 39.181934356000056, -6.810131549999937 ], [ 39.181838989000084, -6.810125351999943 ], [ 39.181810579149762, -6.810113561407123 ], [ 39.181549142550217, -6.809998441425475 ], [ 39.181434631000172, -6.809938907999879 ], [ 39.181369782000047, -6.809906005999835 ], [ 39.181316375000165, -6.8098845479999 ], [ 39.181228638000107, -6.809849261999943 ], [ 39.181201935000104, -6.80982255999993 ], [ 39.181144714000084, -6.809796333999884 ], [ 39.181007384999987, -6.809758661999979 ], [ 39.181005611974705, -6.809759105272896 ], [ 39.1810056, -6.8097591 ], [ 39.180898850268484, -6.809772454451529 ], [ 39.180892945000153, -6.809772967999947 ], [ 39.180786133000026, -6.809786318999954 ], [ 39.180785795172127, -6.809786597707751 ], [ 39.180757, -6.8097902 ], [ 39.180710025472074, -6.809849107660652 ], [ 39.180633545000148, -6.809912203999886 ], [ 39.180547503824862, -6.810052915351026 ], [ 39.1805401, -6.8100622 ], [ 39.18053399548328, -6.81006582373706 ], [ 39.180469513000105, -6.810097217999953 ], [ 39.180419923000102, -6.810128211999938 ], [ 39.180380061769604, -6.810157201208592 ], [ 39.1803772, -6.8101589 ], [ 39.180373375856419, -6.810170119819648 ], [ 39.180347442000027, -6.810234546999936 ], [ 39.180337109043847, -6.810276524583763 ], [ 39.180279205201934, -6.810446411160605 ], [ 39.180278779000105, -6.810447216999933 ], [ 39.180181693325217, -6.810466228971465 ], [ 39.1801636, -6.8104697 ], [ 39.180161666188781, -6.810474272450967 ], [ 39.180118561000029, -6.810549258999856 ], [ 39.180121273875557, -6.810569779121761 ], [ 39.180068167169082, -6.810695348675159 ], [ 39.180065154000147, -6.81069993899996 ], [ 39.179973602000189, -6.810779569999966 ], [ 39.179890585008025, -6.810910698348165 ], [ 39.179889, -6.8109126 ], [ 39.179888912944136, -6.810912671040657 ], [ 39.179695129000152, -6.811049459999936 ], [ 39.179615020000028, -6.811098574999903 ], [ 39.179565429999968, -6.811142444999973 ], [ 39.179538727000192, -6.811195849999876 ], [ 39.179508923000164, -6.811222756244024 ], [ 39.1795036, -6.8112271 ], [ 39.17950366907985, -6.811229369544913 ], [ 39.179481506000172, -6.81130647699996 ], [ 39.179512023000086, -6.811519144999977 ], [ 39.179510487557138, -6.811521256343812 ], [ 39.179431034885681, -6.811590598043122 ], [ 39.179389954000044, -6.81160783699994 ], [ 39.179355621000127, -6.81161641999995 ], [ 39.179321289000143, -6.811643122999953 ], [ 39.179306031000124, -6.811696527999914 ], [ 39.179267884000069, -6.811731814999973 ], [ 39.179265698330816, -6.811732938136297 ], [ 39.179159615011159, -6.811760708738342 ], [ 39.179145813000162, -6.811762808999902 ], [ 39.17907714800009, -6.811749457999952 ], [ 39.179035186000192, -6.811766623999972 ], [ 39.178914659950983, -6.811824833329441 ], [ 39.178821616503541, -6.811849190340141 ], [ 39.178794862000188, -6.811850069999934 ], [ 39.178710938000165, -6.811877726999967 ], [ 39.178684234000059, -6.811853407999934 ], [ 39.178562164000084, -6.811862945999906 ], [ 39.178443908000077, -6.811872480999909 ], [ 39.178390503, -6.811898707999944 ], [ 39.178356171000189, -6.811922073999938 ], [ 39.17832222732396, -6.811947531685343 ], [ 39.1779471, -6.8121773 ], [ 39.17794129487568, -6.812179554766615 ], [ 39.177856445000089, -6.812209606999943 ], [ 39.177793001183836, -6.812237153475496 ], [ 39.177702473659281, -6.812272315244468 ], [ 39.177669524000123, -6.81228494599992 ], [ 39.177662846366083, -6.812287706869669 ], [ 39.1775761, -6.8123214 ], [ 39.177544696941254, -6.812482706818009 ], [ 39.177532195000083, -6.812543392999828 ], [ 39.177455032190743, -6.812595699740666 ], [ 39.1772933, -6.8126766 ], [ 39.1771223, -6.812841 ], [ 39.17696757801707, -6.812892047446276 ], [ 39.176940918000071, -6.812899111999968 ], [ 39.176938715644177, -6.812901570013151 ], [ 39.1769362, -6.8129024 ], [ 39.176767741753117, -6.813083709289961 ], [ 39.176673890000188, -6.813057898999944 ], [ 39.176605224000184, -6.813098430999901 ], [ 39.176605071261825, -6.813098893625561 ], [ 39.176605, -6.8130989 ], [ 39.1764514, -6.8133804 ], [ 39.176221470040183, -6.813419340999928 ], [ 39.176197052000191, -6.813419340999928 ], [ 39.176078797000059, -6.813417910999874 ], [ 39.175857544000166, -6.81348085399992 ], [ 39.175792694000108, -6.813524723999933 ], [ 39.175763087731298, -6.81360753074559 ], [ 39.175761010019968, -6.813610318234079 ], [ 39.175697327000137, -6.813623427999914 ], [ 39.175659180000082, -6.813619612999958 ], [ 39.175487519000171, -6.813713549999932 ], [ 39.175380707000045, -6.813770769999962 ], [ 39.175193786000136, -6.813890455999967 ], [ 39.175159454000095, -6.813913821999961 ], [ 39.175159580260804, -6.813914390123522 ], [ 39.175090098759512, -6.814037747123671 ], [ 39.175022125000055, -6.814032554999926 ], [ 39.174903870000094, -6.81407403899982 ], [ 39.174874214577216, -6.814084233810723 ], [ 39.1748711, -6.8140849 ], [ 39.174761491789148, -6.814188739357654 ], [ 39.174759254408698, -6.814188344495371 ], [ 39.174670507637174, -6.814136814111908 ], [ 39.174663543, -6.81412506199996 ], [ 39.174583435000159, -6.814084529999889 ], [ 39.174583058234155, -6.81408603703919 ], [ 39.1745811, -6.8140849 ], [ 39.1745543, -6.8142053 ], [ 39.174478772529994, -6.814245773240653 ], [ 39.174465179000151, -6.814252852999971 ], [ 39.174392700000112, -6.814252852999971 ], [ 39.17435073900009, -6.814252852999971 ], [ 39.174163818000181, -6.814276218999851 ], [ 39.17416372277561, -6.814276282863415 ], [ 39.1741635, -6.8142763 ], [ 39.174162828896705, -6.814276882354624 ], [ 39.173965453000164, -6.81440925499993 ], [ 39.173858643000074, -6.814496516999952 ], [ 39.173797608000086, -6.814560889999939 ], [ 39.173732757000096, -6.814631462999955 ], [ 39.173698425000111, -6.814664363999896 ], [ 39.173484803, -6.814821241999937 ], [ 39.173427583000091, -6.814895152999895 ], [ 39.173374175000106, -6.814960478999978 ], [ 39.173324585000103, -6.814977646999978 ], [ 39.173255920000031, -6.815000532999932 ], [ 39.17322540300006, -6.815002440999876 ], [ 39.173114776000034, -6.815064905999975 ], [ 39.172992707000162, -6.815116882999973 ], [ 39.172882080000136, -6.81515168999988 ], [ 39.172817229000032, -6.815190791999953 ], [ 39.17278289800015, -6.815209864999929 ], [ 39.17274277203213, -6.815247901219876 ], [ 39.1726904, -6.815297 ], [ 39.1726093, -6.815529 ], [ 39.172526814668608, -6.815586739731976 ], [ 39.172492981, -6.815609931999973 ], [ 39.172483654498656, -6.815615139242233 ], [ 39.1712927, -6.816225 ], [ 39.171291392941541, -6.816233724380142 ], [ 39.171276092000141, -6.816270827999972 ], [ 39.171253204000038, -6.816381454999942 ], [ 39.171241760000157, -6.816503047999959 ], [ 39.171241760000157, -6.816565015337084 ], [ 39.171225843779091, -6.816671253250052 ], [ 39.171222687000068, -6.816688536999948 ], [ 39.171100616000047, -6.816885948999925 ], [ 39.170845031999988, -6.81707715999994 ], [ 39.170818375187586, -6.817104133929564 ], [ 39.170555458999161, -6.817306676771017 ], [ 39.170417787000076, -6.817384719999893 ], [ 39.170318618710247, -6.817489131512103 ], [ 39.1703184, -6.8174893 ], [ 39.170284483849102, -6.817612910977106 ], [ 39.170265197000106, -6.81766319299993 ], [ 39.170259743300456, -6.817703080507282 ], [ 39.1701386, -6.8181446 ], [ 39.170134915678432, -6.81814771788846 ], [ 39.169906616000162, -6.81832408899993 ], [ 39.169782772901584, -6.818445721707776 ], [ 39.1697711, -6.8184556 ], [ 39.16967361045684, -6.818718033468278 ], [ 39.169593811000141, -6.818614959999934 ], [ 39.169559479000156, -6.818606853999938 ], [ 39.169553469884129, -6.818616424000131 ], [ 39.1694539, -6.8187713 ], [ 39.1691336, -6.8189901 ], [ 39.1687274, -6.8193885 ], [ 39.168720942128544, -6.819396327267526 ], [ 39.168632508000087, -6.819497585999954 ], [ 39.168590546000189, -6.819552420999969 ], [ 39.168574198473721, -6.819574188014918 ], [ 39.1683407, -6.8198572 ], [ 39.168218987809603, -6.81991920210568 ], [ 39.168132782000157, -6.819962500999964 ], [ 39.168127425046286, -6.819963787749373 ], [ 39.167798135186999, -6.820021793826013 ], [ 39.167762757000162, -6.820024965999949 ], [ 39.167598725000062, -6.820032595999976 ], [ 39.167430877000072, -6.820083617999956 ], [ 39.167373657000098, -6.820095061999893 ], [ 39.167312621000065, -6.820106981999913 ], [ 39.16728592000004, -6.820130347999964 ], [ 39.167254608060695, -6.820176879070338 ], [ 39.1672508, -6.8201814 ], [ 39.16725782355153, -6.820206919534959 ], [ 39.167301178000059, -6.820384502999957 ], [ 39.167324067000095, -6.820450782999956 ], [ 39.167323675248618, -6.820459107025539 ], [ 39.167290571445449, -6.820661690983413 ], [ 39.167289733000075, -6.820665358999918 ], [ 39.167289264754558, -6.820666083332792 ], [ 39.166971195679331, -6.820807948811747 ], [ 39.166965485000105, -6.820809839999981 ], [ 39.166958202696065, -6.820811373987392 ], [ 39.166635999098048, -6.820853231999934 ], [ 39.166568756000061, -6.820853231999934 ], [ 39.166374207000047, -6.82087278299997 ], [ 39.166183471000068, -6.820911406999926 ], [ 39.166076661000091, -6.820962429999895 ], [ 39.165950775000169, -6.821032522999928 ], [ 39.165840150000179, -6.821142195999926 ], [ 39.165833523027608, -6.821144583717016 ], [ 39.165572364634215, -6.821224045640054 ], [ 39.165412902000128, -6.821188925999934 ], [ 39.165378571000076, -6.821202753999899 ], [ 39.165354772771124, -6.821202753999899 ], [ 39.164542551166399, -6.821121519540491 ], [ 39.16450119000001, -6.82111453899995 ], [ 39.164405823000038, -6.82110500399989 ], [ 39.164295197000115, -6.82109498899996 ], [ 39.164250024262287, -6.821092165765534 ], [ 39.163950482169547, -6.820985152624592 ], [ 39.163936615000125, -6.820979117999968 ], [ 39.163889883750045, -6.820950942334922 ], [ 39.163868277842113, -6.820937085594434 ], [ 39.163787841000101, -6.820869444999857 ], [ 39.163719178000179, -6.820807932999912 ], [ 39.163650512000174, -6.820775508999873 ], [ 39.163555145000032, -6.820720672999869 ], [ 39.163421631000176, -6.820649622999952 ], [ 39.163409197100925, -6.820647079722585 ], [ 39.163098658540854, -6.820566245390244 ], [ 39.163097844852494, -6.820565898658403 ], [ 39.162950656332725, -6.820449749484896 ], [ 39.162921906000122, -6.820417403999954 ], [ 39.162887574000081, -6.820391654999924 ], [ 39.162857055000131, -6.82036590499996 ], [ 39.162803650000114, -6.820323944999927 ], [ 39.162750245000041, -6.820275306999974 ], [ 39.162681579000036, -6.820227622999937 ], [ 39.162609101000044, -6.82017993799991 ], [ 39.16254425000011, -6.820258138999975 ], [ 39.162448883000138, -6.820398330999978 ], [ 39.16240310600017, -6.82046318099998 ], [ 39.16224670400004, -6.820674418999886 ], [ 39.162102493622918, -6.820931411872529 ], [ 39.1620967, -6.82094 ], [ 39.1620545, -6.8212053 ], [ 39.162056315561728, -6.82121878764454 ], [ 39.16205978500011, -6.821355819999951 ], [ 39.162094117000095, -6.821500299999911 ], [ 39.162079293565874, -6.821558111160209 ], [ 39.161910012094566, -6.821940420999908 ], [ 39.161908476885209, -6.821940420999908 ], [ 39.161800197858064, -6.821901221329227 ], [ 39.16177368200016, -6.821880339999893 ], [ 39.161560059000124, -6.821814059999951 ], [ 39.161457062000068, -6.821837900999981 ], [ 39.161388378772976, -6.821889414130918 ], [ 39.161174732006707, -6.821982867290146 ], [ 39.161172955360939, -6.821983175724721 ], [ 39.160864993096482, -6.822001912366917 ], [ 39.160831452000139, -6.822000980999974 ], [ 39.160724640000183, -6.821999072999972 ], [ 39.160583496000072, -6.821767806999958 ], [ 39.160541534000174, -6.821697711999889 ], [ 39.160476684000116, -6.821571350999932 ], [ 39.160362243000122, -6.821406362999937 ], [ 39.160307720471408, -6.821332673839287 ], [ 39.160293851867074, -6.821309990234807 ], [ 39.160182952000127, -6.821100710999872 ], [ 39.160049438000101, -6.820908069999916 ], [ 39.160030365000068, -6.820868492999978 ], [ 39.15987882027963, -6.820553459683631 ], [ 39.1598553, -6.8205042 ], [ 39.159853736762223, -6.820497949777061 ], [ 39.159820557000103, -6.820332049999877 ], [ 39.159801484000184, -6.820238590999963 ], [ 39.159770965000064, -6.820142268999973 ], [ 39.159741024568753, -6.820047297708559 ], [ 39.1597407, -6.820046 ], [ 39.159740618095221, -6.82004600837122 ], [ 39.159740449000026, -6.82004547199989 ], [ 39.159702301999971, -6.820049761999883 ], [ 39.159641266999984, -6.820055961999969 ], [ 39.159374237000122, -6.820074557999874 ], [ 39.159309386000189, -6.820055006999951 ], [ 39.159145356000067, -6.820007324999949 ], [ 39.159046174000082, -6.819968700999937 ], [ 39.158988953, -6.819946288999859 ], [ 39.158962250000059, -6.81993579899995 ], [ 39.158832549000067, -6.81991624799997 ], [ 39.158657073000086, -6.819877146999886 ], [ 39.158493043000192, -6.819789886999956 ], [ 39.158424377000017, -6.819763183999896 ], [ 39.158271790000128, -6.819702147999976 ], [ 39.158031464000146, -6.819634436999877 ], [ 39.158029510742686, -6.819634659242183 ], [ 39.1580291, -6.8196345 ], [ 39.157708032565935, -6.81966829199996 ], [ 39.157470703000172, -6.81966829199996 ], [ 39.157291556417377, -6.819712125663864 ], [ 39.1572899, -6.8197123 ], [ 39.1570808, -6.8198874 ], [ 39.157025581121751, -6.819914082185858 ], [ 39.156787873000155, -6.82002830599987 ], [ 39.15646362300015, -6.820076942999833 ], [ 39.156276704000049, -6.820144175999872 ], [ 39.156219482000097, -6.820164202999933 ], [ 39.156215218228915, -6.820164621166084 ], [ 39.15551434475838, -6.820167723520067 ], [ 39.155490875000169, -6.820164202999933 ], [ 39.155292511000084, -6.82015943499988 ], [ 39.155136108000193, -6.820168971999976 ], [ 39.155135696503578, -6.820169399572836 ], [ 39.1551356, -6.8201694 ], [ 39.154727192697841, -6.820582706190241 ], [ 39.154726804903063, -6.8205828716744 ], [ 39.154253455917306, -6.820697840688017 ], [ 39.154248703876171, -6.820698022181176 ], [ 39.153236210024133, -6.820703504999869 ], [ 39.153144837000184, -6.820703504999869 ], [ 39.1531382864449, -6.820703069492128 ], [ 39.152836030642966, -6.820659890091852 ], [ 39.152694701000087, -6.820625303999975 ], [ 39.15242767400008, -6.82058954199988 ], [ 39.152301788000159, -6.820577143999913 ], [ 39.152175904000046, -6.820565223999893 ], [ 39.15217341039849, -6.8205657340399 ], [ 39.151438588444094, -6.820656746698495 ], [ 39.151268005000134, -6.82066726599993 ], [ 39.151226043000065, -6.820592402999921 ], [ 39.151203156, -6.820548057999929 ], [ 39.151054382000154, -6.820500372999959 ], [ 39.150909423000144, -6.820485591999955 ], [ 39.150863647999984, -6.820481299999869 ], [ 39.150638580000191, -6.820457935999912 ], [ 39.150637896197139, -6.820457769322153 ], [ 39.150059741753232, -6.820298953561363 ], [ 39.149814606000064, -6.820226669999954 ], [ 39.149608612000065, -6.820174692999899 ], [ 39.149608823062131, -6.820175088743342 ], [ 39.1496085, -6.820175 ], [ 39.14961094513216, -6.820179067645507 ], [ 39.14964675900012, -6.820246218999955 ], [ 39.149715424000192, -6.820353508999972 ], [ 39.149772644000166, -6.821281431999921 ], [ 39.149749462622033, -6.82134260261057 ], [ 39.1493202, -6.8224695 ], [ 39.1489582, -6.8229785 ], [ 39.148700707756554, -6.823243842185502 ], [ 39.14859390200013, -6.823353289999943 ], [ 39.148433684000054, -6.823059557999954 ], [ 39.148432999989147, -6.82306006451834 ], [ 39.1484328, -6.8230597 ], [ 39.147571876138585, -6.823640617050826 ], [ 39.147548675000053, -6.823654650999913 ], [ 39.14743502759395, -6.823732956985308 ], [ 39.1473908, -6.8237628 ], [ 39.1472194, -6.8242232 ], [ 39.147199384138681, -6.824330507256488 ], [ 39.147151947000111, -6.824570655999935 ], [ 39.147068023000088, -6.82486438799998 ], [ 39.147052765000069, -6.824969291999878 ], [ 39.14698119860752, -6.825500224131906 ], [ 39.1469746, -6.8255356 ], [ 39.147287087568685, -6.827040748455827 ], [ 39.147399903, -6.827587127999948 ], [ 39.147418113727873, -6.827750761139776 ], [ 39.147500728791123, -6.828520890119898 ], [ 39.147521974000085, -6.828728198999954 ], [ 39.147480012000187, -6.829213141999901 ], [ 39.147502898000084, -6.829766272999962 ], [ 39.147502244474488, -6.829772024182827 ], [ 39.14736877051849, -6.830387016874337 ], [ 39.147346496000125, -6.830366134999906 ], [ 39.146976471000187, -6.830123423999908 ], [ 39.146900177000077, -6.830071448999888 ], [ 39.146747590000132, -6.829963683999949 ], [ 39.146636963000162, -6.829887867999958 ], [ 39.146610261000035, -6.829861163999965 ], [ 39.146385193000071, -6.829627512999934 ], [ 39.146209717000147, -6.82932805899992 ], [ 39.146083832000102, -6.82909250299997 ], [ 39.146060943000066, -6.829000948999976 ], [ 39.145999908000078, -6.828835010999967 ], [ 39.145935059000124, -6.828654764999897 ], [ 39.145793915000183, -6.828222751999931 ], [ 39.145435334000126, -6.827876090999951 ], [ 39.145309448000148, -6.827759742999945 ], [ 39.145069122000166, -6.827460766999877 ], [ 39.144836426000097, -6.82725000399995 ], [ 39.14464187599998, -6.827067375999945 ], [ 39.144493102000126, -6.826972483999896 ], [ 39.144432069000118, -6.827004909999914 ], [ 39.14437103400013, -6.827110767999955 ], [ 39.144302368000126, -6.82719898199997 ], [ 39.14421844400016, -6.827280043999963 ], [ 39.144065857000044, -6.827343463999966 ], [ 39.143939971000123, -6.827403543999935 ], [ 39.143852234, -6.827466964999928 ], [ 39.14379119900002, -6.827516078999906 ], [ 39.143722534000119, -6.827548025999931 ], [ 39.143611908000025, -6.827548025999931 ], [ 39.143424987000117, -6.827537535999909 ], [ 39.143360139000094, -6.827527044999954 ], [ 39.143188475999978, -6.827498435999871 ], [ 39.143020630000137, -6.827435015999981 ], [ 39.142921448000095, -6.827399730999957 ], [ 39.142818451000039, -6.82734012599991 ], [ 39.142723084000068, -6.827265739999973 ], [ 39.142581940000071, -6.827219962999948 ], [ 39.142532348000088, -6.827202319999969 ], [ 39.142402649000076, -6.827156542999944 ], [ 39.14229965200019, -6.82709312399993 ], [ 39.142150880000145, -6.827029703999926 ], [ 39.142074586000035, -6.82694482799991 ], [ 39.141975404000164, -6.826828479999961 ], [ 39.141868591000105, -6.826712131999955 ], [ 39.141815186000088, -6.826634407999961 ], [ 39.1417541510001, -6.826578139999924 ], [ 39.141639709, -6.826476097999944 ], [ 39.141544341000099, -6.82640886299987 ], [ 39.141468048000092, -6.826359747999902 ], [ 39.141357422, -6.826299666999887 ], [ 39.141288757000098, -6.826242923999928 ], [ 39.141185760000042, -6.826155185999937 ], [ 39.141155243000071, -6.826108932999944 ], [ 39.141151428000057, -6.826070308999931 ], [ 39.141132355000138, -6.825936317999947 ], [ 39.141105651000089, -6.825802325999973 ], [ 39.141098023000154, -6.825640200999885 ], [ 39.141124724000122, -6.825449466999885 ], [ 39.141120911000087, -6.825266360999933 ], [ 39.141139985000052, -6.825079439999911 ], [ 39.141193390000126, -6.824803351999833 ], [ 39.141185760000042, -6.824624538999956 ], [ 39.141220093000129, -6.824504375999936 ], [ 39.141246795000029, -6.824447630999884 ], [ 39.141288757000098, -6.824363231999939 ], [ 39.141407012000059, -6.824243545999877 ], [ 39.141571045000035, -6.824063777999925 ], [ 39.141620635000038, -6.823968410999953 ], [ 39.141662597000163, -6.82385921499997 ], [ 39.141696931000126, -6.823721408999916 ], [ 39.141696931000126, -6.823563098999955 ], [ 39.141670227000077, -6.82346439399987 ], [ 39.141628265000122, -6.823316096999974 ], [ 39.141563415000121, -6.82306909599987 ], [ 39.141551972000116, -6.822906970999952 ], [ 39.141548157000102, -6.822688102999962 ], [ 39.141513825000061, -6.822462557999927 ], [ 39.141506195000147, -6.822339056999965 ], [ 39.141510010000047, -6.822244166999894 ], [ 39.141609192000089, -6.822010993999868 ], [ 39.141742706000116, -6.821806431999846 ], [ 39.141864776000091, -6.821637153999973 ], [ 39.142024994, -6.821440219999943 ], [ 39.142044067000086, -6.821389196999974 ], [ 39.142066956000122, -6.821337699999958 ], [ 39.142150880000145, -6.821235656999932 ], [ 39.142204285, -6.821066379999877 ], [ 39.142242432000046, -6.820925712999895 ], [ 39.142276763000154, -6.820717810999895 ], [ 39.142288208000139, -6.82055902399992 ], [ 39.142337799000074, -6.820315836999953 ], [ 39.142353057000093, -6.820256233999942 ], [ 39.142387391000057, -6.820170402999906 ], [ 39.142414092000081, -6.820057391999967 ], [ 39.142433166000046, -6.819930553999882 ], [ 39.14244461100003, -6.81984948999991 ], [ 39.142456054000149, -6.819764613999837 ], [ 39.142459869000049, -6.819736479999904 ], [ 39.142463684000063, -6.819644927999946 ], [ 39.142475128000115, -6.819539069999905 ], [ 39.142559051000035, -6.819327352999892 ], [ 39.14259719800009, -6.819258211999966 ], [ 39.142631530000131, -6.819200991999935 ], [ 39.142677307000099, -6.819122790999927 ], [ 39.142719269000168, -6.819034576999911 ], [ 39.142765046000136, -6.818939684999975 ], [ 39.142902375000062, -6.818847655999889 ], [ 39.143074035000041, -6.818724154999813 ], [ 39.143238068000187, -6.818562029999896 ], [ 39.143383025000048, -6.818350314999975 ], [ 39.143550873000038, -6.818124771999976 ], [ 39.143661498000085, -6.81783199299997 ], [ 39.143798827000126, -6.817592143999946 ], [ 39.143981933000191, -6.81729602799993 ], [ 39.144126892000031, -6.817073821999941 ], [ 39.14419937100007, -6.816939830999956 ], [ 39.144382477000136, -6.816707132999966 ], [ 39.144546509000179, -6.816414356999928 ], [ 39.144645691000051, -6.816227434999973 ], [ 39.144699097, -6.816026687999909 ], [ 39.144584656000063, -6.815948486999901 ], [ 39.144439697000053, -6.81587648399983 ], [ 39.144332887000076, -6.815668581999944 ], [ 39.144195556, -6.815280435999966 ], [ 39.144054414000038, -6.814747810999961 ], [ 39.143943786000136, -6.814431665999905 ], [ 39.143825531000061, -6.814043520999974 ], [ 39.143745422000052, -6.813827037999886 ], [ 39.143512725999983, -6.813709734999975 ], [ 39.143394469999976, -6.813691615999971 ], [ 39.143417359000182, -6.813594816999966 ], [ 39.143451691, -6.81346750299997 ], [ 39.143585205000079, -6.81336164399994 ], [ 39.143604278000112, -6.813322543999902 ], [ 39.14365005500008, -6.813221453999972 ], [ 39.143665313000099, -6.813098430999901 ], [ 39.143730164000033, -6.813005923999981 ], [ 39.143817903000127, -6.812922477999905 ], [ 39.143795014000091, -6.812827585999969 ], [ 39.143821716000161, -6.812707422999893 ], [ 39.143913270000098, -6.8127031329999 ], [ 39.144042968000178, -6.812659262999887 ], [ 39.144123077000131, -6.81260204299997 ], [ 39.144119262000117, -6.812505245999944 ], [ 39.144138336000083, -6.812395572999947 ], [ 39.144268036000142, -6.812338352999916 ], [ 39.144348145000095, -6.812307833999967 ], [ 39.144374847, -6.812246321999851 ], [ 39.144432069000118, -6.81217575099987 ], [ 39.144466401000159, -6.81206607799993 ], [ 39.144584656000063, -6.81196069799995 ], [ 39.144676208000192, -6.811925410999947 ], [ 39.14472198500016, -6.811899184999902 ], [ 39.144790649000129, -6.811798094999972 ], [ 39.144874572000049, -6.811714648999896 ], [ 39.144905091, -6.811697005999974 ], [ 39.144969939000077, -6.811706065999886 ], [ 39.145038605000025, -6.811631201999944 ], [ 39.145099640000012, -6.811517236999919 ], [ 39.145179749000192, -6.811473369999931 ], [ 39.145309448000148, -6.81134557699994 ], [ 39.145347595000032, -6.811271190999889 ], [ 39.145420075000175, -6.811205386999973 ], [ 39.145557404000101, -6.811139106999974 ], [ 39.145675660000109, -6.811069010999972 ], [ 39.14570999100016, -6.810994147999963 ], [ 39.145805359000065, -6.810915468999951 ], [ 39.145862579000038, -6.81088876799987 ], [ 39.145999908000078, -6.810805320999975 ], [ 39.146011353000063, -6.810774801999969 ], [ 39.14606857299998, -6.81058597599997 ], [ 39.146106720000034, -6.810484885999927 ], [ 39.146186829000044, -6.810414790999914 ], [ 39.14625549200008, -6.810379503999911 ], [ 39.146297454000035, -6.810357569999894 ], [ 39.146362305000139, -6.810361862999969 ], [ 39.146461487000181, -6.81034278899989 ], [ 39.146495818000119, -6.810326575999966 ], [ 39.146556854000153, -6.810238836999929 ], [ 39.146625519000054, -6.810174941999946 ], [ 39.146705628000063, -6.809935092999922 ], [ 39.146762848000151, -6.809860706999928 ], [ 39.146823884000071, -6.809786795999912 ], [ 39.146907807000161, -6.809642313999973 ], [ 39.147018433000085, -6.8095226289999 ], [ 39.147190093000063, -6.809402942999952 ], [ 39.147300721000192, -6.809328554999922 ], [ 39.147399903, -6.809272288999978 ], [ 39.147480012000187, -6.809191225999939 ], [ 39.147617341000057, -6.808997630999897 ], [ 39.14774704000007, -6.808825015999901 ], [ 39.14789199900008, -6.808673380999892 ], [ 39.147998809, -6.808585166999876 ], [ 39.148151398000095, -6.808419703999959 ], [ 39.148242950000053, -6.808215139999902 ], [ 39.148307800999987, -6.808056829999941 ], [ 39.148303986000144, -6.807905197999844 ], [ 39.148288727000192, -6.807775019999895 ], [ 39.148281097000108, -6.807725428999959 ], [ 39.148281097000108, -6.807618616999946 ], [ 39.148281097000108, -6.807554721999963 ], [ 39.148262024000019, -6.807485580999924 ], [ 39.148315429000093, -6.807385443999976 ], [ 39.148330689000147, -6.807349681999881 ], [ 39.148509980000142, -6.807133196999928 ], [ 39.148651124000082, -6.80686521399997 ], [ 39.148712157000091, -6.806540488999815 ], [ 39.148651124000082, -6.806385993999925 ], [ 39.148475646000122, -6.806241511999929 ], [ 39.148319244000163, -6.805994032999877 ], [ 39.148429871000133, -6.805679797999915 ], [ 39.14855194200004, -6.805483816999981 ], [ 39.148685456000067, -6.805406570999935 ], [ 39.148910522000051, -6.805504797999902 ], [ 39.149204255000086, -6.805571555999848 ], [ 39.149330139000028, -6.805377959999817 ], [ 39.149375916000167, -6.805087088999926 ], [ 39.149379731000067, -6.805052278999938 ], [ 39.149497986000142, -6.804944991999946 ], [ 39.149673462000123, -6.80487728099996 ], [ 39.149940490000176, -6.804826735999939 ], [ 39.150051117000032, -6.804805754999961 ], [ 39.15031433200005, -6.804718493999871 ], [ 39.150386811000089, -6.804424761999883 ], [ 39.150535583000135, -6.804225920999954 ], [ 39.150836944000105, -6.80409526699998 ], [ 39.150909423000144, -6.804063319999955 ], [ 39.150943757000164, -6.804104804999895 ], [ 39.151012420000029, -6.80410909699998 ], [ 39.151134491000107, -6.804113387999962 ], [ 39.151313782000102, -6.804149149999944 ], [ 39.151546478000171, -6.804153918999873 ], [ 39.151718140000185, -6.804198741999926 ], [ 39.151782989000139, -6.804214 ], [ 39.15184783899997, -6.804229735999911 ], [ 39.151954651000096, -6.804261206999968 ], [ 39.152057649000142, -6.804261206999968 ], [ 39.152263641000104, -6.804247855999904 ], [ 39.152359008000076, -6.804252146999943 ], [ 39.152572633000091, -6.804220674999897 ], [ 39.152698517000033, -6.804216384999961 ], [ 39.152832030000127, -6.804193973999929 ], [ 39.152980805000141, -6.80416297999983 ], [ 39.153133392000029, -6.804118155999959 ], [ 39.153224946000137, -6.804064272999938 ], [ 39.153266906000056, -6.804010867999921 ], [ 39.153339386000027, -6.803863047999869 ], [ 39.153366088000098, -6.803769111999941 ], [ 39.153427123000085, -6.803617 ], [ 39.153526305000128, -6.803500651999911 ], [ 39.153656006000119, -6.803299426999956 ], [ 39.153808594000111, -6.803178786999922 ], [ 39.153869629000098, -6.803116320999891 ], [ 39.154026031000114, -6.803062438999973 ], [ 39.154121398000086, -6.803026676999934 ], [ 39.154235841000059, -6.802990912999917 ], [ 39.154285431000062, -6.802981851999959 ], [ 39.154384613000104, -6.802990912999917 ], [ 39.154506684000182, -6.803058147999877 ], [ 39.154663086000141, -6.803138731999979 ], [ 39.154769898000097, -6.80321931799989 ], [ 39.154884339000034, -6.803296088999957 ], [ 39.15504074100005, -6.803287981999972 ], [ 39.155212402000132, -6.803291796999929 ], [ 39.155326842000136, -6.803228378999961 ], [ 39.155441285000109, -6.803144931999952 ], [ 39.155467986000133, -6.803125858999977 ], [ 39.155563355000083, -6.803057192999972 ], [ 39.15570068400018, -6.802966116999926 ], [ 39.155735016000165, -6.802946567999925 ], [ 39.155815125000174, -6.802902220999954 ], [ 39.155956269000114, -6.802850722999949 ], [ 39.156044006000172, -6.802884577999919 ], [ 39.156131745000039, -6.802918433999878 ], [ 39.156204223000032, -6.803065298999968 ], [ 39.156227112000067, -6.803160667999919 ], [ 39.156280517000084, -6.803343771999891 ], [ 39.156356811000194, -6.80343675599994 ], [ 39.156425476000095, -6.803454876999922 ], [ 39.156539917000089, -6.803439140999956 ], [ 39.156642914000145, -6.80337142999997 ], [ 39.15676498400012, -6.803299903999914 ], [ 39.156864167000094, -6.80324840499992 ], [ 39.157005311000034, -6.803200721999872 ], [ 39.157142640000131, -6.803053377999959 ], [ 39.157363892000149, -6.802886484999817 ], [ 39.157493591000105, -6.802791117999902 ], [ 39.157627105000131, -6.802743433999979 ], [ 39.157764434000057, -6.802719592999949 ], [ 39.157894135000049, -6.802703378999922 ], [ 39.157997132000105, -6.802667139999869 ], [ 39.15803527900016, -6.802475928999968 ], [ 39.158023834, -6.80234050699994 ], [ 39.158016205000024, -6.802237034999905 ], [ 39.158012390000124, -6.802177428999926 ], [ 39.15800857500011, -6.80198192499995 ], [ 39.15800476000004, -6.80185079599994 ], [ 39.158020019000162, -6.801719187999936 ], [ 39.158069610999974, -6.801611899999955 ], [ 39.158164978000173, -6.801587581999968 ], [ 39.158214570000155, -6.801630018999958 ], [ 39.158279418, -6.801643371999887 ], [ 39.158412934000069, -6.801719187999936 ], [ 39.158466339000142, -6.80166339799996 ], [ 39.158493043000192, -6.801556109999979 ], [ 39.15850830100004, -6.801480291999894 ], [ 39.15850830100004, -6.801388739999879 ], [ 39.158493043000192, -6.801261423999904 ], [ 39.158462524000072, -6.801077842999916 ], [ 39.158447266000053, -6.800986288999979 ], [ 39.158454896000137, -6.800910949999945 ], [ 39.158504486000027, -6.800838946999932 ], [ 39.158679962000122, -6.800795076999975 ], [ 39.158775329000093, -6.800759314999937 ], [ 39.158927918000018, -6.800711630999899 ], [ 39.159065247000115, -6.800652027999945 ], [ 39.159172057000092, -6.800540447999936 ], [ 39.159179688000108, -6.800381182999899 ], [ 39.15921401900016, -6.800189970999895 ], [ 39.159263611000029, -6.800034521999919 ], [ 39.159343720000152, -6.799871443999905 ], [ 39.159427642000026, -6.799731731999827 ], [ 39.159473419000165, -6.799668311999881 ], [ 39.159519196000133, -6.799604415999966 ], [ 39.159561158000031, -6.799536705999856 ], [ 39.159626006000053, -6.799381255999947 ], [ 39.159687042000144, -6.799262045999967 ], [ 39.159770965000064, -6.79920244199991 ], [ 39.159896850999985, -6.799116133999973 ], [ 39.159927368000126, -6.799095629999954 ], [ 39.159999848000098, -6.799042701999838 ], [ 39.160114289000035, -6.7989912029999 ], [ 39.160179137000114, -6.798943519999966 ], [ 39.16020202600015, -6.79890966399995 ], [ 39.160186767000027, -6.798883437999962 ], [ 39.160160064000024, -6.798829554999941 ], [ 39.16012191700014, -6.798768041999949 ], [ 39.160037995000152, -6.798712729999977 ], [ 39.160011292000149, -6.798672674999864 ], [ 39.160041808000187, -6.798604964999925 ], [ 39.160102844000107, -6.798573017999956 ], [ 39.160205841000163, -6.798569202999829 ], [ 39.16034317000009, -6.798584937999976 ], [ 39.160438537000061, -6.798576830999934 ], [ 39.160568238000053, -6.798600673999943 ], [ 39.16070556700015, -6.798608779999881 ], [ 39.16078567500017, -6.798624514999972 ], [ 39.160934448000148, -6.798620699999901 ], [ 39.161075592000088, -6.798632620999911 ], [ 39.161327363000055, -6.798640728999885 ], [ 39.161449432000154, -6.798652648999962 ], [ 39.161605834000113, -6.798620699999901 ], [ 39.161705016000155, -6.798594951999917 ], [ 39.16180419799997, -6.798541068999896 ], [ 39.16188430700015, -6.798397539999939 ], [ 39.161895752000135, -6.798329828999897 ], [ 39.161899567000148, -6.798241137999923 ], [ 39.161865234000061, -6.798003673999915 ], [ 39.161846160000096, -6.797887800999945 ], [ 39.161846160000096, -6.79784631699988 ], [ 39.161846160000096, -6.797782420999908 ], [ 39.161838532000161, -6.797515868999881 ], [ 39.161838532000161, -6.797482966999837 ], [ 39.161888122, -6.797227382999893 ], [ 39.161895752000135, -6.797184942999934 ], [ 39.162044525000056, -6.796946524999953 ], [ 39.162292481000179, -6.796815870999978 ], [ 39.16254806500018, -6.796799659999976 ], [ 39.162727356000175, -6.796736239999973 ], [ 39.162853240000118, -6.796734331999971 ], [ 39.162979126000039, -6.796692847999907 ], [ 39.16312790000012, -6.796645639999895 ], [ 39.163459778, -6.796586512999909 ], [ 39.163841248000153, -6.796627996999973 ], [ 39.164043425999978, -6.796596527999952 ], [ 39.164180755000075, -6.796450137999898 ], [ 39.164398192000021, -6.796213626999872 ], [ 39.164604187000123, -6.796178340999973 ], [ 39.16466140700004, -6.796180247999871 ], [ 39.164760589000082, -6.796184538999967 ], [ 39.164810181000121, -6.796191215999954 ], [ 39.164985657000045, -6.796223162999979 ], [ 39.165161133000026, -6.796243190999917 ], [ 39.165206910000165, -6.796238420999885 ], [ 39.165313720000142, -6.796226977999936 ], [ 39.165439606000064, -6.796159266999894 ], [ 39.165493011000137, -6.796131610999907 ], [ 39.165546415999984, -6.796103954999978 ], [ 39.165660859000127, -6.796060084999965 ], [ 39.165794372999983, -6.796072005999974 ], [ 39.165939332, -6.796163557999932 ], [ 39.166107177000129, -6.796243190999917 ], [ 39.16623687800012, -6.796258926999883 ], [ 39.166358947000163, -6.796263216999876 ], [ 39.16650009100016, -6.796243190999917 ], [ 39.166648865000184, -6.79619932199995 ], [ 39.166690827000082, -6.796175480999921 ], [ 39.166755675000161, -6.796136855999919 ], [ 39.166847229000098, -6.79609107899995 ], [ 39.166980743000124, -6.796035766999978 ], [ 39.167026520000093, -6.796021460999953 ], [ 39.167068482000161, -6.796008109999946 ], [ 39.167240143000072, -6.796008109999946 ], [ 39.167545319000112, -6.796082018999925 ], [ 39.167701722000174, -6.796155451999937 ], [ 39.16777420000011, -6.796174047999955 ], [ 39.167919160000054, -6.79624795899997 ], [ 39.168037415000128, -6.79632186799995 ], [ 39.168193817000144, -6.796349525999915 ], [ 39.1683235160001, -6.796261786999935 ], [ 39.168453217000092, -6.796234130999892 ], [ 39.16854476900005, -6.796268939999948 ], [ 39.1685714730001, -6.796280382999896 ], [ 39.168628693000016, -6.796330927999975 ], [ 39.168739318000064, -6.796487807999938 ], [ 39.168861389000085, -6.796713828999941 ], [ 39.168964386000027, -6.796949386999927 ], [ 39.169025421000185, -6.797115324999879 ], [ 39.169101715000124, -6.79735517599994 ], [ 39.169147492000093, -6.797521590999906 ], [ 39.16925048700017, -6.797673700999894 ], [ 39.169342041000107, -6.797775267999953 ], [ 39.169494629000098, -6.797816752999893 ], [ 39.169601441000054, -6.797807691999878 ], [ 39.169734955000081, -6.797802924999928 ], [ 39.169902802000024, -6.797844408999879 ], [ 39.169994354000153, -6.797876834999897 ], [ 39.170085906000111, -6.797872064999979 ], [ 39.170177460000048, -6.797811984999953 ], [ 39.170242309000173, -6.797784328999967 ], [ 39.170269012000119, -6.797777175999954 ], [ 39.170314789000088, -6.797764299999926 ], [ 39.170337678000124, -6.797791003999919 ], [ 39.170524597000053, -6.797959803999959 ], [ 39.170551300000056, -6.797985075999975 ], [ 39.170715333000032, -6.798214435999967 ], [ 39.170742035000103, -6.798273563999942 ], [ 39.17080307000009, -6.798333643999968 ], [ 39.17083358900004, -6.798375128999908 ], [ 39.170898437000062, -6.79844427199987 ], [ 39.170951844000172, -6.798459529999889 ], [ 39.171154021000063, -6.798523425999861 ], [ 39.171386719000168, -6.798413275999962 ], [ 39.171447755000031, -6.79818296499991 ], [ 39.171459198000036, -6.798134802999925 ], [ 39.171474456000055, -6.798064708999902 ], [ 39.17150878800004, -6.797927379999919 ], [ 39.171577454000044, -6.797793863999971 ], [ 39.171665192000034, -6.797678470999927 ], [ 39.171752929000093, -6.797558307999964 ], [ 39.171817780000026, -6.797466278999877 ], [ 39.171894073000033, -6.797392367999976 ], [ 39.171993256000178, -6.797313688999964 ], [ 39.172142028000053, -6.797267913999974 ], [ 39.172294617000148, -6.797258376999878 ], [ 39.172435761000088, -6.797276972999953 ], [ 39.172542571000065, -6.797299860999942 ], [ 39.172630310000102, -6.797333716999901 ], [ 39.172710419000055, -6.797378539999897 ], [ 39.172786713000164, -6.797438621999959 ], [ 39.172912598000039, -6.797567843999843 ], [ 39.172988892000092, -6.79765081499994 ], [ 39.173030854000046, -6.79767608599991 ], [ 39.173095702000069, -6.797689436999974 ], [ 39.173122406000175, -6.797718524999937 ], [ 39.173145294000108, -6.797742366999955 ], [ 39.173328400000116, -6.797707079999896 ], [ 39.173545838, -6.797702789999903 ], [ 39.173976898000149, -6.797681330999978 ], [ 39.174255371000186, -6.7976675029999 ], [ 39.174327850000054, -6.797663210999929 ], [ 39.17451095600012, -6.79764556899994 ], [ 39.174575806000121, -6.797623155999872 ], [ 39.174564361000193, -6.79758834699993 ], [ 39.174579620000088, -6.79739665999989 ], [ 39.174541473000033, -6.797274589999915 ], [ 39.174530028999982, -6.797154426999896 ], [ 39.174518586000033, -6.797103881999931 ], [ 39.174514771000133, -6.797042368999882 ], [ 39.174514771000133, -6.79697370599996 ], [ 39.174484252000013, -6.796581744999969 ], [ 39.174716948000082, -6.796341895999944 ], [ 39.174751282000102, -6.796300886999973 ], [ 39.174774171000138, -6.796283245999973 ], [ 39.174968720000152, -6.796096324999951 ], [ 39.175102234000178, -6.796087741999941 ], [ 39.175159454000095, -6.796087741999941 ], [ 39.175239563000105, -6.796087741999941 ], [ 39.175556182999969, -6.796092033999969 ], [ 39.17588806100008, -6.796158312999921 ], [ 39.175949096000068, -6.795897959999877 ], [ 39.176055908000023, -6.795708178999973 ], [ 39.176376343000186, -6.795637607999936 ], [ 39.176616670000101, -6.795619964999958 ], [ 39.176731110000105, -6.795540332999963 ], [ 39.176727295000092, -6.795497416999865 ], [ 39.176727295000092, -6.795449733999931 ], [ 39.176727295000092, -6.795420645999968 ], [ 39.176715852000086, -6.795200824999938 ], [ 39.176700590999985, -6.794909476999976 ], [ 39.176700590999985, -6.794627187999879 ], [ 39.176837920000082, -6.794476985999893 ], [ 39.176856994000048, -6.794453619999899 ], [ 39.176925659000176, -6.794405937999954 ], [ 39.177192689000037, -6.794525622999913 ], [ 39.177356720000034, -6.794493674999956 ], [ 39.177612304000036, -6.794533251999951 ], [ 39.177783967000096, -6.794569014999979 ], [ 39.177932738999971, -6.794597148999969 ], [ 39.178112030000193, -6.794632910999894 ], [ 39.178203582000094, -6.794652461999931 ], [ 39.178245544000049, -6.794658183999957 ], [ 39.178287506000117, -6.79466438299994 ], [ 39.178295136000031, -6.794540881999922 ], [ 39.178314209000121, -6.7941198339999 ], [ 39.178260804000047, -6.793917179999937 ], [ 39.178234100000168, -6.79385757499989 ], [ 39.178153992000091, -6.793535231999954 ], [ 39.178054810000049, -6.793368338999926 ], [ 39.178012848000151, -6.793288707999977 ], [ 39.177997589000029, -6.793257235999874 ], [ 39.17798233100018, -6.793225287999974 ], [ 39.177902222000057, -6.793181417999904 ], [ 39.17786788900014, -6.793036460999815 ], [ 39.177814483000134, -6.792927740999971 ], [ 39.177677154000094, -6.792653560999952 ], [ 39.177577972000051, -6.792401790999975 ], [ 39.177516937000064, -6.792154311999923 ], [ 39.177482605000023, -6.792056559999935 ], [ 39.177444458000025, -6.791944026999943 ], [ 39.177402497000173, -6.791720389999966 ], [ 39.177299499000185, -6.791411876999973 ], [ 39.177146912000069, -6.791239738999934 ], [ 39.1771011350001, -6.791187761999879 ], [ 39.177021026000148, -6.790998457999933 ], [ 39.176986695000039, -6.790913581999916 ], [ 39.177013398000042, -6.790760039999952 ], [ 39.177040100000113, -6.79058694899993 ], [ 39.177066803000116, -6.790430545999925 ], [ 39.17709732000003, -6.790254592999929 ], [ 39.177181244000053, -6.78969430899997 ], [ 39.177173614000139, -6.789535521999937 ], [ 39.177219391000108, -6.789194583999972 ], [ 39.177341461000083, -6.788345335999963 ], [ 39.177307129000098, -6.787901877999957 ], [ 39.177360535000048, -6.787836551999874 ], [ 39.177410127000087, -6.787668226999926 ], [ 39.177509309000129, -6.787441253999873 ], [ 39.177570342000138, -6.787299631999872 ], [ 39.177509309000129, -6.78724813499997 ], [ 39.177234649000127, -6.787137984999902 ], [ 39.177112580000085, -6.787089347999881 ], [ 39.176643371000068, -6.78690290399993 ], [ 39.176181794000172, -6.786729812999965 ], [ 39.176097870000149, -6.786708831999931 ], [ 39.176013947000058, -6.786687850999954 ], [ 39.175727843000175, -6.786623000999953 ], [ 39.17564392100013, -6.786599636999938 ], [ 39.175292968000178, -6.786538123999946 ], [ 39.175205231000064, -6.786538123999946 ], [ 39.174880981000058, -6.786538123999946 ], [ 39.174747467000032, -6.786538123999946 ], [ 39.174671173000149, -6.786566732999972 ], [ 39.17451095600012, -6.786577223999871 ], [ 39.174339295000038, -6.786605356999871 ], [ 39.173828124000124, -6.786672592999935 ], [ 39.173690795000027, -6.78671550699994 ], [ 39.173488618000079, -6.786778925999954 ], [ 39.173122406000175, -6.786914348999971 ], [ 39.173053741000047, -6.786762236999891 ], [ 39.173019409000062, -6.786695478999889 ], [ 39.172973634000073, -6.786604881999949 ], [ 39.172958372999972, -6.786574362999886 ], [ 39.172916412000177, -6.786492823999936 ], [ 39.172821044000102, -6.786179064999885 ], [ 39.172725677000074, -6.786061286999825 ], [ 39.172664642000086, -6.785949228999868 ], [ 39.172611237000069, -6.785798071999977 ], [ 39.17259216400015, -6.785708902999886 ], [ 39.172550202000082, -6.785540104999939 ], [ 39.172485351000091, -6.785360813999944 ], [ 39.17239379900019, -6.785069464999935 ], [ 39.172336579000046, -6.784828185999913 ], [ 39.172260285000164, -6.784593104999942 ], [ 39.172004699000126, -6.784224985999856 ], [ 39.171958924000137, -6.78415489199989 ], [ 39.171829222999975, -6.783954142999903 ], [ 39.171749114000193, -6.783802508999884 ], [ 39.171722413000055, -6.783628939999915 ], [ 39.171745301000158, -6.783269880999967 ], [ 39.171752929000093, -6.783243179999886 ], [ 39.171878815000184, -6.782927989999905 ], [ 39.172080994000112, -6.782603264999977 ], [ 39.172325134000062, -6.78223323799989 ], [ 39.172546387000182, -6.782012461999955 ], [ 39.172615052000083, -6.78190994199997 ], [ 39.17271804700016, -6.781658647999961 ], [ 39.172809601000097, -6.78143834999986 ], [ 39.172866821000071, -6.781274317999873 ], [ 39.173015594, -6.780774593999979 ], [ 39.173194885000044, -6.780300616999966 ], [ 39.173320770000032, -6.77997779899988 ], [ 39.173355102000016, -6.779870033999941 ], [ 39.173568725000052, -6.779342173999964 ], [ 39.173614502000191, -6.779262542999959 ], [ 39.17366027900016, -6.779182909999918 ], [ 39.173717499000077, -6.778940200999841 ], [ 39.17374420200008, -6.77873277599997 ], [ 39.173812866000105, -6.778549194999925 ], [ 39.17392730600011, -6.778400897999973 ], [ 39.174049377000188, -6.778270721999945 ], [ 39.174125671000127, -6.778163908999886 ], [ 39.174407959, -6.777615545999936 ], [ 39.174411774000077, -6.777286527999877 ], [ 39.174392700000112, -6.777013777999969 ], [ 39.174396516000058, -6.77645921699991 ], [ 39.174396516000058, -6.776426314999924 ], [ 39.174391023131804, -6.776369681808004 ], [ 39.1745904, -6.7763083 ] ] ] ] } },
{ "type": "Feature", "properties": { "GID_3": "TZA.2.2.11_1", "GID_0": "TZA", "COUNTRY": "Tanzania", "GID_1": "TZA.2_1", "NAME_1": "Dar es Salaam", "NL_NAME_1": "NA", "GID_2": "TZA.2.2_1", "NAME_2": "Kinondoni", "NL_NAME_2": "NA", "NAME_3": "Kwembe", "VARNAME_3": "NA", "NL_NAME_3": "NA", "TYPE_3": "Wodi", "ENGTYPE_3": "Ward", "CC_3": "292", "HASC_3": "NA", "Area_km²": 60.428, "pop_densit": 1546.584, "population": 93457 }, "geometry": { "type": "MultiPolygon", "coordinates": [ [ [ [ 39.1191078, -6.8357279 ], [ 39.119171295665964, -6.835901806527257 ], [ 39.119174958000144, -6.83591222799987 ], [ 39.119168809475653, -6.835918850735539 ], [ 39.118793560240732, -6.836291763586435 ], [ 39.118633270000089, -6.8364396099999 ], [ 39.118336527952508, -6.836745950291401 ], [ 39.1183079, -6.8367744 ], [ 39.1174673, -6.8380068 ], [ 39.117427722381599, -6.838096398813437 ], [ 39.117313386000149, -6.838340758999948 ], [ 39.117265553053436, -6.838463530034713 ], [ 39.1172547, -6.8384881 ], [ 39.11718790562, -6.838901953401543 ], [ 39.117160796000121, -6.839066505999938 ], [ 39.117154482082469, -6.839087582473613 ], [ 39.1167693, -6.8402617 ], [ 39.11648923595763, -6.841531037028872 ], [ 39.116486493078149, -6.841534788323655 ], [ 39.1156864, -6.8425954 ], [ 39.1154437, -6.8430621 ], [ 39.1151823, -6.8438463 ], [ 39.1146596, -6.8447984 ], [ 39.114642292231217, -6.844815480885638 ], [ 39.114192962000061, -6.845208643999911 ], [ 39.113613128000054, -6.845806120999953 ], [ 39.113273388123204, -6.846166440377106 ], [ 39.1132407, -6.8461987 ], [ 39.1127179, -6.8463667 ], [ 39.112492751943165, -6.846604378618329 ], [ 39.112380982000047, -6.846721171999945 ], [ 39.112373971074767, -6.846792218545887 ], [ 39.112291164289239, -6.847531821451279 ], [ 39.112289428000111, -6.847544669999934 ], [ 39.112298821763609, -6.84758138705445 ], [ 39.1123866, -6.8479325 ], [ 39.1128387, -6.8486915 ], [ 39.112832968680685, -6.84907663753802 ], [ 39.11280822700013, -6.849482535999869 ], [ 39.112822800991708, -6.849759893606851 ], [ 39.1128226, -6.8497734 ], [ 39.112818062758407, -6.849785810277082 ], [ 39.11272811900011, -6.849999427999933 ], [ 39.112468719000105, -6.850693702999877 ], [ 39.112280111663068, -6.851257215758952 ], [ 39.1122735, -6.8512753 ], [ 39.112273520383425, -6.851276156103943 ], [ 39.112129211000081, -6.851540087999922 ], [ 39.112094879000097, -6.85159778499991 ], [ 39.112098694000167, -6.851636409999912 ], [ 39.112144471000136, -6.852082252999935 ], [ 39.112094879000097, -6.85242176099996 ], [ 39.112086518454603, -6.852448608367715 ], [ 39.1117568, -6.8533908 ], [ 39.1115145, -6.8544405 ], [ 39.111503351339543, -6.854464513253694 ], [ 39.111140498552949, -6.855218673562383 ], [ 39.1110947, -6.8553125 ], [ 39.110594, -6.8557324 ], [ 39.110584964633084, -6.855756931420968 ], [ 39.110557557000106, -6.855820655999935 ], [ 39.110401154000044, -6.856200217999969 ], [ 39.110366821000127, -6.856345652999892 ], [ 39.110360498607541, -6.856356717222951 ], [ 39.109808110816871, -6.85714591244758 ], [ 39.109802246000186, -6.857152937999899 ], [ 39.109760516885508, -6.857294400079149 ], [ 39.1097059, -6.8574764 ], [ 39.109747529680455, -6.857826845251196 ], [ 39.109783173000153, -6.858134268999947 ], [ 39.109779523640704, -6.858171769422801 ], [ 39.109389143829979, -6.861333923732158 ], [ 39.109382629000038, -6.861384390999888 ], [ 39.10939788800016, -6.862433909999879 ], [ 39.109247279996254, -6.863162443717402 ], [ 39.1091568, -6.8635968 ], [ 39.1088015, -6.8648726 ], [ 39.1089953, -6.8660676 ], [ 39.1089469, -6.8674726 ], [ 39.109201450405365, -6.868324802407187 ], [ 39.10931777899998, -6.868715762999955 ], [ 39.109332215979798, -6.868736263964502 ], [ 39.1102388, -6.8700564 ], [ 39.110533001304191, -6.870317942260334 ], [ 39.110553742000036, -6.870336532999943 ], [ 39.110568858216816, -6.870349818726696 ], [ 39.1106748, -6.870444 ], [ 39.1108847, -6.8711061 ], [ 39.1109332, -6.8718328 ], [ 39.1112723, -6.8726564 ], [ 39.111278278490794, -6.872693528931586 ], [ 39.111320495000143, -6.87314033499996 ], [ 39.111370087000182, -6.873264312999936 ], [ 39.111148834000062, -6.873273848999929 ], [ 39.1111507001768, -6.873322539649543 ], [ 39.111231769885137, -6.875940223284134 ], [ 39.111198425000168, -6.876101493999897 ], [ 39.110977174000084, -6.876062393999973 ], [ 39.110760426920237, -6.8760642 ], [ 39.109336123017428, -6.8760642 ], [ 39.109092713000052, -6.876036167999928 ], [ 39.107952117000139, -6.876062393999973 ], [ 39.107853119292329, -6.876050675615949 ], [ 39.105646720379582, -6.875757782221817 ], [ 39.105415343000061, -6.87572193099993 ], [ 39.104995728000063, -6.875669477999963 ], [ 39.103897095000036, -6.875460147999945 ], [ 39.103416442000139, -6.8754882799999 ], [ 39.101799011000139, -6.874742984999955 ], [ 39.099441528000057, -6.873791217999894 ], [ 39.098201753000069, -6.873583792999966 ], [ 39.097084045000145, -6.874122142999909 ], [ 39.095924378000177, -6.87503290099994 ], [ 39.094058991000111, -6.87557125099994 ], [ 39.091949462000116, -6.875736713999913 ], [ 39.090873719000172, -6.875695228999973 ], [ 39.090543651452116, -6.875448152733997 ], [ 39.0904195, -6.8737929 ], [ 39.090416025454196, -6.873792144584622 ], [ 39.09041595500014, -6.873791217999894 ], [ 39.089466096000137, -6.873583792999966 ], [ 39.087726592000081, -6.87296295099992 ], [ 39.085739136000143, -6.872507571999904 ], [ 39.084663391000049, -6.872756003999939 ], [ 39.083629608000024, -6.872052191999899 ], [ 39.082755510564489, -6.87136952389623 ], [ 39.0826783, -6.8713091 ], [ 39.082677533399782, -6.871308623908432 ], [ 39.082675933000075, -6.871307373999912 ], [ 39.082180021999989, -6.870993613999872 ], [ 39.080368042000032, -6.869842529999971 ], [ 39.080066681000062, -6.869651316999921 ], [ 39.07956314200004, -6.869372842999894 ], [ 39.078990935000036, -6.86930131999992 ], [ 39.077632904000041, -6.86930131999992 ], [ 39.077205659000128, -6.869182586999955 ], [ 39.076560974000131, -6.869039534999956 ], [ 39.075130462000061, -6.86875390899985 ], [ 39.074275971000191, -6.868444441999884 ], [ 39.072631837000188, -6.868110656999932 ], [ 39.071252749690018, -6.867682548540503 ], [ 39.0711339, -6.8669459 ], [ 39.0704671, -6.8648504 ], [ 39.0703481, -6.8639455 ], [ 39.070342791533584, -6.863937144088285 ], [ 39.069583891999969, -6.862729071999979 ], [ 39.069061550804832, -6.86191982355008 ], [ 39.0687288, -6.8611118 ], [ 39.0684431, -6.8600164 ], [ 39.068428636476405, -6.859931425849791 ], [ 39.068321228000173, -6.859109401999888 ], [ 39.068085395854162, -6.857914864671787 ], [ 39.0680621, -6.857778 ], [ 39.0666333, -6.8551824 ], [ 39.0663012, -6.8542816 ], [ 39.06629978611803, -6.854280462821639 ], [ 39.066299438000044, -6.854279517999942 ], [ 39.065433502000133, -6.853582857999925 ], [ 39.065413923211615, -6.853557772700649 ], [ 39.0649941, -6.853018 ], [ 39.064992216876078, -6.853017461964593 ], [ 39.064990997000052, -6.853015898999899 ], [ 39.064109803000122, -6.852764129999969 ], [ 39.063541411000188, -6.852511882999977 ], [ 39.062786103, -6.852448939999931 ], [ 39.061905293856114, -6.852134366162385 ], [ 39.0614662, -6.851758 ], [ 39.061283806543464, -6.851653775167696 ], [ 39.060913086000028, -6.851441382999951 ], [ 39.060584075363344, -6.851253715116206 ], [ 39.060175031372353, -6.850318757422517 ], [ 39.060142517000145, -6.850244044999897 ], [ 39.059595540659345, -6.849502748037677 ], [ 39.0592612, -6.849049 ], [ 39.058474341593687, -6.848564779442269 ], [ 39.057622912019774, -6.848040328122312 ], [ 39.0572452, -6.8471591 ], [ 39.057243635147088, -6.847157677406446 ], [ 39.057243346000178, -6.847157001999904 ], [ 39.057015173034237, -6.846949984576583 ], [ 39.0565522, -6.8465291 ], [ 39.05646994299439, -6.846392782208495 ], [ 39.055732728000066, -6.84514140999994 ], [ 39.055361961982541, -6.84455661611601 ], [ 39.0543473, -6.8428751 ], [ 39.0541583, -6.8419931 ], [ 39.0546678, -6.8409879 ], [ 39.0552292, -6.8407961 ], [ 39.0563002, -6.8409851 ], [ 39.0576862, -6.8409851 ], [ 39.0585052, -6.8402291 ], [ 39.0588758, -6.839242 ], [ 39.0587572, -6.8374572 ], [ 39.0583792, -6.8365752 ], [ 39.0583162, -6.8353782 ], [ 39.0593872, -6.8342442 ], [ 39.0599388, -6.8329981 ], [ 39.0592612, -6.8315352 ], [ 39.0599073, -6.8302882 ], [ 39.0598282, -6.8293303 ], [ 39.0599542, -6.8273773 ], [ 39.0594502, -6.8254243 ], [ 39.059450421362264, -6.825414730339035 ], [ 39.059707641000045, -6.824522971999897 ], [ 39.059487715220072, -6.824759014590578 ], [ 39.0594547, -6.824172 ], [ 39.0583985, -6.8232539 ], [ 39.0582449, -6.8228907 ], [ 39.058246771823555, -6.822872610819863 ], [ 39.058341980000137, -6.822483538999904 ], [ 39.058578491000048, -6.821519850999948 ], [ 39.058773040000062, -6.820611952999968 ], [ 39.058647157000053, -6.819676398999889 ], [ 39.058269501000041, -6.819103717999951 ], [ 39.057670593000068, -6.818712711999922 ], [ 39.057666384088698, -6.818707851143887 ], [ 39.0573231, -6.8183095 ], [ 39.0572532, -6.8178207 ], [ 39.0574488, -6.8171503 ], [ 39.0578398, -6.81641 ], [ 39.0578486, -6.8159216 ], [ 39.057651140994864, -6.815484334973195 ], [ 39.057601928000167, -6.815374374999919 ], [ 39.057338986852585, -6.815102501621348 ], [ 39.0572532, -6.8150133 ], [ 39.056932, -6.8144546 ], [ 39.056656121462531, -6.81354441805355 ], [ 39.056652068000062, -6.813530921999927 ], [ 39.056643076942805, -6.813519525780404 ], [ 39.05612965757846, -6.81280386890195 ], [ 39.056011201000103, -6.812599182999975 ], [ 39.055675475493082, -6.812170783054309 ], [ 39.0556488, -6.8121336 ], [ 39.055325819484949, -6.811814827284792 ], [ 39.055141450000178, -6.811631679999948 ], [ 39.054634094000107, -6.811333178999973 ], [ 39.05410766600005, -6.811060427999962 ], [ 39.053680419000159, -6.810988901999906 ], [ 39.053092957000047, -6.810910700999898 ], [ 39.05253601000004, -6.810910700999898 ], [ 39.052140305613271, -6.81069049563002 ], [ 39.052088241525979, -6.810644636466962 ], [ 39.051868439000145, -6.81044959999997 ], [ 39.051829860794236, -6.810376736068978 ], [ 39.051525, -6.8097958 ], [ 39.0514341, -6.8093866 ], [ 39.0514276, -6.8090619 ], [ 39.051719983003444, -6.808580333187253 ], [ 39.05190658600003, -6.808319567999945 ], [ 39.05205793881823, -6.808023706082898 ], [ 39.05209, -6.8079709 ], [ 39.0521744, -6.8076592 ], [ 39.0521679, -6.807315 ], [ 39.052077, -6.8068734 ], [ 39.0518031, -6.8065032 ], [ 39.051763439975012, -6.8064654213517 ], [ 39.051517487000069, -6.806221961999938 ], [ 39.051277691287311, -6.806001673149452 ], [ 39.0512068, -6.8057889 ], [ 39.051512, -6.805068 ], [ 39.0518031, -6.8046524 ], [ 39.051820089508901, -6.804592745053469 ], [ 39.051879882000094, -6.804423331999942 ], [ 39.052011133078224, -6.803921937322627 ], [ 39.052038, -6.8038276 ], [ 39.05216253123362, -6.80323288704398 ], [ 39.052196502000186, -6.803085326999906 ], [ 39.052232382884029, -6.802899302606634 ], [ 39.0523562, -6.802308 ], [ 39.0524835, -6.8010876 ], [ 39.0524634, -6.8000124 ], [ 39.0525538, -6.7996708 ], [ 39.0529106, -6.7993492 ], [ 39.0532358, -6.7989267 ], [ 39.0534612, -6.7984554 ], [ 39.053470958925423, -6.7983703401078 ], [ 39.053508759000181, -6.798104285999898 ], [ 39.053562164000027, -6.797720432999938 ], [ 39.053585715309787, -6.797370110547961 ], [ 39.0536567, -6.7967514 ], [ 39.053654948102462, -6.796688767567574 ], [ 39.053661346000069, -6.796372412999972 ], [ 39.05363644892676, -6.796027399907874 ], [ 39.0536358, -6.7960042 ], [ 39.0535729, -6.7956829 ], [ 39.0532447, -6.7953757 ], [ 39.05324270726851, -6.795374829837903 ], [ 39.053241731000071, -6.79537391599996 ], [ 39.052748150228474, -6.795158450228477 ], [ 39.0525743, -6.7949846 ], [ 39.0525044, -6.794398 ], [ 39.0525184, -6.7938393 ], [ 39.052529593505334, -6.793756423158195 ], [ 39.052585603000182, -6.793397425999899 ], [ 39.052609201506272, -6.793167004606819 ], [ 39.0526231, -6.7930641 ], [ 39.0527489, -6.792282 ], [ 39.0528955, -6.7918979 ], [ 39.0531748, -6.7915138 ], [ 39.0536358, -6.7912344 ], [ 39.053652398619079, -6.791195341648492 ], [ 39.053844452000135, -6.790792465999971 ], [ 39.054046631000062, -6.790331839999965 ], [ 39.054149628000175, -6.790118216999929 ], [ 39.054130555000086, -6.790073871999937 ], [ 39.054347993000135, -6.790073871999937 ], [ 39.054779053000118, -6.790082929999926 ], [ 39.055328369000051, -6.790086745999929 ], [ 39.056007386000033, -6.790090560999943 ], [ 39.056575775000056, -6.790086745999929 ], [ 39.056648255000027, -6.7900910379999 ], [ 39.057048797000164, -6.790088175999927 ], [ 39.057807922000165, -6.790096282999968 ], [ 39.058872222000105, -6.790132522999954 ], [ 39.059436799000025, -6.790157793999924 ], [ 39.059936522000044, -6.790159701999926 ], [ 39.060039520000032, -6.79016017899994 ], [ 39.060115813000039, -6.79016017899994 ], [ 39.060134887000061, -6.790078639999933 ], [ 39.060173036000094, -6.789993285999969 ], [ 39.060192109000184, -6.789884090999919 ], [ 39.06024551400003, -6.789758681999956 ], [ 39.060333251000088, -6.789649009999948 ], [ 39.060379028000057, -6.789588926999954 ], [ 39.06046676700015, -6.7894878379999 ], [ 39.060596466000106, -6.789367198999969 ], [ 39.060779572000172, -6.789278029999878 ], [ 39.060859680000078, -6.789176939999948 ], [ 39.060855865000178, -6.789134977999936 ], [ 39.060844422000059, -6.789072989999966 ], [ 39.060836792000146, -6.789035320999972 ], [ 39.060737610000103, -6.788866520999932 ], [ 39.060657501000094, -6.788612365999938 ], [ 39.060722351000152, -6.78826999599994 ], [ 39.060836792000146, -6.788141726999982 ], [ 39.06103134100016, -6.78796720399987 ], [ 39.061195374000135, -6.787874221999971 ], [ 39.061275481999985, -6.78783750499997 ], [ 39.061424255000134, -6.787836074999916 ], [ 39.06153488200016, -6.787734984999929 ], [ 39.061550140000179, -6.7876029009999 ], [ 39.061508178000054, -6.787443636999967 ], [ 39.061408996000011, -6.787241458999972 ], [ 39.061363219000043, -6.787035464999974 ], [ 39.061344146000181, -6.786809921999861 ], [ 39.061435700000118, -6.786685943999885 ], [ 39.061580657000093, -6.786602496999933 ], [ 39.06172180100009, -6.786566257999937 ], [ 39.06186294500003, -6.786466120999933 ], [ 39.061923980000188, -6.786448477999954 ], [ 39.061969757000156, -6.786359310999956 ], [ 39.061969757000156, -6.78622722699987 ], [ 39.061977386000194, -6.786159513999962 ], [ 39.061985016000108, -6.786111353999956 ], [ 39.061985016000108, -6.786043165999899 ], [ 39.061988831000122, -6.785920142999942 ], [ 39.062000274000127, -6.785768507999933 ], [ 39.062000274000127, -6.785647869999877 ], [ 39.061992646000192, -6.785556792999898 ], [ 39.061996459000056, -6.785434244999976 ], [ 39.062007904000041, -6.785304545999907 ], [ 39.062042236000025, -6.785016535999887 ], [ 39.062023163000163, -6.78487920699996 ], [ 39.061809540000127, -6.78417062799997 ], [ 39.061798097000178, -6.78414010899985 ], [ 39.061660766000102, -6.783890246999931 ], [ 39.061542510000095, -6.783618449999949 ], [ 39.061412811000082, -6.783352374999936 ], [ 39.061309814000026, -6.783156394999878 ], [ 39.061244964000139, -6.782928466999977 ], [ 39.061199188999979, -6.782596586999944 ], [ 39.061214447, -6.782303332999902 ], [ 39.061225890000173, -6.782020567999894 ], [ 39.061183930000084, -6.78179216399991 ], [ 39.061058045000038, -6.781748771999958 ], [ 39.060855865000178, -6.781737803999931 ], [ 39.060634613000161, -6.781667232999951 ], [ 39.060401917000092, -6.781569480999963 ], [ 39.060173036000094, -6.781384944999957 ], [ 39.059986115000186, -6.781093596999938 ], [ 39.05980300900012, -6.780879496999887 ], [ 39.059574128000122, -6.780857562999927 ], [ 39.059288024000068, -6.780825138999944 ], [ 39.059188842000026, -6.780737876999979 ], [ 39.059169769000107, -6.780782221999914 ], [ 39.059066772000051, -6.780733106999946 ], [ 39.059013366000045, -6.780625341999894 ], [ 39.058948516000044, -6.780491827999981 ], [ 39.058921814000144, -6.780417919999877 ], [ 39.058712005000075, -6.780112742999961 ], [ 39.058582306000119, -6.779760836999969 ], [ 39.058570861000135, -6.779735087999882 ], [ 39.058467866000058, -6.779574869999863 ], [ 39.058414459000176, -6.779347419999965 ], [ 39.058433532000038, -6.779095649999931 ], [ 39.058467866000058, -6.778945922999981 ], [ 39.058502197000109, -6.778858661999948 ], [ 39.058544159000064, -6.778755186999888 ], [ 39.058547974000078, -6.778547286999924 ], [ 39.058479309000177, -6.778218268999979 ], [ 39.058506013000112, -6.778021334999949 ], [ 39.058586121000133, -6.777905463999957 ], [ 39.058654785000158, -6.777835845999959 ], [ 39.058811187000117, -6.777752399999883 ], [ 39.05889129600007, -6.777691363999963 ], [ 39.058959960999971, -6.777672765999966 ], [ 39.059032440000067, -6.777664183999946 ], [ 39.059116364000033, -6.777684688999955 ], [ 39.059173584000177, -6.777688979999937 ], [ 39.059379578000176, -6.77761936099995 ], [ 39.059486389000028, -6.777552127999911 ], [ 39.059535981000067, -6.777509688999942 ], [ 39.059619903000055, -6.777436254999941 ], [ 39.059658051000042, -6.777354240999955 ], [ 39.059673310000107, -6.77724885899994 ], [ 39.059570313000052, -6.777091025999937 ], [ 39.059436799000025, -6.77689885999996 ], [ 39.059291840000185, -6.776695250999978 ], [ 39.059272766000049, -6.776548860999867 ], [ 39.059284209000168, -6.776368617999935 ], [ 39.059333801000037, -6.776295183999935 ], [ 39.059364318000121, -6.776248454999973 ], [ 39.059383392000143, -6.776222227999938 ], [ 39.059566497000105, -6.776191711999957 ], [ 39.059688568000126, -6.776246071999935 ], [ 39.059791565000069, -6.776247976999912 ], [ 39.05977630700005, -6.776286123999967 ], [ 39.05988311699997, -6.776324747999979 ], [ 39.060081482000157, -6.776100157999963 ], [ 39.060131073999969, -6.77603483199988 ], [ 39.060283661000085, -6.775855540999942 ], [ 39.060615539000025, -6.775449274999914 ], [ 39.06082534900014, -6.775082111999893 ], [ 39.060874938999973, -6.774997233999898 ], [ 39.060943604000101, -6.774847983999905 ], [ 39.060920716000112, -6.774757861999888 ], [ 39.060981751000099, -6.77455568299996 ], [ 39.061061860000109, -6.774413585999923 ], [ 39.061092376000147, -6.774206160999938 ], [ 39.061100007000164, -6.774127004999855 ], [ 39.061103822000177, -6.774098395999886 ], [ 39.061111450000112, -6.773677348999968 ], [ 39.061161042000151, -6.773706912999899 ], [ 39.061206817000084, -6.773596286999975 ], [ 39.061187743000119, -6.773064612999974 ], [ 39.061203004000049, -6.77261686199995 ], [ 39.061256409000123, -6.772264002999975 ], [ 39.061328888000162, -6.772005557999933 ], [ 39.061389923000149, -6.771708488999934 ], [ 39.061435700000118, -6.771590708999952 ], [ 39.061447143000066, -6.771560191999924 ], [ 39.061489105000192, -6.77109575299994 ], [ 39.061447143000066, -6.770910261999973 ], [ 39.061424255000134, -6.770820617999902 ], [ 39.061370849000184, -6.770601271999965 ], [ 39.061237336000033, -6.770234107999897 ], [ 39.061054229999968, -6.769949911999902 ], [ 39.061027526000089, -6.769914627999924 ], [ 39.061008453, -6.769892691999871 ], [ 39.060810088000039, -6.769665240999814 ], [ 39.060398101000146, -6.769402980999871 ], [ 39.060043335000103, -6.769335745999967 ], [ 39.059806824000191, -6.769281387999911 ], [ 39.059734345000095, -6.769151209999904 ], [ 39.059864044000108, -6.768919467999922 ], [ 39.06010055500002, -6.768745422999928 ], [ 39.060195922000048, -6.768665788999897 ], [ 39.060382843000127, -6.768548965999912 ], [ 39.060440063000044, -6.768368719999899 ], [ 39.06046676700015, -6.768334865999975 ], [ 39.06046295200008, -6.768284796999978 ], [ 39.060459137000066, -6.768218992999948 ], [ 39.060409547, -6.76815557499998 ], [ 39.05963516300011, -6.767709253999953 ], [ 39.059589386000141, -6.767628669999965 ], [ 39.059474945000147, -6.767404554999814 ], [ 39.059345245000088, -6.767196654999907 ], [ 39.059226989000081, -6.767066953999858 ], [ 39.059146880000071, -6.766965866999954 ], [ 39.058975220000093, -6.766573905999905 ], [ 39.058937073000038, -6.766491411999937 ], [ 39.058780669999976, -6.766179559999955 ], [ 39.05870437699997, -6.766272544999936 ], [ 39.058670043000177, -6.766195773999868 ], [ 39.058628083000087, -6.766040325999825 ], [ 39.058654785000158, -6.765924452999911 ], [ 39.05853652900015, -6.765690801999938 ], [ 39.058246613000108, -6.765619278999964 ], [ 39.058078765000118, -6.765694617999884 ], [ 39.057674409000015, -6.76574659299996 ], [ 39.057571411000026, -6.765738486999965 ], [ 39.057468414000141, -6.765638351999939 ], [ 39.057418824000138, -6.765497207999829 ], [ 39.057384490000118, -6.765294073999883 ], [ 39.057369232000099, -6.765153406999957 ], [ 39.057350159, -6.764917373999879 ], [ 39.057346343000063, -6.764741419999893 ], [ 39.05735778900015, -6.764692782999873 ], [ 39.057395935999978, -6.764560221999943 ], [ 39.057449341000051, -6.764408111999956 ], [ 39.057525634000058, -6.764275550999912 ], [ 39.057605743000011, -6.764145374999885 ], [ 39.057655335000049, -6.76407670899988 ], [ 39.057704925000053, -6.764007567999954 ], [ 39.057964325000057, -6.763788222999892 ], [ 39.058246613000108, -6.763656616999924 ], [ 39.058277130000079, -6.7636442189999 ], [ 39.05848693900009, -6.763153075999924 ], [ 39.05831527600003, -6.762935160999916 ], [ 39.058032990000129, -6.762740611999902 ], [ 39.057792664000146, -6.762514590999956 ], [ 39.057468414000141, -6.762094496999907 ], [ 39.057403564000083, -6.761993883999935 ], [ 39.057342528, -6.761790274999953 ], [ 39.056983949000085, -6.761373042999935 ], [ 39.056858063000163, -6.761220454999886 ], [ 39.056793213000105, -6.761127470999952 ], [ 39.056709289000139, -6.760902404999968 ], [ 39.056789397000159, -6.760701655999981 ], [ 39.056922913000051, -6.760576247999893 ], [ 39.056957245000035, -6.76052904099987 ], [ 39.05677795400004, -6.760107992999963 ], [ 39.056640625000114, -6.760048865999977 ], [ 39.056488038, -6.760168075999957 ], [ 39.056320190000179, -6.760362624999971 ], [ 39.056110383000146, -6.760452269999917 ], [ 39.055973054000049, -6.760356424999827 ], [ 39.055839537999987, -6.760213374999978 ], [ 39.05578613300014, -6.760155677999933 ], [ 39.055603027000075, -6.760030268999913 ], [ 39.055351257000041, -6.759923456999957 ], [ 39.055229187000066, -6.75992965699993 ], [ 39.054977416999975, -6.759817121999959 ], [ 39.054637909000121, -6.759618282999952 ], [ 39.054519653000114, -6.759453772999905 ], [ 39.054454803000112, -6.759296892999885 ], [ 39.054489137000076, -6.759103297999957 ], [ 39.054588319000118, -6.759004591999883 ], [ 39.054759980000028, -6.75890254899997 ], [ 39.054946899000129, -6.758763789999932 ], [ 39.055061341000169, -6.758716582999966 ], [ 39.055213928000114, -6.758690833999935 ], [ 39.055366516000106, -6.758665084999961 ], [ 39.055576325000175, -6.758628843999873 ], [ 39.055690766000112, -6.758515357999897 ], [ 39.055747986000085, -6.758439064999891 ], [ 39.05575561600017, -6.758318423999867 ], [ 39.055656434000127, -6.75820159899996 ], [ 39.055496216, -6.75811385999998 ], [ 39.055366516000106, -6.758055686999967 ], [ 39.055316926000103, -6.75802659999988 ], [ 39.054988861000027, -6.757716178999942 ], [ 39.054870605000019, -6.757518768999944 ], [ 39.054790496000066, -6.757390975999954 ], [ 39.054740906000063, -6.75728511799997 ], [ 39.054668426000092, -6.757153986999981 ], [ 39.054584504000104, -6.756927488999963 ], [ 39.054553985000155, -6.756719588999829 ], [ 39.054561615000068, -6.756673334999903 ], [ 39.054615020000142, -6.756423472999927 ], [ 39.054695129000095, -6.756230353999911 ], [ 39.054805757000167, -6.756029604999924 ], [ 39.054939270000148, -6.755938052999909 ], [ 39.055072784000174, -6.755854128999886 ], [ 39.05520629800003, -6.755788325999958 ], [ 39.05537414600002, -6.755668162999939 ], [ 39.055465698000148, -6.75554370899988 ], [ 39.055557252000085, -6.755466937999927 ], [ 39.055641174000129, -6.755441664999978 ], [ 39.055831910000109, -6.75543069899993 ], [ 39.056015014000138, -6.755386828999974 ], [ 39.056148529999973, -6.75527381899991 ], [ 39.05622482299998, -6.75513505999993 ], [ 39.05622482299998, -6.754945278999912 ], [ 39.056198120000033, -6.754909991999909 ], [ 39.056102753, -6.754784583999935 ], [ 39.056030274000136, -6.754722595999965 ], [ 39.055946350000113, -6.754645824999841 ], [ 39.055812836000086, -6.754561900999931 ], [ 39.055709839000031, -6.754558085999975 ], [ 39.055549622000171, -6.754565237999941 ], [ 39.055297852000137, -6.754510878999952 ], [ 39.055133820000037, -6.754280566999967 ], [ 39.055007934000116, -6.75413942299997 ], [ 39.054996491000168, -6.753952026999968 ], [ 39.054912567000144, -6.753802774999883 ], [ 39.054882050000174, -6.753702639999972 ], [ 39.054866790000176, -6.753650664999896 ], [ 39.054862977000141, -6.753593920999947 ], [ 39.054859162000071, -6.753537177999931 ], [ 39.054954529000042, -6.753423689999977 ], [ 39.055088043000069, -6.753436564999959 ], [ 39.055221559000131, -6.753394603999936 ], [ 39.055305480000072, -6.753310201999909 ], [ 39.055351257000041, -6.753187178999951 ], [ 39.055370331000177, -6.75302505399992 ], [ 39.055324554000038, -6.752852915999881 ], [ 39.055267334000064, -6.752671716999942 ], [ 39.055282592000083, -6.752522467999938 ], [ 39.055335999000192, -6.752298831999894 ], [ 39.055416108000145, -6.752100944999938 ], [ 39.055370331000177, -6.751909731999945 ], [ 39.055286407000153, -6.751763819999951 ], [ 39.055110931, -6.751627920999965 ], [ 39.054908752000074, -6.751446246999933 ], [ 39.054668426000092, -6.751261233999912 ], [ 39.054477691000045, -6.751060485999915 ], [ 39.054412841000158, -6.750921249999976 ], [ 39.054347993000135, -6.750742434999893 ], [ 39.054374694000103, -6.750708102999965 ], [ 39.0545158380001, -6.750541209999938 ], [ 39.055053711000085, -6.7504024509999 ], [ 39.055694581000182, -6.750255106999816 ], [ 39.05628585900007, -6.750059604999876 ], [ 39.056766511000035, -6.749987601999976 ], [ 39.057041169000058, -6.749946593999937 ], [ 39.05721283000014, -6.74985074999995 ], [ 39.05754089300018, -6.749716758999966 ], [ 39.057865143000186, -6.749586581999836 ], [ 39.058849334000172, -6.749619960999951 ], [ 39.063770294, -6.748593330999881 ], [ 39.068180084000176, -6.747196672999962 ], [ 39.069419861000029, -6.747002601999895 ], [ 39.070087433000026, -6.746897696999952 ], [ 39.070896148000031, -6.746959208999954 ], [ 39.071773529000041, -6.746968269999911 ], [ 39.071987152000077, -6.746959208999954 ], [ 39.072170258000142, -6.747877597999832 ], [ 39.072441101000038, -6.750123022999901 ], [ 39.072696685000039, -6.752090929999895 ], [ 39.072631837000188, -6.752347946999976 ], [ 39.072586060000049, -6.752834319999977 ], [ 39.072528840000132, -6.753320692999978 ], [ 39.072628022000174, -6.753834723999944 ], [ 39.072860718000072, -6.754710197999941 ], [ 39.073020935000045, -6.755633830999955 ], [ 39.073135376000039, -6.756731509999838 ], [ 39.073368072000108, -6.758190630999934 ], [ 39.07346725400015, -6.758933542999955 ], [ 39.0735626230001, -6.759996412999953 ], [ 39.07342147900016, -6.761027335999927 ], [ 39.073326109999982, -6.761341570999889 ], [ 39.073299408000082, -6.761459350999928 ], [ 39.073326109999982, -6.761476992999974 ], [ 39.073181153000178, -6.762066839999932 ], [ 39.072906495000041, -6.762825487999919 ], [ 39.072547913, -6.763794420999886 ], [ 39.072490693000077, -6.764326572999948 ], [ 39.072490693000077, -6.764716148999923 ], [ 39.072551728000064, -6.765496252999924 ], [ 39.07257080200003, -6.765727518999938 ], [ 39.072868348000156, -6.76657533599996 ], [ 39.073181153000178, -6.767297267999879 ], [ 39.073566436000192, -6.768029211999874 ], [ 39.073944091000044, -6.769124507999948 ], [ 39.074153901000045, -6.769377707999979 ], [ 39.07449340900007, -6.769711492999932 ], [ 39.075046540000073, -6.769959449999931 ], [ 39.075664519000156, -6.769976137999947 ], [ 39.07572555500019, -6.769968984999878 ], [ 39.075809479000043, -6.769959449999931 ], [ 39.076103210000099, -6.769926547999944 ], [ 39.076766968000129, -6.769808769999941 ], [ 39.077308654000035, -6.769769667999924 ], [ 39.077709198000093, -6.769801616999928 ], [ 39.077823638000154, -6.769810675999963 ], [ 39.078056336000031, -6.769952296999918 ], [ 39.078090668000073, -6.769967079999901 ], [ 39.078193665000128, -6.770009039999934 ], [ 39.078304290000119, -6.770071029999883 ], [ 39.078823090000071, -6.770356177999872 ], [ 39.079376221000132, -6.770455359999971 ], [ 39.080013275000056, -6.770637033999947 ], [ 39.080173493000189, -6.770690916999968 ], [ 39.080528260000108, -6.770809649999933 ], [ 39.080459594000104, -6.771082399999898 ], [ 39.080986023000094, -6.771310805999974 ], [ 39.08235931300004, -6.771452426999872 ], [ 39.083358765000128, -6.771363734999909 ], [ 39.083591461000026, -6.771379946999957 ], [ 39.083667754000032, -6.771142004999945 ], [ 39.083805083000072, -6.771157740999911 ], [ 39.084480284999984, -6.771234511999978 ], [ 39.085765838000043, -6.771581648999927 ], [ 39.085994721000077, -6.771646498999871 ], [ 39.0870666510001, -6.771932124999978 ], [ 39.087203980000027, -6.771982191999939 ], [ 39.087261200000171, -6.771997452999869 ], [ 39.087924956000165, -6.772235868999871 ], [ 39.087970733000134, -6.772267340999974 ], [ 39.088230133000138, -6.772370814999931 ], [ 39.088420867000082, -6.772564411999952 ], [ 39.088478089000034, -6.772602557999903 ], [ 39.08849716300017, -6.7726440429999 ], [ 39.088558196000179, -6.772708892999958 ], [ 39.088592529999971, -6.772842406999871 ], [ 39.088634492000097, -6.772926330999894 ], [ 39.088645935000045, -6.773057936999862 ], [ 39.08868789700017, -6.773222444999874 ], [ 39.088649750000116, -6.77342176399992 ], [ 39.088619231000166, -6.773712634999924 ], [ 39.088546753, -6.773933885999952 ], [ 39.088500976000034, -6.774143695999896 ], [ 39.088451386000031, -6.77448654199992 ], [ 39.088428497000166, -6.77468919699993 ], [ 39.088401794, -6.77489948199991 ], [ 39.088390350000111, -6.775135516999967 ], [ 39.088382720000027, -6.775206087999948 ], [ 39.088420867000082, -6.775527477999901 ], [ 39.088470459000121, -6.775904177999905 ], [ 39.088577270000144, -6.776380537999955 ], [ 39.088851929000043, -6.776990413999897 ], [ 39.089248658000088, -6.777624128999946 ], [ 39.089519501000041, -6.778017996999893 ], [ 39.089290618000177, -6.778234481999959 ], [ 39.088996887000121, -6.778644561999954 ], [ 39.088581085000044, -6.779048917999944 ], [ 39.088195801000097, -6.779288768999891 ], [ 39.087955475000115, -6.779324053999972 ], [ 39.087551116000157, -6.779253959999949 ], [ 39.087394714000027, -6.779257772999927 ], [ 39.087093352000124, -6.779265402999897 ], [ 39.087051393000081, -6.779294966999885 ], [ 39.086982727000134, -6.77925586799995 ], [ 39.087032317000137, -6.779525755999884 ], [ 39.087039947000051, -6.779976843999975 ], [ 39.087093352000124, -6.78053665099992 ], [ 39.087024689000032, -6.780899046999934 ], [ 39.086853028000121, -6.781163214999935 ], [ 39.086772920000044, -6.781332969999937 ], [ 39.086761474000184, -6.781429289999892 ], [ 39.086746216000165, -6.781466483999964 ], [ 39.086753846000079, -6.781497000999934 ], [ 39.086750031000065, -6.781526088999897 ], [ 39.086765289000084, -6.781558512999936 ], [ 39.087104798000155, -6.782004356999948 ], [ 39.087314605000017, -6.782259940999893 ], [ 39.087368012000127, -6.782350539999925 ], [ 39.087360381999986, -6.782423495999922 ], [ 39.087326050000172, -6.782493591999923 ], [ 39.087284088999979, -6.782553194999821 ], [ 39.08711242600009, -6.78264665699993 ], [ 39.086978912000063, -6.782730102999892 ], [ 39.086868287000073, -6.78280925699994 ], [ 39.086765289000084, -6.782901763999973 ], [ 39.086696624000126, -6.782985209999936 ], [ 39.086959838999974, -6.783253669999965 ], [ 39.087177276000148, -6.783617019999895 ], [ 39.087562562000016, -6.784255504999976 ], [ 39.087604523000039, -6.78435277899996 ], [ 39.087718964000032, -6.784636019999937 ], [ 39.087795258000085, -6.78482341699987 ], [ 39.08780670100009, -6.78492307599987 ], [ 39.087825774000123, -6.784993171999929 ], [ 39.087791443000071, -6.785092830999872 ], [ 39.087703706000184, -6.785215854999933 ], [ 39.087738037000065, -6.7852282529999 ], [ 39.087497711000083, -6.785385607999956 ], [ 39.087459564000028, -6.785407065999948 ], [ 39.08722686800013, -6.78553819699988 ], [ 39.087203980000027, -6.785701751999909 ], [ 39.087211608000132, -6.78586006199987 ], [ 39.087181091000161, -6.786357877999933 ], [ 39.087169648000042, -6.786779402999912 ], [ 39.087215422999975, -6.787007808999874 ], [ 39.087265015000185, -6.78724813499997 ], [ 39.0872573850001, -6.787343024999927 ], [ 39.0872573850001, -6.787431240999922 ], [ 39.087371825000162, -6.787498950999918 ], [ 39.087623597, -6.787615774999836 ], [ 39.088340758000129, -6.787980078999965 ], [ 39.088615418000131, -6.788089751999962 ], [ 39.088634492000097, -6.788129328999958 ], [ 39.088668822999978, -6.788205146999928 ], [ 39.088695527000084, -6.788260459999947 ], [ 39.088848113999973, -6.788523196999961 ], [ 39.088966370000037, -6.7887673379999 ], [ 39.089241028000174, -6.78916358999993 ], [ 39.089397430000133, -6.78952312399997 ], [ 39.089477539000143, -6.789735316999952 ], [ 39.089794159, -6.790090082999939 ], [ 39.089981080000143, -6.790435791999926 ], [ 39.090068817000031, -6.790601729999878 ], [ 39.090076447000115, -6.790975093999975 ], [ 39.090057374000025, -6.791434763999973 ], [ 39.090160371000138, -6.791625022999938 ], [ 39.090194702000019, -6.79176902699993 ], [ 39.09022521900016, -6.791907787999946 ], [ 39.090339662000133, -6.792116640999893 ], [ 39.090568543000131, -6.79234504599998 ], [ 39.090953828000124, -6.792562483999916 ], [ 39.091407777000143, -6.792975425999828 ], [ 39.091583252000191, -6.793184280999981 ], [ 39.091682435000109, -6.793447970999921 ], [ 39.092903137000064, -6.792848109999966 ], [ 39.092956542000138, -6.792822837999893 ], [ 39.093887328000051, -6.792365074999964 ], [ 39.093917847000171, -6.792473791999953 ], [ 39.093963624000139, -6.792627333999974 ], [ 39.094005584000058, -6.792942046999883 ], [ 39.093997956000123, -6.793193815999928 ], [ 39.093990326000039, -6.793283939999924 ], [ 39.093948364000084, -6.793366908999872 ], [ 39.09394455100005, -6.793433189999973 ], [ 39.093929290000119, -6.793498037999882 ], [ 39.093952179000155, -6.793518065999933 ], [ 39.094345092000083, -6.79387664799998 ], [ 39.094474793000074, -6.793995380999945 ], [ 39.094730378000179, -6.794229983999969 ], [ 39.094848633000083, -6.794333933999951 ], [ 39.095012666000059, -6.794389246999913 ], [ 39.095199585000159, -6.794458389999932 ], [ 39.095409394, -6.794548033999888 ], [ 39.095539093000184, -6.794570445999966 ], [ 39.095417022000106, -6.794821261999971 ], [ 39.095214843000178, -6.795019148999927 ], [ 39.095203400000059, -6.795053005999932 ], [ 39.095180511000194, -6.795073031999834 ], [ 39.09512329100005, -6.795190333999926 ], [ 39.095100403000117, -6.795343876999937 ], [ 39.094993592000094, -6.796033381999962 ], [ 39.094997405000129, -6.796200751999947 ], [ 39.09498596200018, -6.796310424999888 ], [ 39.094993592000094, -6.796428202999948 ], [ 39.095005035000042, -6.79651164899991 ], [ 39.094779968000182, -6.797249315999977 ], [ 39.094711304000157, -6.797483921999913 ], [ 39.094722747000162, -6.797636031999957 ], [ 39.094711304000157, -6.797953605999965 ], [ 39.094669342000088, -6.798027514999944 ], [ 39.094490051000093, -6.798201560999871 ], [ 39.094268799000076, -6.798250674999963 ], [ 39.093978882000158, -6.798347472999978 ], [ 39.093879700000116, -6.798382281999977 ], [ 39.093894958000135, -6.798506259999954 ], [ 39.093921662000014, -6.798803328999838 ], [ 39.093982697, -6.798955440999976 ], [ 39.094184875000053, -6.799155712999948 ], [ 39.094387054000151, -6.799328325999909 ], [ 39.094455720000155, -6.799521922999872 ], [ 39.094501495000145, -6.799715518999903 ], [ 39.094551087000127, -6.799825668999972 ], [ 39.094661712000175, -6.799936293999963 ], [ 39.094738006000057, -6.80002641599998 ], [ 39.094882965000068, -6.800440787999946 ], [ 39.094932557000106, -6.800599574999978 ], [ 39.094909668000071, -6.800772188999929 ], [ 39.094867706000173, -6.800972460999901 ], [ 39.09484100300017, -6.801228044999903 ], [ 39.09484100300017, -6.801359653999953 ], [ 39.094882965000068, -6.801451682999925 ], [ 39.095012666000059, -6.801510810999957 ], [ 39.095138549000069, -6.801555155999949 ], [ 39.095291139000096, -6.801649091999934 ], [ 39.0953407290001, -6.801758289999896 ], [ 39.095424653000123, -6.801966189999973 ], [ 39.095481873000097, -6.802203655999961 ], [ 39.095367432000103, -6.802282809999951 ], [ 39.095149995000156, -6.802401541999927 ], [ 39.095031739000149, -6.802426338999908 ], [ 39.095024109, -6.802594183999872 ], [ 39.094970704000161, -6.802772521999884 ], [ 39.095066071000133, -6.80299043499997 ], [ 39.095180511000194, -6.803257464999945 ], [ 39.095317840000064, -6.803455351999901 ], [ 39.095432281000058, -6.803628444999902 ], [ 39.095779419000166, -6.803806780999935 ], [ 39.096019745000149, -6.803935051999872 ], [ 39.096218110000166, -6.803999424999972 ], [ 39.096366882000041, -6.804093361999946 ], [ 39.096431732000042, -6.804232120999927 ], [ 39.096420289000093, -6.804400443999953 ], [ 39.096473694000167, -6.804548740999962 ], [ 39.096805572000108, -6.804831028999956 ], [ 39.096870423000041, -6.804929732999938 ], [ 39.096939086000134, -6.805063246999964 ], [ 39.097057342000141, -6.805202005999888 ], [ 39.097179412000116, -6.80533552199995 ], [ 39.097332000000108, -6.80551862599998 ], [ 39.097400665, -6.805622577999884 ], [ 39.097469331000184, -6.805622577999884 ], [ 39.097583771000075, -6.80559778199995 ], [ 39.097782135000159, -6.805572985999959 ], [ 39.097946166000156, -6.805558204999897 ], [ 39.098052978000112, -6.805582523999931 ], [ 39.098163606000185, -6.805483816999981 ], [ 39.098354340000128, -6.805281161999972 ], [ 39.098487853999984, -6.805212020999932 ], [ 39.098571778, -6.805236339999908 ], [ 39.098606109000116, -6.804959296999925 ], [ 39.098598481000181, -6.804831028999956 ], [ 39.098770142000092, -6.804786203999981 ], [ 39.098850251000044, -6.804652690999944 ], [ 39.098953248000157, -6.804499147999934 ], [ 39.099063873000148, -6.804479599999979 ], [ 39.099197387000174, -6.804415226999936 ], [ 39.099414825000053, -6.804419993999943 ], [ 39.099460602000192, -6.804425239999944 ], [ 39.099620819000052, -6.804415226999936 ], [ 39.09974289000013, -6.804430007999883 ], [ 39.09984970000005, -6.804474353999922 ], [ 39.100013733000026, -6.804459570999938 ], [ 39.100170135000042, -6.804459570999938 ], [ 39.100364684000056, -6.804464816999939 ], [ 39.100482940000063, -6.804454803999818 ], [ 39.100704193000183, -6.804543972999909 ], [ 39.10087585500014, -6.804633139999908 ], [ 39.100944519000166, -6.804657457999951 ], [ 39.101043700999981, -6.804717063999931 ], [ 39.101051331000122, -6.804831028999956 ], [ 39.101016997000102, -6.804974555999934 ], [ 39.100959777000185, -6.804984092999973 ], [ 39.100826263000158, -6.805023669999969 ], [ 39.100727081000116, -6.805100916999891 ], [ 39.100608826000155, -6.805107593999935 ], [ 39.100582122000105, -6.8051581389999 ], [ 39.100658418000194, -6.805243015999906 ], [ 39.100715638000111, -6.805244922999975 ], [ 39.100711823000097, -6.805355070999951 ], [ 39.10062026900016, -6.805653094999911 ], [ 39.100601194999967, -6.805866241999979 ], [ 39.1005706790001, -6.806006908999962 ], [ 39.100444793000179, -6.80614709799994 ], [ 39.100326537000171, -6.806317805999925 ], [ 39.100345611000137, -6.806471822999981 ], [ 39.10035324100005, -6.80654334899998 ], [ 39.100261689000149, -6.806683540999927 ], [ 39.10024261600006, -6.806914805999952 ], [ 39.100254059000065, -6.807097911999904 ], [ 39.100215912000181, -6.807213782999895 ], [ 39.100185393000061, -6.807317257999955 ], [ 39.100078583000084, -6.807506561999901 ], [ 39.100292206000063, -6.80774402499992 ], [ 39.100608826000155, -6.808054924999965 ], [ 39.10079193200005, -6.808463573999859 ], [ 39.100906372000111, -6.808823107999956 ], [ 39.100914002000025, -6.808913229999916 ], [ 39.100936889000025, -6.809195040999896 ], [ 39.101173401999972, -6.809359550999829 ], [ 39.101390839000146, -6.809481621999964 ], [ 39.102210998000032, -6.809858321999968 ], [ 39.102256775000171, -6.809880732999943 ], [ 39.102764129000093, -6.810175894999873 ], [ 39.102798461000077, -6.810195444999977 ], [ 39.102905273000033, -6.810257434999869 ], [ 39.103054047000057, -6.81034278899989 ], [ 39.103363037000065, -6.810542583999904 ], [ 39.103908538000155, -6.81082010199998 ], [ 39.104110717000083, -6.810856340999862 ], [ 39.104515076000098, -6.81076717399992 ], [ 39.104980468000065, -6.810659408999925 ], [ 39.105083465000121, -6.810662269999966 ], [ 39.105205536000028, -6.81064414899987 ], [ 39.105350495000039, -6.81065988499995 ], [ 39.105487824000079, -6.810673712999915 ], [ 39.105670928000166, -6.810678957999926 ], [ 39.106101990000127, -6.810736655999904 ], [ 39.106384276000028, -6.810765266999965 ], [ 39.106578828000124, -6.810777664999932 ], [ 39.106609344000162, -6.810764788999904 ], [ 39.106636048000041, -6.810734747999902 ], [ 39.10672760000017, -6.810583590999954 ], [ 39.106742858000189, -6.810554026999966 ], [ 39.106811524000193, -6.810546398999975 ], [ 39.10684204000006, -6.810541628999943 ], [ 39.107013703000121, -6.810514926999929 ], [ 39.10727691600016, -6.810534475999873 ], [ 39.107379913000045, -6.810565947999976 ], [ 39.107997894000107, -6.810356617999901 ], [ 39.108001709000177, -6.810384748999923 ], [ 39.108078003000116, -6.810508249999941 ], [ 39.108055115000127, -6.810550211999953 ], [ 39.108139038000104, -6.810761451999895 ], [ 39.108104707000166, -6.81099653299998 ], [ 39.108005524000021, -6.811170577999917 ], [ 39.107963563000055, -6.811246871999913 ], [ 39.107738495000092, -6.811458586999947 ], [ 39.107681274000015, -6.811507701999915 ], [ 39.10757827700013, -6.81159925399993 ], [ 39.107563019000111, -6.811692237999921 ], [ 39.107543945000145, -6.811806200999911 ], [ 39.107521057000042, -6.811923503999935 ], [ 39.107509614000037, -6.812106609999944 ], [ 39.107498169000053, -6.812361716999874 ], [ 39.107532500000161, -6.812707422999893 ], [ 39.107547761000092, -6.812857149999957 ], [ 39.107635497000047, -6.81314563799998 ], [ 39.107635497000047, -6.813246725999932 ], [ 39.107643128000063, -6.813285827999948 ], [ 39.107692718000123, -6.813412188999962 ], [ 39.10778045700016, -6.813537121999957 ], [ 39.107925416000171, -6.813770769999962 ], [ 39.108055115000127, -6.813963888999922 ], [ 39.108139038000104, -6.814120768999942 ], [ 39.108181000000172, -6.814316272999974 ], [ 39.108177185000102, -6.814517019999869 ], [ 39.108188628000107, -6.81457471799996 ], [ 39.108154297000169, -6.814740657999891 ], [ 39.108142853000118, -6.814833164999925 ], [ 39.108119965000185, -6.814911840999969 ], [ 39.108093261000135, -6.815042971999958 ], [ 39.10808181800013, -6.815090656999928 ], [ 39.108036041000162, -6.815265654999905 ], [ 39.107986451000158, -6.815386295999929 ], [ 39.107944489000033, -6.815537927999969 ], [ 39.107852935000096, -6.815883158999952 ], [ 39.107845307000048, -6.815922260999969 ], [ 39.107852935000096, -6.816081523999912 ], [ 39.10794067400019, -6.816223144999981 ], [ 39.108215332000157, -6.816487311999936 ], [ 39.108390808000138, -6.816624163999961 ], [ 39.108497620000094, -6.816734313999916 ], [ 39.108528137, -6.816883563999909 ], [ 39.10852050900013, -6.817028997999955 ], [ 39.108474732000161, -6.817191122999873 ], [ 39.108413696000071, -6.817443846999936 ], [ 39.108390808000138, -6.817530631999887 ], [ 39.108428955000193, -6.817657946999873 ], [ 39.108497620000094, -6.817714689999946 ], [ 39.108570099000133, -6.817749976999949 ], [ 39.108757020000041, -6.817872524999871 ], [ 39.109104156000171, -6.818073271999936 ], [ 39.109252930000025, -6.818164348999858 ], [ 39.109367371000189, -6.818262100999959 ], [ 39.109447480000142, -6.818379878999906 ], [ 39.109580994, -6.818540573999883 ], [ 39.109745026000098, -6.818667886999947 ], [ 39.109848023000154, -6.818724631999942 ], [ 39.109878540000125, -6.818730829999936 ], [ 39.109935760000042, -6.818764208999937 ], [ 39.110095978000174, -6.818809985999962 ], [ 39.110118866000107, -6.818777084999908 ], [ 39.110237122000115, -6.81879568099987 ], [ 39.110557557000106, -6.818938731999879 ], [ 39.110725402000185, -6.819081306999976 ], [ 39.110740663000115, -6.819112777999976 ], [ 39.110843658000022, -6.819262027999969 ], [ 39.110984802000189, -6.819507121999948 ], [ 39.110988617000032, -6.819540022999888 ], [ 39.110992432000103, -6.819596290999925 ], [ 39.110961913000153, -6.819602965999934 ], [ 39.111042022000106, -6.819783686999926 ], [ 39.11123657100012, -6.82009267899997 ], [ 39.111419677000185, -6.820402145999935 ], [ 39.111450196000135, -6.820658205999962 ], [ 39.11145400900017, -6.820686338999963 ], [ 39.111476898000035, -6.82101249699997 ], [ 39.111526490000074, -6.821303367999974 ], [ 39.111579895000091, -6.821633815999974 ], [ 39.111618042000146, -6.822086809999973 ], [ 39.111476898000035, -6.822434900999951 ], [ 39.111415862000115, -6.822802542999909 ], [ 39.111389161000147, -6.823433397999963 ], [ 39.111423492000029, -6.823739527999919 ], [ 39.111431123000045, -6.82384347999988 ], [ 39.111492158000033, -6.823967455999934 ], [ 39.111549378000177, -6.824094295999942 ], [ 39.111648560000049, -6.824534891999974 ], [ 39.112003327000139, -6.825269221999918 ], [ 39.112297058000024, -6.825869081999883 ], [ 39.112461091, -6.826101779999874 ], [ 39.113151551000101, -6.826817988999892 ], [ 39.113319396000065, -6.827013492999981 ], [ 39.113666535000107, -6.82742977099997 ], [ 39.113918304000038, -6.827692984999885 ], [ 39.114200592000145, -6.82798051899988 ], [ 39.115417480000133, -6.828554629999871 ], [ 39.115631104000045, -6.8287267689999 ], [ 39.115936279000152, -6.828970431999892 ], [ 39.11599731400014, -6.82901811499994 ], [ 39.117034913000111, -6.829658984999867 ], [ 39.117088318000185, -6.829697608999936 ], [ 39.117424011000139, -6.829928874999894 ], [ 39.118171690999986, -6.830375670999899 ], [ 39.118534088000047, -6.830670831999896 ], [ 39.118686675000163, -6.830729959999928 ], [ 39.118762969000102, -6.83074665099997 ], [ 39.118865966000158, -6.830544470999939 ], [ 39.118923186000075, -6.830426215999921 ], [ 39.118999482, -6.83035039899994 ], [ 39.119117738000057, -6.83035039899994 ], [ 39.119209290000128, -6.83035039899994 ], [ 39.119445801000097, -6.830434798999931 ], [ 39.119606018000127, -6.830603598999971 ], [ 39.119758606000119, -6.83062887299991 ], [ 39.120044709000069, -6.830620289999899 ], [ 39.120105744000057, -6.83059453899989 ], [ 39.120220184000118, -6.830544470999939 ], [ 39.120429992000084, -6.830583572999956 ], [ 39.120567321000181, -6.830625056999963 ], [ 39.120643617000098, -6.830647468999928 ], [ 39.120693207000102, -6.830662249999932 ], [ 39.120742799000084, -6.830667018999975 ], [ 39.120170592000079, -6.832039355999882 ], [ 39.120111800443354, -6.832247352547073 ], [ 39.1191078, -6.8357279 ] ] ] ] } },
{ "type": "Feature", "properties": { "GID_3": "TZA.2.2.12_1", "GID_0": "TZA", "COUNTRY": "Tanzania", "GID_1": "TZA.2_1", "NAME_1": "Dar es Salaam", "NL_NAME_1": "NA", "GID_2": "TZA.2.2_1", "NAME_2": "Kinondoni", "NL_NAME_2": "NA", "NAME_3": "Mabibo", "VARNAME_3": "NA", "NL_NAME_3": "NA", "TYPE_3": "Wodi", "ENGTYPE_3": "Ward", "CC_3": "102", "HASC_3": "NA", "Area_km²": 4.032, "pop_densit": 18573.165, "population": 74887 }, "geometry": { "type": "MultiPolygon", "coordinates": [ [ [ [ 39.239323338408589, -6.818076964303123 ], [ 39.239223481000067, -6.818112848999931 ], [ 39.23910522500006, -6.818130491999966 ], [ 39.238979340000185, -6.818121908999899 ], [ 39.238895416, -6.81805419899996 ], [ 39.238838195000142, -6.818021773999874 ], [ 39.23874664300007, -6.817980764999959 ], [ 39.238658905000079, -6.817942617999961 ], [ 39.238620758000025, -6.817907333999926 ], [ 39.23858261100014, -6.81787204699998 ], [ 39.238479614000084, -6.817789553999944 ], [ 39.238430024000024, -6.817794323999976 ], [ 39.238376617000142, -6.817798613999969 ], [ 39.23830032300009, -6.817859171999942 ], [ 39.238265991000048, -6.817870616999869 ], [ 39.23822402900015, -6.817875384999923 ], [ 39.238178252000182, -6.817898750999973 ], [ 39.238151550999987, -6.817922591999945 ], [ 39.238124847000108, -6.817941187999963 ], [ 39.23808288500004, -6.817978859999869 ], [ 39.238021850000052, -6.818016528999976 ], [ 39.23797226, -6.81804227799995 ], [ 39.237930298000094, -6.818063735999942 ], [ 39.237869263000107, -6.818091869999876 ], [ 39.237838746000136, -6.818106173999922 ], [ 39.237808227000187, -6.81812000199983 ], [ 39.237751007000099, -6.818139074999976 ], [ 39.237686157000041, -6.818134306999923 ], [ 39.237571716000105, -6.818183421999947 ], [ 39.237472534000062, -6.818223475999957 ], [ 39.237415314000089, -6.818286894999972 ], [ 39.237407083889678, -6.818303149397891 ], [ 39.237201668155414, -6.818525462348356 ], [ 39.23718643300009, -6.818533895999963 ], [ 39.237094879000153, -6.81855487699994 ], [ 39.237064362000012, -6.818562506999911 ], [ 39.236946107000108, -6.818569182999966 ], [ 39.236911773000088, -6.818562506999911 ], [ 39.236831664000135, -6.818536280999979 ], [ 39.236770631000127, -6.818532465999851 ], [ 39.236717224000074, -6.818543910999892 ], [ 39.236656187999984, -6.818588255999941 ], [ 39.236621857000102, -6.818610666999916 ], [ 39.236583710000048, -6.818632602999969 ], [ 39.236473084000124, -6.81866598199997 ], [ 39.236415862, -6.818670271999963 ], [ 39.236328125000114, -6.818677424999919 ], [ 39.236183166000103, -6.818673609999962 ], [ 39.236141204000035, -6.818663119999826 ], [ 39.236007690000179, -6.81862926499997 ], [ 39.235912323000036, -6.818606853999938 ], [ 39.235877991, -6.818587302999958 ], [ 39.235839845000044, -6.818570136999938 ], [ 39.235786438000162, -6.818542480999952 ], [ 39.235748291000107, -6.818502426999942 ], [ 39.235698701000103, -6.81847238499995 ], [ 39.235618592000151, -6.818470477999938 ], [ 39.235530853000057, -6.818475245999934 ], [ 39.235481263000054, -6.818487165999898 ], [ 39.235370636000027, -6.818508146999875 ], [ 39.23528289900014, -6.818524837999917 ], [ 39.23522567800012, -6.818536758999926 ], [ 39.235149383000135, -6.818536758999926 ], [ 39.235080719000109, -6.818558216999918 ], [ 39.235012054000038, -6.818596363999973 ], [ 39.23498718955868, -6.818642985189646 ], [ 39.234927325418589, -6.81868820312892 ], [ 39.234882355000082, -6.818712711999922 ], [ 39.234802246000072, -6.818641662999937 ], [ 39.234771728000055, -6.818593978999957 ], [ 39.234722138000052, -6.818541525999876 ], [ 39.23467254500008, -6.818499086999907 ], [ 39.234603882000044, -6.81843471399992 ], [ 39.234558105000076, -6.818415640999945 ], [ 39.23448562599998, -6.818401336999898 ], [ 39.234367371000076, -6.818365097999958 ], [ 39.234302520000142, -6.81834363899992 ], [ 39.234191895000151, -6.818354129999932 ], [ 39.234130860000164, -6.818379400999959 ], [ 39.23404312100007, -6.818405149999876 ], [ 39.23401641900017, -6.818412302999945 ], [ 39.233894349000025, -6.81845188199992 ], [ 39.233787536000136, -6.818466185999966 ], [ 39.233623504000093, -6.818469522999976 ], [ 39.233489990000066, -6.818444728999964 ], [ 39.233425139000076, -6.818418502999918 ], [ 39.233272552000187, -6.818345546999922 ], [ 39.233089446000122, -6.818261145999941 ], [ 39.233005524000134, -6.818174361999979 ], [ 39.232955932000095, -6.818119525999975 ], [ 39.232749940000076, -6.81794023499998 ], [ 39.232624054000155, -6.817833900999972 ], [ 39.232475280000131, -6.81775426899992 ], [ 39.232372285000054, -6.817715167999893 ], [ 39.232246399000076, -6.817659854999931 ], [ 39.232101440000065, -6.81764984199998 ], [ 39.231945037, -6.817677497999966 ], [ 39.231834412000183, -6.817707536999876 ], [ 39.231685638000158, -6.817758081999898 ], [ 39.231571197000164, -6.817823886999918 ], [ 39.231510162000177, -6.817868709999971 ], [ 39.231349944999977, -6.817940710999892 ], [ 39.231193542000085, -6.818036079999899 ], [ 39.230968474000122, -6.818173883999918 ], [ 39.230815887000063, -6.81825876299996 ], [ 39.230571748000159, -6.81834363899992 ], [ 39.230403900000169, -6.818424700999969 ], [ 39.230220794000104, -6.818534850999981 ], [ 39.230098724000129, -6.818598268999949 ], [ 39.22997665500003, -6.8186621669999 ], [ 39.229637147, -6.818751335999934 ], [ 39.2294769290001, -6.818729877999942 ], [ 39.229377747000058, -6.81868743799987 ], [ 39.229061127000136, -6.818645000999936 ], [ 39.228900910000107, -6.818645000999936 ], [ 39.228683472000057, -6.818666456999836 ], [ 39.228401184000177, -6.818634985999893 ], [ 39.228305817000034, -6.818686007999929 ], [ 39.227870941000106, -6.818925856999954 ], [ 39.227642058000072, -6.819161892999944 ], [ 39.227577210000049, -6.819229125999925 ], [ 39.227157593000015, -6.819669246999922 ], [ 39.227008819000162, -6.819813250999971 ], [ 39.227014130882417, -6.819818752594524 ], [ 39.2269926, -6.8198409 ], [ 39.2273993, -6.8203036 ], [ 39.228317503058179, -6.821172389956695 ], [ 39.228233338000166, -6.821191787999965 ], [ 39.227844238000102, -6.821238517999916 ], [ 39.227409362000174, -6.821301935999941 ], [ 39.227283479000164, -6.821284294999884 ], [ 39.22726842544477, -6.821285000350156 ], [ 39.227218398822714, -6.821278745999109 ], [ 39.227153778000172, -6.821265696999944 ], [ 39.227081299000133, -6.821255205999876 ], [ 39.226795399846964, -6.821225663064129 ], [ 39.226794628278817, -6.821225054000916 ], [ 39.226688386000035, -6.821115016999897 ], [ 39.226562500000114, -6.821041105999939 ], [ 39.22647857600009, -6.82104635099995 ], [ 39.226444245000152, -6.821050165999964 ], [ 39.226280212000177, -6.821107863999941 ], [ 39.226279974193183, -6.821108077191363 ], [ 39.2262799, -6.8211081 ], [ 39.226034924584241, -6.821325811701739 ], [ 39.225757600000122, -6.821103573999949 ], [ 39.225745380220204, -6.821100585314681 ], [ 39.223988046668907, -6.819721178081707 ], [ 39.223712922000061, -6.819489955999927 ], [ 39.223208425236713, -6.819109219445991 ], [ 39.223056306290609, -6.818989814695325 ], [ 39.222965241000111, -6.818912028999875 ], [ 39.222900391000053, -6.818856715999857 ], [ 39.22284698600015, -6.818813323999905 ], [ 39.222690581000109, -6.818694113999925 ], [ 39.222347260000049, -6.818432330999826 ], [ 39.222333809547628, -6.818417139236923 ], [ 39.221944067191075, -6.817937833938643 ], [ 39.221927643000015, -6.817914486999939 ], [ 39.221881133452449, -6.817789855738293 ], [ 39.2218675, -6.8177514 ], [ 39.221866781137535, -6.817751395955105 ], [ 39.221866608000028, -6.81775093199991 ], [ 39.221813202000078, -6.817527770999959 ], [ 39.221771241000056, -6.817368506999912 ], [ 39.221775056000126, -6.817263603999947 ], [ 39.221778869000161, -6.817067146999932 ], [ 39.221778869000161, -6.817030429999932 ], [ 39.221794129000159, -6.816788673999895 ], [ 39.221805572000164, -6.816447257999869 ], [ 39.221817018000024, -6.816281794999952 ], [ 39.22176742500011, -6.816245078999941 ], [ 39.221233368000071, -6.815904617999934 ], [ 39.221069335000095, -6.815799234999929 ], [ 39.220863343000076, -6.815664290999962 ], [ 39.220642090000183, -6.815526007999949 ], [ 39.220474243000012, -6.815421104999871 ], [ 39.220184326000094, -6.815217494999899 ], [ 39.219993592000151, -6.815093994999927 ], [ 39.219764709000117, -6.814950465999971 ], [ 39.219673156999988, -6.814900397999963 ], [ 39.219516755000029, -6.814806460999932 ], [ 39.219390869000108, -6.814730167999926 ], [ 39.219207763000043, -6.814599990999966 ], [ 39.218959809000125, -6.814446448999888 ], [ 39.218807220000031, -6.814316272999974 ], [ 39.218681336000088, -6.814222811999969 ], [ 39.21849823000008, -6.814073084999904 ], [ 39.218379974000015, -6.813986300999943 ], [ 39.21823120199997, -6.813822744999811 ], [ 39.217899322000051, -6.813495634999924 ], [ 39.21773147600004, -6.813335417999895 ], [ 39.217697144000056, -6.813296794999815 ], [ 39.217517854000107, -6.813108443999965 ], [ 39.217453003000173, -6.813028334999956 ], [ 39.21736526400008, -6.81292200099989 ], [ 39.217323302000182, -6.812848566999946 ], [ 39.217216492000034, -6.812668323999958 ], [ 39.21706771800018, -6.812434672999871 ], [ 39.216960908000033, -6.812281130999963 ], [ 39.216873169000166, -6.812124252999979 ], [ 39.216724396000188, -6.811853884999948 ], [ 39.21665954600013, -6.811702250999929 ], [ 39.216491698000141, -6.81130647699996 ], [ 39.216457367000032, -6.811230180999871 ], [ 39.216400146000183, -6.811110495999912 ], [ 39.216365815000074, -6.811043261999941 ], [ 39.216346741000109, -6.810991286999922 ], [ 39.216327668000076, -6.810943602999885 ], [ 39.216194152000185, -6.810595988999978 ], [ 39.216144562000181, -6.81046915099995 ], [ 39.216045380000139, -6.810167788999934 ], [ 39.216033935000155, -6.81013583999993 ], [ 39.215984344000049, -6.809958933999951 ], [ 39.215877532000093, -6.80975198699997 ], [ 39.215698241000098, -6.809378146999961 ], [ 39.215564727000071, -6.809038638999937 ], [ 39.215553284000123, -6.809008121999966 ], [ 39.215538026000104, -6.808962821999955 ], [ 39.215503692000084, -6.808869837999964 ], [ 39.215354920000038, -6.808460711999885 ], [ 39.215202331000114, -6.808136938999894 ], [ 39.215133667000089, -6.80799341199986 ], [ 39.214912414000025, -6.807583332999968 ], [ 39.21476364200015, -6.807359694999889 ], [ 39.214611053000056, -6.807159422999973 ], [ 39.214546204000101, -6.807071208999957 ], [ 39.214378357000157, -6.806855678999966 ], [ 39.214168549000192, -6.806598663999921 ], [ 39.21409988400012, -6.806499003999932 ], [ 39.213878631000171, -6.806282043999943 ], [ 39.21355056800013, -6.805962561999934 ], [ 39.213371277000135, -6.805814742999871 ], [ 39.21339035, -6.805666445999975 ], [ 39.213359834000187, -6.805379389999928 ], [ 39.213325500000167, -6.805108546999975 ], [ 39.213302612000064, -6.804783343999929 ], [ 39.213314057, -6.804360866999957 ], [ 39.21333313000008, -6.804228782999928 ], [ 39.213371277000135, -6.804077147999919 ], [ 39.213420867000139, -6.803966997999964 ], [ 39.213504791000162, -6.803816795999978 ], [ 39.213588715000185, -6.803674219999891 ], [ 39.213657378000107, -6.803488253999944 ], [ 39.21369171200007, -6.80340528499994 ], [ 39.21371078500016, -6.803382872999919 ], [ 39.213764190000063, -6.803318977999879 ], [ 39.213939666000158, -6.802912711999966 ], [ 39.21395492500011, -6.802880286999937 ], [ 39.214088440000069, -6.802712916999951 ], [ 39.214359283000192, -6.802336691999869 ], [ 39.214408875000174, -6.802281378999908 ], [ 39.214519501000098, -6.802145002999907 ], [ 39.21461868300014, -6.802020549999952 ], [ 39.214832306000119, -6.801777362999871 ], [ 39.215145110000094, -6.801458835999881 ], [ 39.215293885000051, -6.801294802999905 ], [ 39.215343475000054, -6.801246642999956 ], [ 39.215381621, -6.80121898699997 ], [ 39.21553039600019, -6.801069734999942 ], [ 39.215641021000181, -6.800978660999874 ], [ 39.215793610000105, -6.800837516999934 ], [ 39.215881347000163, -6.800724505999881 ], [ 39.215900421000129, -6.800699232999932 ], [ 39.216419220000148, -6.801249980999955 ], [ 39.216716766000104, -6.801608562999945 ], [ 39.216682435000166, -6.801623820999964 ], [ 39.217231750000053, -6.802312850999954 ], [ 39.217422485000156, -6.802554606999877 ], [ 39.217880248000085, -6.803104399999881 ], [ 39.218208314000037, -6.803504466999868 ], [ 39.218524933000026, -6.803882121999948 ], [ 39.218547822000062, -6.80391216299995 ], [ 39.218677521000075, -6.804064272999938 ], [ 39.218746186000146, -6.804144858999905 ], [ 39.219211578000113, -6.803381918999946 ], [ 39.219985962000067, -6.801896093999915 ], [ 39.220104218000074, -6.801288127999896 ], [ 39.220264435000104, -6.800488472999973 ], [ 39.220237731000168, -6.799961089999954 ], [ 39.220458984000118, -6.798712251999916 ], [ 39.220748900000103, -6.797462940999935 ], [ 39.220893860000047, -6.796936033999941 ], [ 39.220939637000185, -6.79637718299989 ], [ 39.221496583000089, -6.796494005999875 ], [ 39.221950531000175, -6.796585082999968 ], [ 39.222930908000194, -6.79678869199995 ], [ 39.223575593000135, -6.796927450999874 ], [ 39.223892212000123, -6.796984670999905 ], [ 39.223968506000062, -6.796997068999929 ], [ 39.224285126000154, -6.797056674999908 ], [ 39.225112915000125, -6.797181605999924 ], [ 39.225616456000182, -6.797264576999964 ], [ 39.225875855000027, -6.797294139999906 ], [ 39.225799560000041, -6.797631263999961 ], [ 39.225727081000173, -6.797945498999979 ], [ 39.225715638, -6.798000811999941 ], [ 39.22564315700015, -6.798358439999959 ], [ 39.22559738200016, -6.798579215999951 ], [ 39.225490570000034, -6.79896163899997 ], [ 39.225433350000117, -6.799400328999923 ], [ 39.225357056000178, -6.79969930599998 ], [ 39.225257874000135, -6.80027675599996 ], [ 39.225131988000044, -6.800725458999977 ], [ 39.225009918000069, -6.801379203999886 ], [ 39.225009918000069, -6.801465510999947 ], [ 39.22493743900003, -6.801759241999889 ], [ 39.224887847000161, -6.801997660999973 ], [ 39.224918366000111, -6.802007198999888 ], [ 39.225166320000028, -6.802091597999947 ], [ 39.225379945000043, -6.802159785999891 ], [ 39.225490570000034, -6.802195072999893 ], [ 39.225711823000154, -6.802213190999964 ], [ 39.225807190000126, -6.802185057999964 ], [ 39.225982666000107, -6.802187919999938 ], [ 39.22614288300008, -6.802210330999912 ], [ 39.226295470000025, -6.802215575999981 ], [ 39.226413726000033, -6.802210330999912 ], [ 39.226562500000114, -6.802228449999973 ], [ 39.226699828999983, -6.80221891399998 ], [ 39.226745606000122, -6.802215575999981 ], [ 39.226940155000193, -6.802217958999904 ], [ 39.227115631000117, -6.802225588999931 ], [ 39.227153778000172, -6.802236079999886 ], [ 39.227256775000058, -6.802253722999865 ], [ 39.227317810000045, -6.802283763999924 ], [ 39.227405547000103, -6.802410602999942 ], [ 39.227478028000178, -6.802486895999948 ], [ 39.227588653000169, -6.802572727999973 ], [ 39.227664947000108, -6.802628517999949 ], [ 39.227752686000144, -6.802666664999947 ], [ 39.227867126000035, -6.80271243999988 ], [ 39.228000640000062, -6.802757738999901 ], [ 39.22812271100014, -6.80280876199987 ], [ 39.228233338000166, -6.802851675999932 ], [ 39.228359222000051, -6.802902220999954 ], [ 39.228458404000094, -6.802912233999905 ], [ 39.228519439000081, -6.802909850999981 ], [ 39.228664399000024, -6.802922724999974 ], [ 39.22881317100007, -6.802973268999892 ], [ 39.228897095000093, -6.802980899999966 ], [ 39.228996277000135, -6.802968023999881 ], [ 39.22911453200004, -6.802940367999895 ], [ 39.229236603000118, -6.802932739999903 ], [ 39.229290008000191, -6.802909850999981 ], [ 39.229507446000071, -6.802935122999941 ], [ 39.229381562000128, -6.803434370999923 ], [ 39.229328155000019, -6.803760528999931 ], [ 39.229320527000141, -6.803795337999873 ], [ 39.229278565000186, -6.803965090999952 ], [ 39.22925949100005, -6.804018497999948 ], [ 39.229244233000031, -6.804069995999953 ], [ 39.22938919, -6.804143905999922 ], [ 39.22980880700004, -6.804384707999873 ], [ 39.229862212000114, -6.804399965999892 ], [ 39.230018615000176, -6.804483412999957 ], [ 39.230094910000162, -6.804493902999923 ], [ 39.23019409300008, -6.80450630099989 ], [ 39.230270386000086, -6.804473399999949 ], [ 39.230289460000108, -6.804516791999959 ], [ 39.230381012, -6.804573536999953 ], [ 39.230682372999979, -6.80471181799993 ], [ 39.231262208000089, -6.804962634999981 ], [ 39.231346130000134, -6.805003166999882 ], [ 39.231472015000122, -6.805048941999928 ], [ 39.231769562000181, -6.805171966999978 ], [ 39.231853485000102, -6.805207251999889 ], [ 39.232219695000026, -6.805358885999908 ], [ 39.232479095000144, -6.805467605999922 ], [ 39.232547760000045, -6.805496692999952 ], [ 39.232646943000191, -6.805543421999914 ], [ 39.232749940000076, -6.805613517999916 ], [ 39.23291396999997, -6.805678843999942 ], [ 39.232952117000025, -6.805699824999976 ], [ 39.23313140800002, -6.805795191999948 ], [ 39.233520509000186, -6.80597352999996 ], [ 39.233806610000158, -6.806107520999944 ], [ 39.233837128000175, -6.806120871999894 ], [ 39.234073639000087, -6.806237219999957 ], [ 39.234191895000151, -6.806276320999871 ], [ 39.234233857000049, -6.806291101999875 ], [ 39.234462738000047, -6.806455134999965 ], [ 39.234508515000016, -6.806485175999967 ], [ 39.234630586000094, -6.80656289999996 ], [ 39.234901428000114, -6.806674957999917 ], [ 39.234973907000153, -6.806704520999972 ], [ 39.235305787000073, -6.806849002999911 ], [ 39.235530853000057, -6.806937217999973 ], [ 39.235668182000154, -6.806989192999879 ], [ 39.235706329000038, -6.807006357999967 ], [ 39.235794068000075, -6.807044029999929 ], [ 39.235870361000082, -6.807092666999949 ], [ 39.235904693000066, -6.807109832999913 ], [ 39.235816956, -6.807183741999836 ], [ 39.235706329000038, -6.807262897999976 ], [ 39.235618592000151, -6.80733108599992 ], [ 39.235534668000128, -6.807393550999961 ], [ 39.235439301000156, -6.807464121999942 ], [ 39.235340119000114, -6.807566164999969 ], [ 39.235313415000178, -6.807596682999872 ], [ 39.235485076000089, -6.80765819599992 ], [ 39.235622407000164, -6.807733059999975 ], [ 39.235519410000109, -6.808030128999974 ], [ 39.235439301000156, -6.808257101999914 ], [ 39.235366820000081, -6.808412073999932 ], [ 39.235263825000175, -6.808603285999936 ], [ 39.235206605000087, -6.808758257999898 ], [ 39.2351455700001, -6.808918474999928 ], [ 39.235141755000029, -6.808966636999912 ], [ 39.235103608000145, -6.809032915999978 ], [ 39.235034942000141, -6.809111116999873 ], [ 39.234977722000053, -6.809169769999926 ], [ 39.234863282000163, -6.809275149999962 ], [ 39.23470306400003, -6.80937623899996 ], [ 39.234695434000116, -6.809416293999902 ], [ 39.234687806000011, -6.809448242999963 ], [ 39.234657287000061, -6.809527396999954 ], [ 39.234638214000029, -6.809564112999965 ], [ 39.234687806000011, -6.809666632999836 ], [ 39.234767914000088, -6.809739588999832 ], [ 39.234863282000163, -6.809858321999968 ], [ 39.234764099000017, -6.809972761999916 ], [ 39.234542847000057, -6.810147284999971 ], [ 39.23442077600015, -6.810227871999928 ], [ 39.23434448200004, -6.810287951999896 ], [ 39.23426055900012, -6.810385703999884 ], [ 39.234188080000081, -6.810451506999925 ], [ 39.234123230000023, -6.810491083999921 ], [ 39.23407745500009, -6.810564039999917 ], [ 39.234069824000073, -6.810591220999925 ], [ 39.234035493000135, -6.81070852199997 ], [ 39.233993531000067, -6.810814378999964 ], [ 39.234008789000086, -6.810837744999901 ], [ 39.23404312100007, -6.810865878999948 ], [ 39.234073639000087, -6.810913085999914 ], [ 39.234127045000093, -6.810955523999894 ], [ 39.234180450000167, -6.81096124599992 ], [ 39.234256743000174, -6.810964105999972 ], [ 39.234355926000092, -6.810979841999938 ], [ 39.234439849000012, -6.811001777999877 ], [ 39.234466553000118, -6.811034678999874 ], [ 39.234489441000051, -6.811063288999947 ], [ 39.234523773000035, -6.811102389999974 ], [ 39.23456573500016, -6.81113147699989 ], [ 39.234588624000025, -6.811159609999891 ], [ 39.234615325000163, -6.811196803999962 ], [ 39.234622955000077, -6.811224937999896 ], [ 39.234615325000163, -6.811252594999871 ], [ 39.234603882000044, -6.811278820999974 ], [ 39.234607697000058, -6.811324117999902 ], [ 39.234603882000044, -6.81140613499997 ], [ 39.234622955000077, -6.811462878999976 ], [ 39.234661102000132, -6.81152534499995 ], [ 39.234695434000116, -6.811551093999981 ], [ 39.23475265400009, -6.811567781999941 ], [ 39.234786988000053, -6.81159353299995 ], [ 39.234844208000027, -6.811607360999915 ], [ 39.23492050200008, -6.811618803999977 ], [ 39.235004426000103, -6.811638832999961 ], [ 39.235031127000127, -6.811678409999956 ], [ 39.235069274000182, -6.811754702999963 ], [ 39.235107423000045, -6.81184005699987 ], [ 39.23511505100015, -6.811927795999964 ], [ 39.235157013000048, -6.812041281999939 ], [ 39.235191345000032, -6.812115669999969 ], [ 39.235248565000177, -6.812211511999976 ], [ 39.235309600000164, -6.812304496999957 ], [ 39.235340119000114, -6.812342642999909 ], [ 39.235370636000027, -6.812373636999894 ], [ 39.235431671000015, -6.812420366999959 ], [ 39.235485076000089, -6.812443732999952 ], [ 39.235530853000057, -6.812463758999968 ], [ 39.235580445000096, -6.812494754999875 ], [ 39.23561477700008, -6.812512873999879 ], [ 39.235649109000065, -6.812552927999889 ], [ 39.235698701000103, -6.812584399999935 ], [ 39.235729217000141, -6.812620638999931 ], [ 39.235767364000026, -6.812636851999912 ], [ 39.235794068000075, -6.812626838999961 ], [ 39.235824584000113, -6.812648294999974 ], [ 39.235858918000133, -6.812660217999962 ], [ 39.235893250000117, -6.812671183999896 ], [ 39.235931397000172, -6.812683581999977 ], [ 39.235977174000141, -6.812707422999893 ], [ 39.236015320000092, -6.812700747999941 ], [ 39.236068726000099, -6.812675475999981 ], [ 39.236110688000167, -6.81267404599987 ], [ 39.236145019000105, -6.812681673999975 ], [ 39.236171723000155, -6.812697409999942 ], [ 39.236236573000042, -6.812751292999963 ], [ 39.236312867000095, -6.812745094999968 ], [ 39.236385345000087, -6.812762259999886 ], [ 39.236419677000072, -6.812772750999954 ], [ 39.236476896999989, -6.812808512999936 ], [ 39.236515044000043, -6.812865732999853 ], [ 39.236579894999977, -6.812935350999908 ], [ 39.236606598000151, -6.813022136999905 ], [ 39.236606598000151, -6.813083647999918 ], [ 39.236591340000132, -6.813155173999974 ], [ 39.236579894999977, -6.813252448999947 ], [ 39.236591340000132, -6.813307285999883 ], [ 39.236637115000121, -6.813364505999971 ], [ 39.236671449000141, -6.81341171299988 ], [ 39.236701965000179, -6.813442229999964 ], [ 39.236755370000026, -6.813500404999957 ], [ 39.236785888999975, -6.813566684999955 ], [ 39.236835479000035, -6.813664912999968 ], [ 39.236873626000033, -6.813738345999923 ], [ 39.236930846000178, -6.813829897999938 ], [ 39.23701477000003, -6.813872814999968 ], [ 39.237075805000188, -6.813911913999902 ], [ 39.237174988000106, -6.813968656999975 ], [ 39.237213134000058, -6.813996315999873 ], [ 39.237251281000113, -6.814043520999974 ], [ 39.237308501000086, -6.814086436999958 ], [ 39.237335205000136, -6.814107417999935 ], [ 39.237358093000068, -6.814126491999957 ], [ 39.237453461000143, -6.814183234999973 ], [ 39.237495422000165, -6.814222811999969 ], [ 39.23753356900005, -6.81429147699987 ], [ 39.237556458000086, -6.814327238999965 ], [ 39.23759460500014, -6.814404964999937 ], [ 39.237632751000092, -6.814441203999934 ], [ 39.237625121000178, -6.814486980999959 ], [ 39.237640382000109, -6.814560411999935 ], [ 39.237655640000128, -6.814607141999943 ], [ 39.23767471300016, -6.814660071999981 ], [ 39.237682343000074, -6.814694403999965 ], [ 39.237701417000096, -6.814734934999876 ], [ 39.237716675000115, -6.814794540999912 ], [ 39.237728118000064, -6.814873218999935 ], [ 39.237724303, -6.814937114999907 ], [ 39.237724303, -6.814992427999869 ], [ 39.237720490000129, -6.815050602999975 ], [ 39.237716675000115, -6.815131186999963 ], [ 39.237720490000129, -6.81521415799989 ], [ 39.237720490000129, -6.815276622999932 ], [ 39.237739564000094, -6.81540012399995 ], [ 39.237766265000118, -6.815451143999894 ], [ 39.237781526000049, -6.815481662999957 ], [ 39.237834931000123, -6.815599440999904 ], [ 39.237937928000179, -6.815649032999943 ], [ 39.23805999700005, -6.815690994999954 ], [ 39.238143920000027, -6.815729141999896 ], [ 39.238235474000135, -6.815699577999908 ], [ 39.238281249000067, -6.815728186999877 ], [ 39.238361358000077, -6.815771101999815 ], [ 39.238498687000117, -6.815793989999918 ], [ 39.238647461000028, -6.815766810999889 ], [ 39.238708497000061, -6.815752027999906 ], [ 39.238784790000068, -6.815693377999935 ], [ 39.238876342000026, -6.815649507999979 ], [ 39.238956450999979, -6.815644262999967 ], [ 39.238994598000033, -6.815642355999898 ], [ 39.239109038000095, -6.815624713999966 ], [ 39.239044190000072, -6.815820215999963 ], [ 39.238956450999979, -6.816052911999861 ], [ 39.238895416, -6.816189765999979 ], [ 39.238807679000104, -6.816358565999906 ], [ 39.238796234000176, -6.816384314999937 ], [ 39.23874664300007, -6.816500662999943 ], [ 39.238727570000151, -6.816540717999885 ], [ 39.238658905000079, -6.816689013999905 ], [ 39.238693236000131, -6.81671524099994 ], [ 39.23872375500008, -6.816736221999975 ], [ 39.238769532000049, -6.816768167999953 ], [ 39.238807679000104, -6.816798209999888 ], [ 39.239002228000118, -6.816933630999813 ], [ 39.239238739000086, -6.817153453999879 ], [ 39.239372253000113, -6.817278384999895 ], [ 39.239547729000094, -6.817491054999948 ], [ 39.239784240000176, -6.817741393999938 ], [ 39.239803313000095, -6.817771909999976 ], [ 39.239738465000016, -6.817831037999895 ], [ 39.239662171000134, -6.81785726399994 ], [ 39.239604949000181, -6.817910193999978 ], [ 39.239540101000159, -6.817948340999919 ], [ 39.239440918000184, -6.818008423999913 ], [ 39.239406799951574, -6.818031168371894 ], [ 39.239323338408589, -6.818076964303123 ] ] ] ] } },
{ "type": "Feature", "properties": { "GID_3": "TZA.2.2.16_1", "GID_0": "TZA", "COUNTRY": "Tanzania", "GID_1": "TZA.2_1", "NAME_1": "Dar es Salaam", "NL_NAME_1": "NA", "GID_2": "TZA.2.2_1", "NAME_2": "Kinondoni", "NL_NAME_2": "NA", "NAME_3": "Makuburi", "VARNAME_3": "NA", "NL_NAME_3": "NA", "TYPE_3": "Wodi", "ENGTYPE_3": "Ward", "CC_3": "192", "HASC_3": "NA", "Area_km²": 7.622, "pop_densit": 6673.576, "population": 50866 }, "geometry": { "type": "MultiPolygon", "coordinates": [ [ [ [ 39.221260427177768, -6.817747984123089 ], [ 39.221187591000103, -6.817742346999921 ], [ 39.221103669000058, -6.817746638999949 ], [ 39.221046829921782, -6.817735046117864 ], [ 39.221030410120768, -6.817731541211331 ], [ 39.22091674800015, -6.817685603999962 ], [ 39.220821381000178, -6.817673205999881 ], [ 39.220681519175351, -6.817657068314058 ], [ 39.22065527534771, -6.817651466409206 ], [ 39.22056961200019, -6.817628860999946 ], [ 39.220365357762951, -6.817589581734952 ], [ 39.220266990628176, -6.817568584670916 ], [ 39.220230103000063, -6.817546366999977 ], [ 39.220085144000109, -6.817521095999837 ], [ 39.219970704000048, -6.817487716999892 ], [ 39.219802856000172, -6.817464350999956 ], [ 39.219753266000168, -6.81745624499996 ], [ 39.219692231000181, -6.81744527799998 ], [ 39.219577790000187, -6.81744527799998 ], [ 39.219532013000048, -6.817446231999952 ], [ 39.219247669430025, -6.817461177077619 ], [ 39.219095875962687, -6.817466472743506 ], [ 39.219085693000068, -6.817466735999972 ], [ 39.219043733000149, -6.817468165999969 ], [ 39.219039758664003, -6.817467723196619 ], [ 39.218795139879269, -6.817430010213245 ], [ 39.218761444000165, -6.817421435999961 ], [ 39.218711852000126, -6.817416667999964 ], [ 39.218666077000194, -6.817421435999961 ], [ 39.21860885500007, -6.817427633999898 ], [ 39.218571803054758, -6.817431534581368 ], [ 39.218534614532324, -6.817435379943114 ], [ 39.218463898000039, -6.817440031999979 ], [ 39.218424576865338, -6.817446758040643 ], [ 39.21836972330415, -6.817452429999946 ], [ 39.218326569000169, -6.817452429999946 ], [ 39.218269349000025, -6.81744766199995 ], [ 39.218204498000091, -6.817455767999945 ], [ 39.218151093000188, -6.817460059999917 ], [ 39.218093871000065, -6.817461967999918 ], [ 39.218006134000177, -6.817467688999955 ], [ 39.217910767000035, -6.817480563999936 ], [ 39.21780777000015, -6.817492961999903 ], [ 39.217655183000034, -6.817507742999965 ], [ 39.217609406000065, -6.817516325999975 ], [ 39.217578887000116, -6.817514895999921 ], [ 39.217502593000177, -6.817522048999933 ], [ 39.217453003000173, -6.817525863999947 ], [ 39.217403325954521, -6.817552357266645 ], [ 39.217311313301245, -6.817561871544541 ], [ 39.217300416000057, -6.817562579999958 ], [ 39.217216492000034, -6.817543981999961 ], [ 39.21711731, -6.817526340999905 ], [ 39.217056275, -6.817523955999889 ], [ 39.217018128000177, -6.817523478999931 ], [ 39.216973039323172, -6.817523148053433 ], [ 39.216881908745684, -6.817512054079227 ], [ 39.216869354000096, -6.817510127999981 ], [ 39.216867871668505, -6.817510345245855 ], [ 39.2168675, -6.8175103 ], [ 39.216482467402443, -6.817519464732142 ], [ 39.216407777000029, -6.817510127999981 ], [ 39.216194152000185, -6.817525863999947 ], [ 39.216193007185346, -6.817526354604252 ], [ 39.2161911, -6.8175264 ], [ 39.215983736003942, -6.817620520545761 ], [ 39.215919494000048, -6.817595958999902 ], [ 39.215877532000093, -6.817586421999977 ], [ 39.215835572000174, -6.817566394999915 ], [ 39.215793610000105, -6.817549704999976 ], [ 39.215736390000131, -6.817527770999959 ], [ 39.215553284000123, -6.817484854999918 ], [ 39.21555231341565, -6.817485067324019 ], [ 39.2155521, -6.817485 ], [ 39.215165502188555, -6.81754654046689 ], [ 39.215164216468224, -6.817546371272623 ], [ 39.2150842, -6.8174536 ], [ 39.214783990697832, -6.817345934615529 ], [ 39.214782715000013, -6.817345142999955 ], [ 39.214565278000066, -6.817375181999921 ], [ 39.214443206999988, -6.817405222999923 ], [ 39.214305878000118, -6.817477225999937 ], [ 39.214263916000164, -6.81746482799997 ], [ 39.213962555000194, -6.817399977999912 ], [ 39.213703155000076, -6.817419528999949 ], [ 39.213184356000056, -6.817622660999973 ], [ 39.21304702700013, -6.817698954999969 ], [ 39.212860108000029, -6.817781925999896 ], [ 39.21263238722883, -6.81790120636847 ], [ 39.212617702392137, -6.817907808999962 ], [ 39.212616012094664, -6.817907808999962 ], [ 39.210854021522152, -6.817800045955613 ], [ 39.210849762000123, -6.817799568999874 ], [ 39.210810891378358, -6.817824256505737 ], [ 39.2107064, -6.8178896 ], [ 39.2105653, -6.8181718 ], [ 39.210372251686486, -6.818276070261538 ], [ 39.210212707000096, -6.818361282999888 ], [ 39.210090638000054, -6.818376540999907 ], [ 39.209987641000112, -6.818384170999934 ], [ 39.20989227400014, -6.818399906999957 ], [ 39.209856400017415, -6.818408256777388 ], [ 39.209744464119474, -6.818422865360679 ], [ 39.209743500000059, -6.818422792999911 ], [ 39.209742652262641, -6.81842310182335 ], [ 39.2097419, -6.8184232 ], [ 39.209739113328169, -6.818424391026689 ], [ 39.209609986000032, -6.818471430999864 ], [ 39.209465027000022, -6.818522929999972 ], [ 39.209389880145459, -6.818573653683595 ], [ 39.2093879, -6.8185745 ], [ 39.209386072019605, -6.818577100888748 ], [ 39.209281921000184, -6.818681717999937 ], [ 39.209234236547459, -6.818793135574787 ], [ 39.209153663072307, -6.818907777200764 ], [ 39.209125518000121, -6.818941114999973 ], [ 39.209072113000047, -6.819023131999927 ], [ 39.209070461164259, -6.81902733767564 ], [ 39.2088236, -6.8195287 ], [ 39.20882354187647, -6.819530790937364 ], [ 39.2088127130001, -6.819569586999933 ], [ 39.208808898000029, -6.819602965999934 ], [ 39.2088127130001, -6.819651602999897 ], [ 39.208819106357701, -6.819690354404776 ], [ 39.2088159, -6.8198057 ], [ 39.208701446479331, -6.819995759331833 ], [ 39.208694458000139, -6.820005416999948 ], [ 39.208651249009797, -6.820031458009722 ], [ 39.208585131858904, -6.820069881485444 ], [ 39.208286286000146, -6.820080755999868 ], [ 39.208281323545314, -6.82008011433232 ], [ 39.207869057900155, -6.819996557624123 ], [ 39.207866669000111, -6.819995879999965 ], [ 39.207733053106729, -6.820028974896474 ], [ 39.2076585, -6.8200473 ], [ 39.207404045538382, -6.820263961225272 ], [ 39.207309723000037, -6.820272921999958 ], [ 39.207206726000152, -6.820362566999904 ], [ 39.207048277511305, -6.820553553116915 ], [ 39.207046120803142, -6.820555863467034 ], [ 39.207006581495939, -6.820573985841451 ], [ 39.20683946800947, -6.820650005145716 ], [ 39.206836096994046, -6.820649700033291 ], [ 39.206532243436477, -6.820564727253147 ], [ 39.206520081000122, -6.820560455999953 ], [ 39.20651894121805, -6.820561007281953 ], [ 39.2065182, -6.8205608 ], [ 39.206485880415656, -6.820576997904889 ], [ 39.206432636389543, -6.820602750611522 ], [ 39.206048406572997, -6.820326311975399 ], [ 39.206047059000014, -6.820324896999921 ], [ 39.205780029000152, -6.820296763999977 ], [ 39.205596923000087, -6.820211886999971 ], [ 39.205490113000167, -6.820065974999977 ], [ 39.205406189000144, -6.819948196999917 ], [ 39.20534896900017, -6.819868087999964 ], [ 39.205299377000188, -6.819825648999824 ], [ 39.205223083000078, -6.819764135999947 ], [ 39.205116273000101, -6.819716930999959 ], [ 39.204940797000177, -6.819646357999886 ], [ 39.204856873000153, -6.819608688999892 ], [ 39.204658509000069, -6.819566248999934 ], [ 39.204505921000077, -6.819476604999977 ], [ 39.204380036000032, -6.819401263999964 ], [ 39.204154968000068, -6.819335460999923 ], [ 39.204153352975574, -6.819335932026053 ], [ 39.2041529, -6.8193358 ], [ 39.203588296127712, -6.819373129999974 ], [ 39.203582763000043, -6.819373129999974 ], [ 39.2035792134376, -6.819371854389903 ], [ 39.203345750000985, -6.819261662818802 ], [ 39.203273773999967, -6.819203376999951 ], [ 39.203212738000104, -6.819180010999958 ], [ 39.203098298000043, -6.819132803999935 ], [ 39.202995301000158, -6.819095134999941 ], [ 39.202804565000179, -6.819047927999975 ], [ 39.202671051000152, -6.819015025999875 ], [ 39.202575684000124, -6.818986891999941 ], [ 39.202445985000168, -6.818982123999945 ], [ 39.202339173000041, -6.819057464999958 ], [ 39.20233909890495, -6.8190575920901 ], [ 39.2023388, -6.8190578 ], [ 39.20191, -6.8196562 ], [ 39.201898709795351, -6.819664848321919 ], [ 39.201793670000086, -6.819736004999868 ], [ 39.201660156000059, -6.819834708999963 ], [ 39.201553346000082, -6.819924353999909 ], [ 39.201457976000029, -6.819981098999961 ], [ 39.201113331285242, -6.820266450010924 ], [ 39.2011023, -6.8202749 ], [ 39.200948862041905, -6.820326045986033 ], [ 39.20094299200008, -6.820327757999962 ], [ 39.200941392045294, -6.820327936962315 ], [ 39.200662916597565, -6.820255265505305 ], [ 39.200660706000122, -6.82025432599994 ], [ 39.200534821000133, -6.820155619999923 ], [ 39.200513732322285, -6.820145662276609 ], [ 39.200454147668843, -6.820101244625861 ], [ 39.200435638000158, -6.820086000999936 ], [ 39.200434287648747, -6.820086439883611 ], [ 39.2004341, -6.8200863 ], [ 39.200433537865933, -6.820086683573836 ], [ 39.200397492000036, -6.820098398999903 ], [ 39.200321198000097, -6.820143221999899 ], [ 39.200262491112973, -6.820203397828797 ], [ 39.200088835116262, -6.820321892508903 ], [ 39.200084687000185, -6.820323944999927 ], [ 39.199990284775616, -6.820352133889525 ], [ 39.199947062816726, -6.820364846230374 ], [ 39.199832915000115, -6.820323944999927 ], [ 39.199822796962899, -6.820314419615706 ], [ 39.19970104734719, -6.820177423453281 ], [ 39.199691772999984, -6.820147513999871 ], [ 39.199642181000172, -6.820090293999954 ], [ 39.199556085543868, -6.820014308271054 ], [ 39.199367736048373, -6.819802372012146 ], [ 39.199340820000032, -6.819770335999976 ], [ 39.199344635000045, -6.819573401999889 ], [ 39.199306488, -6.819444655999916 ], [ 39.199283599000182, -6.819401740999922 ], [ 39.199245453, -6.819330692999927 ], [ 39.199222563999967, -6.819283008999946 ], [ 39.199157716000116, -6.819249629999945 ], [ 39.199108124000134, -6.819240093999952 ], [ 39.199058534000073, -6.819240093999952 ], [ 39.198974610000107, -6.81929254399995 ], [ 39.198950223598011, -6.819318337271995 ], [ 39.198840261727128, -6.819397240442604 ], [ 39.198838163436605, -6.819396715897476 ], [ 39.198693154391165, -6.819331240626791 ], [ 39.19869232200017, -6.819330692999927 ], [ 39.198654175000115, -6.819216250999943 ], [ 39.198627471000066, -6.819178580999903 ], [ 39.198597397101111, -6.819150384502318 ], [ 39.1985973, -6.8191502 ], [ 39.198597160163828, -6.819150162356148 ], [ 39.198596955000028, -6.819149969999955 ], [ 39.198554993000073, -6.819126128999926 ], [ 39.19847488400012, -6.819116592999933 ], [ 39.19847365167135, -6.819116913909911 ], [ 39.1984736, -6.8191169 ], [ 39.198458040364876, -6.819120979240624 ], [ 39.198383332, -6.819140433999962 ], [ 39.198348998000029, -6.819178580999903 ], [ 39.198291778000055, -6.819244861999891 ], [ 39.198282014983469, -6.81926403995464 ], [ 39.198207840804386, -6.819354528226665 ], [ 39.198131561000025, -6.819321154999898 ], [ 39.198108674000025, -6.819259166999927 ], [ 39.198085786000092, -6.81920671499995 ], [ 39.197978973000033, -6.819188116999896 ], [ 39.197895049000181, -6.819192886999872 ], [ 39.197845459000177, -6.81921148299989 ], [ 39.197803497000109, -6.819221019999873 ], [ 39.197727204000103, -6.819254396999895 ], [ 39.197666673204864, -6.819315874906034 ], [ 39.1976649, -6.8193166 ], [ 39.19766390436024, -6.819319359269708 ], [ 39.197597503000111, -6.819406508999975 ], [ 39.197547913000051, -6.819563863999917 ], [ 39.197498321000069, -6.819673061999879 ], [ 39.197494508000034, -6.819715975999884 ], [ 39.197475432000033, -6.819806097999958 ], [ 39.197439075142029, -6.819942440506525 ], [ 39.1974366, -6.8199493 ], [ 39.1974937, -6.8200587 ], [ 39.1974176, -6.8204678 ], [ 39.1971417, -6.8205868 ], [ 39.197084782305446, -6.820724259721173 ], [ 39.196902247401653, -6.820697641227342 ], [ 39.196855111843497, -6.820690646918713 ], [ 39.196712494000167, -6.820662497999876 ], [ 39.196605681999984, -6.820652961999883 ], [ 39.196590661113859, -6.820646887353832 ], [ 39.196203282123889, -6.820459158827266 ], [ 39.196178436000025, -6.820443629999886 ], [ 39.196144105000087, -6.820429324999964 ], [ 39.196138621560706, -6.820429852263318 ], [ 39.195723690820614, -6.820435169409335 ], [ 39.195713042000023, -6.820435046999876 ], [ 39.195373536000034, -6.82036495199992 ], [ 39.195205688000158, -6.820285319999925 ], [ 39.195079803000169, -6.820115564999981 ], [ 39.19486236500012, -6.819945811999901 ], [ 39.194690704000038, -6.819885729999896 ], [ 39.19469175355713, -6.819882843752279 ], [ 39.1947599, -6.8197563 ], [ 39.1944732, -6.8188986 ], [ 39.193960117843396, -6.818411671090489 ], [ 39.193946839000034, -6.818383215999916 ], [ 39.193851470000027, -6.818308352999964 ], [ 39.193786622000175, -6.818293094999945 ], [ 39.193683909216439, -6.818285165507373 ], [ 39.193522504665232, -6.818262761927107 ], [ 39.193492890000186, -6.818258284999899 ], [ 39.193401336000079, -6.818213462999836 ], [ 39.193279266000104, -6.818148134999944 ], [ 39.193187713999976, -6.818108558999938 ], [ 39.193186984845319, -6.818106969012906 ], [ 39.193166066224272, -6.817992073486812 ], [ 39.193168640000181, -6.817983627999979 ], [ 39.193149567000148, -6.817888735999873 ], [ 39.193099975000109, -6.817833900999972 ], [ 39.19305420000012, -6.817799090999927 ], [ 39.192916871000079, -6.817753791999905 ], [ 39.192915312436881, -6.817754996337442 ], [ 39.192588698363529, -6.817863933777992 ], [ 39.19257792303484, -6.81786311068876 ], [ 39.192513055773546, -6.817856866246972 ], [ 39.192462922000061, -6.81784391399998 ], [ 39.192329406000056, -6.817838667999979 ], [ 39.192327153561159, -6.817838318892852 ], [ 39.192094259942735, -6.817703210736012 ], [ 39.192081452000139, -6.817694186999859 ], [ 39.192005158000029, -6.817674159999967 ], [ 39.191997301425168, -6.81767244115431 ], [ 39.191914318517533, -6.817650211469827 ], [ 39.19181442200005, -6.817619322999974 ], [ 39.191520691000164, -6.817544459999965 ], [ 39.191517901061772, -6.817543134759481 ], [ 39.191063391748479, -6.81719820099735 ], [ 39.190990448000093, -6.817100048999976 ], [ 39.19081600487123, -6.817010455479769 ], [ 39.1908158, -6.8170103 ], [ 39.190814200946825, -6.81699681820499 ], [ 39.190807342000028, -6.81688022599991 ], [ 39.190792089510644, -6.816810394229724 ], [ 39.190773949162001, -6.816657450934716 ], [ 39.190773011000147, -6.816630363999934 ], [ 39.190773011000147, -6.81661323726742 ], [ 39.1908058, -6.8163513 ], [ 39.190611065829081, -6.816121694149444 ], [ 39.19057846100003, -6.816066264999961 ], [ 39.190525054000148, -6.816006659999914 ], [ 39.190471649000074, -6.815956592999953 ], [ 39.190311432000044, -6.815946579999945 ], [ 39.190185548000102, -6.815991401999895 ], [ 39.190078736000146, -6.816066264999961 ], [ 39.190006257000107, -6.816151141999967 ], [ 39.189956859045303, -6.816250347098969 ], [ 39.189828699906229, -6.816394512761955 ], [ 39.189826966000112, -6.816395758999874 ], [ 39.189821344585305, -6.81639825747923 ], [ 39.18960843788431, -6.816473068767237 ], [ 39.189563751000094, -6.816480636999813 ], [ 39.189456939000138, -6.816525936999938 ], [ 39.189456908787129, -6.816525939558162 ], [ 39.189240143959317, -6.816511238620818 ], [ 39.189239501000088, -6.816510675999893 ], [ 39.189237455252993, -6.816505305873571 ], [ 39.189223344954165, -6.816378501321431 ], [ 39.189224243000069, -6.816375731999926 ], [ 39.18922995175177, -6.816369809246742 ], [ 39.189316282146976, -6.816288027344437 ], [ 39.189319610000041, -6.816286085999877 ], [ 39.189311982000106, -6.816221236999922 ], [ 39.189285278000057, -6.816176414999973 ], [ 39.18922805800014, -6.816116332999968 ], [ 39.189145988117744, -6.816042744927345 ], [ 39.188710894278167, -6.815617675827157 ], [ 39.188674927000079, -6.815546988999927 ], [ 39.188625335000097, -6.81549739899998 ], [ 39.188529968000068, -6.81543731599993 ], [ 39.188419343000078, -6.815332412999908 ], [ 39.188418952723971, -6.815330713732727 ], [ 39.188396454000042, -6.815195552225809 ], [ 39.188396454000042, -6.815147876999958 ], [ 39.188381196000194, -6.815093039999908 ], [ 39.188285827000072, -6.815052984999966 ], [ 39.18826886612225, -6.815057932416683 ], [ 39.18816054153438, -6.815023467743528 ], [ 39.18815994300013, -6.815022943999907 ], [ 39.188140870000041, -6.814962863999881 ], [ 39.188131509614017, -6.814943642679847 ], [ 39.188076632808958, -6.814788772450252 ], [ 39.188076019000107, -6.814783094999939 ], [ 39.188125611000089, -6.814743517999943 ], [ 39.188179016000163, -6.814713476999941 ], [ 39.188226931714055, -6.814631468285941 ], [ 39.1882296, -6.8146288 ], [ 39.188230534868289, -6.81462464202234 ], [ 39.188255310000102, -6.814573764999977 ], [ 39.188274384000067, -6.814528465999956 ], [ 39.188274384000067, -6.814429615928425 ], [ 39.1882745, -6.8144291 ], [ 39.188274384000067, -6.814428899111013 ], [ 39.188274384000067, -6.814428805999967 ], [ 39.188228607000099, -6.814333915999896 ], [ 39.188190460000044, -6.814234256999953 ], [ 39.188129820615032, -6.814178543859443 ], [ 39.188082701247232, -6.814096942413994 ], [ 39.188072204000036, -6.814074516999938 ], [ 39.188057610074004, -6.814036207047288 ], [ 39.188030796886665, -6.813951757196356 ], [ 39.188030242000139, -6.813949583999886 ], [ 39.187969207000151, -6.813735007999924 ], [ 39.187950134000062, -6.813660621999873 ], [ 39.187922071193192, -6.813609318660777 ], [ 39.1879207, -6.813605 ], [ 39.187917669212418, -6.813603614581504 ], [ 39.187862397000174, -6.813569067999936 ], [ 39.187763214000086, -6.813516140999923 ], [ 39.187717437000117, -6.813510894999922 ], [ 39.187715663946427, -6.813511274942371 ], [ 39.1877155, -6.8135112 ], [ 39.187604957829734, -6.81353478021957 ], [ 39.187541962000068, -6.813541411999893 ], [ 39.187461853000059, -6.813560007999911 ], [ 39.187415219355593, -6.813575254138893 ], [ 39.1872964, -6.8136006 ], [ 39.187250875896183, -6.813694243880229 ], [ 39.187250173614451, -6.813694390980048 ], [ 39.186879486759466, -6.813689053089337 ], [ 39.186878205000085, -6.813688753999827 ], [ 39.1868778700955, -6.813689029809376 ], [ 39.1868758, -6.813689 ], [ 39.186870077474616, -6.813695447396172 ], [ 39.186813355000083, -6.81374216099988 ], [ 39.186775208000029, -6.813779830999977 ], [ 39.186745133298771, -6.813836218217973 ], [ 39.186673871288349, -6.813916506968543 ], [ 39.186656953000124, -6.813924789999817 ], [ 39.186504363000097, -6.813814639999919 ], [ 39.186332703000119, -6.813755034999872 ], [ 39.186332471562679, -6.813755139147833 ], [ 39.1863324, -6.8137551 ], [ 39.18633044626074, -6.81375605054344 ], [ 39.186218262000125, -6.81380653399998 ], [ 39.18618011500007, -6.81382465299987 ], [ 39.186173443744359, -6.813832436228734 ], [ 39.185984767220489, -6.813924232117782 ], [ 39.185929851467115, -6.813918740254551 ], [ 39.185800206620478, -6.81390412376686 ], [ 39.185794830000077, -6.813902853999934 ], [ 39.185779872544877, -6.81389559107881 ], [ 39.185503516988099, -6.813732059277137 ], [ 39.185493468, -6.813719749999905 ], [ 39.1853752130001, -6.81365489999996 ], [ 39.185336130708684, -6.813642464414934 ], [ 39.184927793143522, -6.813503325838912 ], [ 39.184921264000081, -6.813500404999957 ], [ 39.184916359178729, -6.81349718607835 ], [ 39.184755275858393, -6.813327224957948 ], [ 39.184730530000138, -6.813293457999976 ], [ 39.184615335445692, -6.813179571996222 ], [ 39.1846056, -6.8131693 ], [ 39.184605173689576, -6.813169525672411 ], [ 39.184604644000046, -6.813169001999881 ], [ 39.184558869000057, -6.813175677999936 ], [ 39.184492390232514, -6.813229228915216 ], [ 39.1844881, -6.8132315 ], [ 39.184370986780536, -6.813403684316712 ], [ 39.184288024000125, -6.813369273999967 ], [ 39.184196472000167, -6.813217161999887 ], [ 39.184123994000061, -6.813155173999974 ], [ 39.184069674850356, -6.812994364405669 ], [ 39.1840525, -6.8129411 ], [ 39.1840179, -6.812547 ], [ 39.184008664568616, -6.812524132326668 ], [ 39.183933258000081, -6.812324046999947 ], [ 39.18392181400003, -6.812296390999904 ], [ 39.183895155631532, -6.812243075039239 ], [ 39.183864698185133, -6.812167659944291 ], [ 39.183845521000194, -6.812117099999966 ], [ 39.183849334000058, -6.811882496999942 ], [ 39.183815002000074, -6.811691759999974 ], [ 39.183792114000141, -6.811652182999978 ], [ 39.183780933171597, -6.811580556526676 ], [ 39.1837779, -6.8115549 ], [ 39.183773754244598, -6.811548849574787 ], [ 39.183700562000183, -6.811417101999893 ], [ 39.183617967559762, -6.811321490361773 ], [ 39.183614, -6.8113157 ], [ 39.183612235640396, -6.811146963063547 ], [ 39.183628083000144, -6.811089514999878 ], [ 39.183635711000079, -6.810987471999965 ], [ 39.183609617824793, -6.810896604698807 ], [ 39.1836096, -6.8108949 ], [ 39.183608977473789, -6.810894452765222 ], [ 39.183551787000056, -6.810832499999947 ], [ 39.183467866000115, -6.810792922999951 ], [ 39.18339920000011, -6.810775279999973 ], [ 39.183345795000037, -6.810751438999887 ], [ 39.183357238000042, -6.810666084999923 ], [ 39.18339920000011, -6.810564517999978 ], [ 39.183448792000149, -6.810399054999948 ], [ 39.183502197, -6.810197829999822 ], [ 39.183464051000044, -6.810086249999927 ], [ 39.183387757000162, -6.809885500999826 ], [ 39.183300018000068, -6.809792995999885 ], [ 39.183185578, -6.809651374999817 ], [ 39.183044433000134, -6.809499262999907 ], [ 39.182949066000162, -6.809410095999908 ], [ 39.182826996000188, -6.809280394999917 ], [ 39.182804107000152, -6.809257505999824 ], [ 39.182647705000193, -6.809015749999958 ], [ 39.182540893000066, -6.808773993999978 ], [ 39.182441710000091, -6.808506488999967 ], [ 39.182338715000014, -6.808341980999899 ], [ 39.182300568000187, -6.80828285299998 ], [ 39.182258606000062, -6.808216571999935 ], [ 39.18200302200006, -6.807610511999883 ], [ 39.181911468000123, -6.807428359999903 ], [ 39.181873321000069, -6.807343481999908 ], [ 39.181800843000133, -6.807176113999901 ], [ 39.181789397000045, -6.807067393999887 ], [ 39.181785584000181, -6.8069977749999 ], [ 39.181766511000092, -6.806918143999951 ], [ 39.181713104000039, -6.806828021999877 ], [ 39.18165588300019, -6.806754588999922 ], [ 39.181591033000188, -6.806660174999934 ], [ 39.181522370000096, -6.80657625099991 ], [ 39.181446076000157, -6.806473255999947 ], [ 39.181385041000169, -6.806404112999871 ], [ 39.181369782000047, -6.806339263999973 ], [ 39.181373595000139, -6.806269645999976 ], [ 39.181381226000099, -6.806230066999888 ], [ 39.181392669000104, -6.806144237999888 ], [ 39.181373595000139, -6.806020736999869 ], [ 39.18133544900013, -6.805901526999946 ], [ 39.181316375000165, -6.805831907999959 ], [ 39.181293487000062, -6.805762289999905 ], [ 39.181228638000107, -6.805467605999922 ], [ 39.181182861000138, -6.805282592999902 ], [ 39.18109130900001, -6.805027484999925 ], [ 39.181118011000081, -6.804977892999943 ], [ 39.181179046000068, -6.8048820489999 ], [ 39.181293487000062, -6.804719923999926 ], [ 39.181533813000044, -6.804557322999926 ], [ 39.181735991999972, -6.804448127999876 ], [ 39.18186187800012, -6.804312704999973 ], [ 39.181865693000134, -6.80419635699991 ], [ 39.181941987000073, -6.803936956999962 ], [ 39.181976318000181, -6.803812980999908 ], [ 39.18202209500015, -6.80360698699991 ], [ 39.182071685000153, -6.803351401999976 ], [ 39.182090759000118, -6.803273200999911 ], [ 39.182117462000122, -6.803177355999878 ], [ 39.182315827000082, -6.803245066999978 ], [ 39.182498933000147, -6.803290843999946 ], [ 39.182678224000142, -6.803312299999959 ], [ 39.182834626000101, -6.803329943999927 ], [ 39.182994843000131, -6.803351401999976 ], [ 39.183094026000106, -6.803319452999915 ], [ 39.183269501000154, -6.803266047999955 ], [ 39.183437347000165, -6.803219795999951 ], [ 39.183563233000086, -6.803213117999917 ], [ 39.183685303000061, -6.803255557999876 ], [ 39.183773040000119, -6.803297996999959 ], [ 39.183826447, -6.803332805999958 ], [ 39.183925630000147, -6.803363799999943 ], [ 39.183963776000098, -6.803383825999845 ], [ 39.18413543700018, -6.803472041999953 ], [ 39.184158326000045, -6.803488730999902 ], [ 39.184185027000012, -6.803502081999966 ], [ 39.184253693000187, -6.803229808999959 ], [ 39.184295655000142, -6.803052424999976 ], [ 39.184329986000193, -6.803014755999925 ], [ 39.184352875000059, -6.802991866999832 ], [ 39.184379578000062, -6.80290937399991 ], [ 39.184375763000162, -6.802783965999936 ], [ 39.184375763000162, -6.802639483999883 ], [ 39.18446731500012, -6.802442073999885 ], [ 39.184604644000046, -6.802113533999886 ], [ 39.18471908700019, -6.801841735999972 ], [ 39.184768677000193, -6.801733015999957 ], [ 39.18479919300006, -6.801662444999977 ], [ 39.184848785000042, -6.801512717999913 ], [ 39.184879302000184, -6.801422118999881 ], [ 39.184883117000084, -6.801348685999926 ], [ 39.184886932000097, -6.801205158999949 ], [ 39.184875489000149, -6.800950049999926 ], [ 39.184852601000046, -6.800694464999879 ], [ 39.184856416000059, -6.800378799999976 ], [ 39.184856416000059, -6.800324916999955 ], [ 39.184886932000097, -6.800318239999967 ], [ 39.185977936000143, -6.800249576999931 ], [ 39.185920716, -6.800332545999879 ], [ 39.185894012000119, -6.800370691999944 ], [ 39.185867310000049, -6.800415514999827 ], [ 39.185764313000163, -6.800407408999945 ], [ 39.185710906000054, -6.800457953999967 ], [ 39.185729980000076, -6.80057954699987 ], [ 39.185779572000058, -6.800717353999914 ], [ 39.185840607000046, -6.800774095999941 ], [ 39.185993194000162, -6.800889491999953 ], [ 39.186031341000046, -6.800926207999964 ], [ 39.186073303000114, -6.800969122999959 ], [ 39.186126708000188, -6.80102205299994 ], [ 39.186199189000035, -6.801083087999928 ], [ 39.186264039000093, -6.801134585999876 ], [ 39.186336518000132, -6.801193713999908 ], [ 39.18642807000009, -6.801185607999969 ], [ 39.186477662000073, -6.801092147999952 ], [ 39.186515808000081, -6.801007746999971 ], [ 39.18658447200005, -6.801021097999921 ], [ 39.186649322000108, -6.801061151999932 ], [ 39.186645507000037, -6.801117896999926 ], [ 39.186637879000102, -6.801202295999929 ], [ 39.186622619000104, -6.801295280999966 ], [ 39.186550140000065, -6.801416395999922 ], [ 39.186511993000181, -6.801484106999965 ], [ 39.186500550000062, -6.801628113999868 ], [ 39.186546325000165, -6.801777362999871 ], [ 39.186595917000034, -6.801926612999978 ], [ 39.186653137000121, -6.802025316999959 ], [ 39.186737061000144, -6.802068709999901 ], [ 39.186859130000016, -6.802066326999977 ], [ 39.187030793000133, -6.80192231999996 ], [ 39.187141418000124, -6.801798818999885 ], [ 39.187183380000022, -6.801759241999889 ], [ 39.187213898999971, -6.801717757999938 ], [ 39.18724823000008, -6.801652431999912 ], [ 39.187263489000031, -6.801603792999913 ], [ 39.187290191999978, -6.801580428999955 ], [ 39.187355041000103, -6.801550387999953 ], [ 39.187404633000142, -6.801534176999837 ], [ 39.18745041000011, -6.801517485999966 ], [ 39.187492370000029, -6.801503657999888 ], [ 39.187648774000024, -6.801452635999908 ], [ 39.187690734000114, -6.80143403999989 ], [ 39.187759399000186, -6.801371096999844 ], [ 39.187816620000035, -6.801308630999927 ], [ 39.187885285000107, -6.801282882999828 ], [ 39.188091278, -6.801136492999944 ], [ 39.188293457000157, -6.800957679999897 ], [ 39.188426971000183, -6.800810812999941 ], [ 39.188606262000178, -6.800650595999912 ], [ 39.188716889000034, -6.800576209999974 ], [ 39.188896180000029, -6.800492762999909 ], [ 39.188991547000171, -6.800492762999909 ], [ 39.189117431000113, -6.800506590999873 ], [ 39.189201355000137, -6.800525186999948 ], [ 39.189319610000041, -6.800587654999958 ], [ 39.189373017000094, -6.800676345999932 ], [ 39.189434051000035, -6.800717830999872 ], [ 39.189521788999969, -6.800731181999936 ], [ 39.189598083000078, -6.800686836999887 ], [ 39.189762116000054, -6.800576209999974 ], [ 39.189979553000057, -6.800431249999974 ], [ 39.19013595600012, -6.800289153999927 ], [ 39.190261841000108, -6.80019426399997 ], [ 39.190376282000102, -6.800134180999976 ], [ 39.19049453800011, -6.800074100999893 ], [ 39.190662383000017, -6.799992084999872 ], [ 39.19082641600005, -6.799976348999905 ], [ 39.190948486000025, -6.800033091999978 ], [ 39.191043853000167, -6.800134180999976 ], [ 39.19112396200012, -6.800213336999946 ], [ 39.191249848000041, -6.800301551999894 ], [ 39.191406250000057, -6.800371169999949 ], [ 39.191577911000138, -6.800377367999943 ], [ 39.191631318000191, -6.800364016999936 ], [ 39.191734313000097, -6.800341128999889 ], [ 39.191864014000089, -6.800310611999919 ], [ 39.191993713000045, -6.800273417999961 ], [ 39.192104340000071, -6.800192355999911 ], [ 39.192222596000079, -6.800155161999953 ], [ 39.192344666000054, -6.800140856999917 ], [ 39.192409515000179, -6.800115584999958 ], [ 39.192474365000066, -6.800117969999974 ], [ 39.192611694000107, -6.800078390999886 ], [ 39.192646026000148, -6.800069807999932 ], [ 39.192684172999975, -6.800060747999964 ], [ 39.192871094000111, -6.800000189999935 ], [ 39.192970276000153, -6.799954414999945 ], [ 39.193176270000095, -6.799881934999974 ], [ 39.193367005000027, -6.799806117999935 ], [ 39.193450928000118, -6.799761770999908 ], [ 39.193557739000141, -6.799697875999868 ], [ 39.193668366000168, -6.799564361999899 ], [ 39.193824768000127, -6.799310207999952 ], [ 39.193855285000097, -6.799019336999947 ], [ 39.193923951000102, -6.79878091799992 ], [ 39.194057465000128, -6.798705101999872 ], [ 39.194190978000051, -6.798685550999949 ], [ 39.194252014000142, -6.798642158999826 ], [ 39.194339753000179, -6.798563479999871 ], [ 39.194480897000176, -6.798480510999923 ], [ 39.194526672000109, -6.798461437999947 ], [ 39.194587707000096, -6.798433303999957 ], [ 39.194656372, -6.798429488999886 ], [ 39.194736481000177, -6.798398016999954 ], [ 39.194801330000132, -6.798377990999882 ], [ 39.194877625000117, -6.798358439999959 ], [ 39.194946289000086, -6.798329353999975 ], [ 39.195014954000044, -6.798274516999868 ], [ 39.195056916000112, -6.798242091999953 ], [ 39.19514465300017, -6.798087119999821 ], [ 39.19517517200012, -6.797962188999975 ], [ 39.195182800000055, -6.797823905999962 ], [ 39.19517517200012, -6.797664642999962 ], [ 39.195117949000121, -6.797529218999955 ], [ 39.195098876000031, -6.797447680999937 ], [ 39.195079803000169, -6.797364233999872 ], [ 39.195045471000128, -6.797287939999933 ], [ 39.194995881000125, -6.797124862999965 ], [ 39.194942474000072, -6.797004221999941 ], [ 39.194889068000066, -6.79688501399994 ], [ 39.194873810000047, -6.796779631999925 ], [ 39.194881438000152, -6.796630859999937 ], [ 39.194908142000088, -6.796565055999906 ], [ 39.194934845000034, -6.796450137999898 ], [ 39.195091248000097, -6.796329497999977 ], [ 39.195125580000138, -6.79630613199987 ], [ 39.195186615000125, -6.796249388999911 ], [ 39.195217132000039, -6.796241283999962 ], [ 39.195335389000149, -6.79619932199995 ], [ 39.195430756000121, -6.796164512999894 ], [ 39.195602417000032, -6.796145916999876 ], [ 39.195781708000027, -6.796149729999911 ], [ 39.195922852000194, -6.796078203999969 ], [ 39.196273803000167, -6.795999049999978 ], [ 39.196487425999976, -6.795910835999962 ], [ 39.196529388000101, -6.795893191999937 ], [ 39.19671630900018, -6.795815943999912 ], [ 39.196773529000154, -6.795716284999855 ], [ 39.196796418000133, -6.795678137999971 ], [ 39.196796418000133, -6.795626162999952 ], [ 39.196804046000068, -6.79555034599997 ], [ 39.196792603000119, -6.795477389999974 ], [ 39.196758271000135, -6.795399188999909 ], [ 39.196743011000081, -6.795353889999888 ], [ 39.196670532000041, -6.795321462999937 ], [ 39.19657516500007, -6.795240878999948 ], [ 39.196495056000117, -6.795165060999977 ], [ 39.196464540000079, -6.794962405999911 ], [ 39.196567535000156, -6.794828891999884 ], [ 39.196609497000054, -6.794782160999944 ], [ 39.196678162000126, -6.794717311999875 ], [ 39.196819306000123, -6.794631480999954 ], [ 39.196910858000194, -6.794570922999924 ], [ 39.196941375000165, -6.794542788999934 ], [ 39.197277068000119, -6.794372558999953 ], [ 39.197776794000106, -6.79407834999995 ], [ 39.197887421000075, -6.79403066499998 ], [ 39.198047639000038, -6.793969154999957 ], [ 39.198081971000192, -6.793954848999931 ], [ 39.198238372999981, -6.79393005299994 ], [ 39.198375702000078, -6.793935297999951 ], [ 39.198490142000139, -6.793943880999905 ], [ 39.198562622999987, -6.793963431999941 ], [ 39.198665618000121, -6.793977259999963 ], [ 39.198730469000054, -6.793994425999927 ], [ 39.198909759000117, -6.79403114299987 ], [ 39.19902038500004, -6.794053076999887 ], [ 39.19916534400005, -6.793994425999927 ], [ 39.199234009000122, -6.79389333599994 ], [ 39.199367522999978, -6.793758869999976 ], [ 39.199386597000171, -6.793650626999977 ], [ 39.199478149000072, -6.793621062999932 ], [ 39.199626923000153, -6.793635843999937 ], [ 39.199821472000167, -6.793624878999935 ], [ 39.199970246000021, -6.793628215999945 ], [ 39.200038910000046, -6.793664932999945 ], [ 39.200065613000049, -6.793820380999932 ], [ 39.200248717000079, -6.79403066499998 ], [ 39.200378418000071, -6.794277191999981 ], [ 39.200401307000106, -6.794314383999961 ], [ 39.200408934999984, -6.794342516999961 ], [ 39.200485230000027, -6.794485091999945 ], [ 39.200542451000047, -6.794550418999847 ], [ 39.200580598000101, -6.794578075999937 ], [ 39.200637818000189, -6.79460239399998 ], [ 39.200687408000022, -6.794613837999918 ], [ 39.200775147000115, -6.794616699999892 ], [ 39.200855255000192, -6.794567584999925 ], [ 39.200996399000132, -6.794452666999916 ], [ 39.201099397000121, -6.79439353999993 ], [ 39.201259612000115, -6.794362067999884 ], [ 39.201416017000042, -6.794306277999965 ], [ 39.201671601000044, -6.794215678999933 ], [ 39.201698303000114, -6.794187544999943 ], [ 39.201744080000083, -6.794154165999942 ], [ 39.2018013, -6.79416608899993 ], [ 39.20188140900018, -6.794209003999924 ], [ 39.201950074000081, -6.794262408999884 ], [ 39.202079773000037, -6.794363497999939 ], [ 39.202121735000162, -6.794426440999871 ], [ 39.202228547000118, -6.794590948999826 ], [ 39.202312469000105, -6.794719694999969 ], [ 39.202331542000024, -6.794755933999966 ], [ 39.20235061600016, -6.794791220999969 ], [ 39.202388763000044, -6.794859408999912 ], [ 39.202480317000152, -6.794887542999959 ], [ 39.202548980000074, -6.794840335999936 ], [ 39.202598572000056, -6.794764994999923 ], [ 39.202632904000097, -6.794692038999926 ], [ 39.202724456, -6.794655321999926 ], [ 39.202758790000189, -6.794647216999863 ], [ 39.202884673000028, -6.794585228999949 ], [ 39.203094482999973, -6.79443693199994 ], [ 39.203163146000065, -6.794397829999923 ], [ 39.203227997, -6.794347284999901 ], [ 39.203311921000022, -6.794319153999879 ], [ 39.203460693000068, -6.79426908399995 ], [ 39.203636169000049, -6.794209480999882 ], [ 39.203701019000107, -6.79418325499995 ], [ 39.203823090000128, -6.794216155999891 ], [ 39.203933715000176, -6.794240949999903 ], [ 39.203960419000055, -6.794258117999902 ], [ 39.204074859000116, -6.794336318999967 ], [ 39.204101563000165, -6.794385431999956 ], [ 39.2040863040001, -6.794431208999924 ], [ 39.204090119000114, -6.79447078599992 ], [ 39.204093931999978, -6.79450273499998 ], [ 39.204093931999978, -6.794537066999965 ], [ 39.204101563000165, -6.794576645999882 ], [ 39.204116821000184, -6.794621467999946 ], [ 39.204109193000079, -6.79467248799989 ], [ 39.204113006000171, -6.794767379999939 ], [ 39.204120636000084, -6.79483795099992 ], [ 39.204135894000103, -6.794945715999972 ], [ 39.204147340000134, -6.794985294999947 ], [ 39.204105378000065, -6.795086383999944 ], [ 39.204196930000194, -6.795219420999956 ], [ 39.204345704000048, -6.795278548999875 ], [ 39.204406739000035, -6.795323847999953 ], [ 39.204456329000038, -6.795388698999943 ], [ 39.204505921000077, -6.795457361999922 ], [ 39.204559327000027, -6.795536040999934 ], [ 39.204605103000119, -6.795708178999973 ], [ 39.204624177000085, -6.795769691999908 ], [ 39.204704286000037, -6.795884131999969 ], [ 39.204803466000101, -6.796037196999919 ], [ 39.204841615000134, -6.796116827999867 ], [ 39.204872131000172, -6.796185015999981 ], [ 39.204975129000161, -6.796347140999899 ], [ 39.205020905000026, -6.796456813999953 ], [ 39.205081939000138, -6.796545505999973 ], [ 39.205196381000178, -6.796595572999934 ], [ 39.205276490000131, -6.796487807999938 ], [ 39.205371857000102, -6.796328067999923 ], [ 39.205425262000176, -6.796242235999955 ], [ 39.20553970300017, -6.796149253999886 ], [ 39.205692292000094, -6.79607057599992 ], [ 39.205802917000085, -6.796072958999957 ], [ 39.205852509000124, -6.796125410999935 ], [ 39.205909730000144, -6.796232700999951 ], [ 39.206012725000051, -6.796322822999969 ], [ 39.206146241000056, -6.79637288999993 ], [ 39.206253051000033, -6.796401976999903 ], [ 39.206336975000056, -6.796405313999912 ], [ 39.206375122000111, -6.796382902999937 ], [ 39.206527709, -6.79620408999989 ], [ 39.206592559000057, -6.796152114999927 ], [ 39.206649780000077, -6.796096801999965 ], [ 39.206855774000076, -6.795830249999938 ], [ 39.206947326000034, -6.795710085999872 ], [ 39.207061767000141, -6.795645235999928 ], [ 39.207168579000097, -6.79560613599989 ], [ 39.207260131000055, -6.795557498999926 ], [ 39.207340240000178, -6.795539855999891 ], [ 39.207416535, -6.795524119999925 ], [ 39.207408905000079, -6.795566558999894 ], [ 39.207271576000039, -6.796050071999957 ], [ 39.207103729000096, -6.796633719999932 ], [ 39.206909179000149, -6.797322749999978 ], [ 39.206775665000123, -6.797748088999924 ], [ 39.206737519000171, -6.797875880999925 ], [ 39.206699372000116, -6.798011778999978 ], [ 39.206676483000081, -6.79812574399989 ], [ 39.206665040000075, -6.798178671999949 ], [ 39.206634521000126, -6.798275946999979 ], [ 39.20660781800018, -6.798373698999967 ], [ 39.206588743999987, -6.798461437999947 ], [ 39.206569671000125, -6.798586845999978 ], [ 39.206542969000054, -6.798747538999919 ], [ 39.206535339000141, -6.798815726999976 ], [ 39.206512450999981, -6.798933982999813 ], [ 39.206493377000186, -6.79926824599994 ], [ 39.206504823000103, -6.799588680999875 ], [ 39.206520081000122, -6.799705980999931 ], [ 39.206527709, -6.799771784999962 ], [ 39.20653152400007, -6.799830913999926 ], [ 39.206535339000141, -6.799860477999971 ], [ 39.206569671000125, -6.800091743999928 ], [ 39.206611633000193, -6.800243853999916 ], [ 39.206619263000107, -6.80027913999993 ], [ 39.206649780000077, -6.8003778449999 ], [ 39.206653595000148, -6.80042505199998 ], [ 39.206718445000149, -6.800625323999952 ], [ 39.206764222000118, -6.800744056999918 ], [ 39.206806182000037, -6.800859927999909 ], [ 39.206840516000057, -6.800927160999947 ], [ 39.206863402000181, -6.800979137999832 ], [ 39.206966400000169, -6.801158903999976 ], [ 39.207019807000052, -6.801258563999966 ], [ 39.207118989000094, -6.801440239999977 ], [ 39.207145690000061, -6.801488399999869 ], [ 39.207256318000191, -6.801675795999927 ], [ 39.207275391000053, -6.801701544999901 ], [ 39.207324981000056, -6.801769732999958 ], [ 39.207382202000133, -6.801847456999894 ], [ 39.207447052000134, -6.801929472999859 ], [ 39.207462310000153, -6.801959991999979 ], [ 39.207702636000135, -6.802219866999906 ], [ 39.207817077000129, -6.802315710999949 ], [ 39.207946778000121, -6.802443503999939 ], [ 39.208145141999978, -6.802592276999974 ], [ 39.208274841000161, -6.802688120999903 ], [ 39.208347321000133, -6.802741527999899 ], [ 39.2086219790001, -6.802909850999981 ], [ 39.20864868100017, -6.802926061999869 ], [ 39.208728790000123, -6.802974223999968 ], [ 39.208778382000162, -6.803004740999938 ], [ 39.209114075000116, -6.803213117999917 ], [ 39.209381103000055, -6.803360939999891 ], [ 39.209468842000092, -6.803413389999889 ], [ 39.210037231000115, -6.803749560999904 ], [ 39.210330962, -6.803930281999953 ], [ 39.210426331000178, -6.803989886999886 ], [ 39.210456848000149, -6.803966997999964 ], [ 39.210861207000107, -6.804234980999922 ], [ 39.211215973000151, -6.804408548999959 ], [ 39.211387634000062, -6.804512500999977 ], [ 39.211456300000066, -6.804587839999897 ], [ 39.211673737000183, -6.80472373899994 ], [ 39.212039947000108, -6.804931640999939 ], [ 39.212242127000138, -6.805032730999926 ], [ 39.212532043000124, -6.805196760999934 ], [ 39.212936402000139, -6.805496214999891 ], [ 39.213272095000093, -6.805741308999927 ], [ 39.213294983000026, -6.805760382999949 ], [ 39.213371277000135, -6.805814742999871 ], [ 39.21355056800013, -6.805962561999934 ], [ 39.213878631000171, -6.806282043999943 ], [ 39.21409988400012, -6.806499003999932 ], [ 39.214168549000192, -6.806598663999921 ], [ 39.214378357000157, -6.806855678999966 ], [ 39.214546204000101, -6.807071208999957 ], [ 39.214611053000056, -6.807159422999973 ], [ 39.21476364200015, -6.807359694999889 ], [ 39.214912414000025, -6.807583332999968 ], [ 39.215133667000089, -6.80799341199986 ], [ 39.215202331000114, -6.808136938999894 ], [ 39.215354920000038, -6.808460711999885 ], [ 39.215503692000084, -6.808869837999964 ], [ 39.215538026000104, -6.808962821999955 ], [ 39.215553284000123, -6.809008121999966 ], [ 39.215564727000071, -6.809038638999937 ], [ 39.215698241000098, -6.809378146999961 ], [ 39.215877532000093, -6.80975198699997 ], [ 39.215984344000049, -6.809958933999951 ], [ 39.216033935000155, -6.81013583999993 ], [ 39.216045380000139, -6.810167788999934 ], [ 39.216144562000181, -6.81046915099995 ], [ 39.216194152000185, -6.810595988999978 ], [ 39.216327668000076, -6.810943602999885 ], [ 39.216346741000109, -6.810991286999922 ], [ 39.216365815000074, -6.811043261999941 ], [ 39.216400146000183, -6.811110495999912 ], [ 39.216457367000032, -6.811230180999871 ], [ 39.216491698000141, -6.81130647699996 ], [ 39.21665954600013, -6.811702250999929 ], [ 39.216724396000188, -6.811853884999948 ], [ 39.216873169000166, -6.812124252999979 ], [ 39.216960908000033, -6.812281130999963 ], [ 39.21706771800018, -6.812434672999871 ], [ 39.217216492000034, -6.812668323999958 ], [ 39.217323302000182, -6.812848566999946 ], [ 39.21736526400008, -6.81292200099989 ], [ 39.217453003000173, -6.813028334999956 ], [ 39.217517854000107, -6.813108443999965 ], [ 39.217697144000056, -6.813296794999815 ], [ 39.21773147600004, -6.813335417999895 ], [ 39.217899322000051, -6.813495634999924 ], [ 39.21823120199997, -6.813822744999811 ], [ 39.218379974000015, -6.813986300999943 ], [ 39.21849823000008, -6.814073084999904 ], [ 39.218681336000088, -6.814222811999969 ], [ 39.218807220000031, -6.814316272999974 ], [ 39.218959809000125, -6.814446448999888 ], [ 39.219207763000043, -6.814599990999966 ], [ 39.219390869000108, -6.814730167999926 ], [ 39.219516755000029, -6.814806460999932 ], [ 39.219673156999988, -6.814900397999963 ], [ 39.219764709000117, -6.814950465999971 ], [ 39.219993592000151, -6.815093994999927 ], [ 39.220184326000094, -6.815217494999899 ], [ 39.220474243000012, -6.815421104999871 ], [ 39.220642090000183, -6.815526007999949 ], [ 39.220863343000076, -6.815664290999962 ], [ 39.221069335000095, -6.815799234999929 ], [ 39.221233368000071, -6.815904617999934 ], [ 39.22176742500011, -6.816245078999941 ], [ 39.221817018000024, -6.816281794999952 ], [ 39.221805572000164, -6.816447257999869 ], [ 39.221794129000159, -6.816788673999895 ], [ 39.221778869000161, -6.817030429999932 ], [ 39.221778869000161, -6.817067146999932 ], [ 39.221775056000126, -6.817263603999947 ], [ 39.221771241000056, -6.817368506999912 ], [ 39.221813202000078, -6.817527770999959 ], [ 39.221866608000028, -6.81775093199991 ], [ 39.221778869000161, -6.817749976999949 ], [ 39.221717835000106, -6.817744731999937 ], [ 39.221641540000064, -6.817746638999949 ], [ 39.221624937139573, -6.817750035147474 ], [ 39.221260427177768, -6.817747984123089 ] ] ] ] } },
{ "type": "Feature", "properties": { "GID_3": "TZA.2.2.18_1", "GID_0": "TZA", "COUNTRY": "Tanzania", "GID_1": "TZA.2_1", "NAME_1": "Dar es Salaam", "NL_NAME_1": "NA", "GID_2": "TZA.2.2_1", "NAME_2": "Kinondoni", "NL_NAME_2": "NA", "NAME_3": "Makurumla", "VARNAME_3": "NA", "NL_NAME_3": "NA", "TYPE_3": "Wodi", "ENGTYPE_3": "Ward", "CC_3": "022", "HASC_3": "NA", "Area_km²": 1.539, "pop_densit": 32928.525, "population": 50677 }, "geometry": { "type": "MultiPolygon", "coordinates": [ [ [ [ 39.2363988, -6.799634 ], [ 39.238184, -6.8002145 ], [ 39.240972, -6.8012081 ], [ 39.2423209, -6.8018123 ], [ 39.2511121, -6.8049921 ], [ 39.250700316694306, -6.805990218301661 ], [ 39.250660728997879, -6.806049599369159 ], [ 39.2503446, -6.8064962 ], [ 39.2505081, -6.8066908 ], [ 39.2505595, -6.806891 ], [ 39.2503994, -6.807589 ], [ 39.2508246, -6.807543 ], [ 39.251131946188899, -6.807843483442547 ], [ 39.251144409000176, -6.807861327999944 ], [ 39.251188000781724, -6.807898286389948 ], [ 39.2514695, -6.8081735 ], [ 39.251451, -6.8082318 ], [ 39.2514392, -6.8083084 ], [ 39.2515107, -6.808829 ], [ 39.2513333, -6.8093125 ], [ 39.251298, -6.8097424 ], [ 39.251287890579235, -6.809745311999961 ], [ 39.251255035000099, -6.809745311999961 ], [ 39.251197815000126, -6.8097481719999 ], [ 39.251193162300815, -6.809772598305439 ], [ 39.2511817, -6.8097759 ], [ 39.251139196421164, -6.809874448813543 ], [ 39.251106263000054, -6.809876917999929 ], [ 39.25103378200015, -6.809872626999891 ], [ 39.250961304000043, -6.809852598999953 ], [ 39.250900268000123, -6.80983972599995 ], [ 39.250854491000155, -6.809812544999829 ], [ 39.250782013000048, -6.809779642999956 ], [ 39.250747681, -6.809743880999918 ], [ 39.250701904000039, -6.809675215999903 ], [ 39.250671387000125, -6.809572218999904 ], [ 39.250671387000125, -6.809529303999909 ], [ 39.250598907000153, -6.809484003999899 ], [ 39.250568390000012, -6.809477805999904 ], [ 39.250522613000044, -6.80950927799995 ], [ 39.250457765000192, -6.809497832999966 ], [ 39.250324249000187, -6.809471130999896 ], [ 39.250316606625482, -6.809499406664144 ], [ 39.2503067, -6.8094988 ], [ 39.2502047, -6.8096981 ], [ 39.250281765155634, -6.809925569670582 ], [ 39.250259400000061, -6.809967041999926 ], [ 39.250247955000077, -6.810070036999889 ], [ 39.250244806105037, -6.810096607169018 ], [ 39.2502148, -6.8102264 ], [ 39.2503121, -6.8104953 ], [ 39.250276277157369, -6.810545556681104 ], [ 39.250274659000127, -6.810547351999958 ], [ 39.250247955000077, -6.8105821609999 ], [ 39.250133515000186, -6.810733317999961 ], [ 39.250091553000118, -6.810803413999906 ], [ 39.250072479000096, -6.810765266999965 ], [ 39.249992371000076, -6.810575962999906 ], [ 39.249835968000184, -6.810739992999913 ], [ 39.249629974000186, -6.81088876799987 ], [ 39.249362946000133, -6.810954092999964 ], [ 39.249252319000107, -6.811015605999955 ], [ 39.249141693000183, -6.811072825999929 ], [ 39.24906158400006, -6.811125755999967 ], [ 39.248897552000187, -6.811245441999972 ], [ 39.248664856000119, -6.81146478699992 ], [ 39.248535157000106, -6.811614036999913 ], [ 39.24842834500015, -6.811697482999932 ], [ 39.248340606000113, -6.811758040999962 ], [ 39.248256684000069, -6.811818598999878 ], [ 39.248115540000128, -6.811854362999838 ], [ 39.248027801000035, -6.811903475999884 ], [ 39.247936249000134, -6.811952589999976 ], [ 39.247806548000142, -6.811886786999935 ], [ 39.247730255000135, -6.811828613999921 ], [ 39.247657776000096, -6.811770915999944 ], [ 39.247615814000142, -6.811715125999967 ], [ 39.247440338000047, -6.811474799999871 ], [ 39.247165680000023, -6.811284540999964 ], [ 39.246719360000043, -6.811217307999868 ], [ 39.246490479000045, -6.811156272999881 ], [ 39.246177674000194, -6.811079501999927 ], [ 39.246025085000099, -6.811079501999927 ], [ 39.245796204000044, -6.811076640999943 ], [ 39.245635986000138, -6.81106710399996 ], [ 39.245502472999988, -6.811060427999962 ], [ 39.245357513000101, -6.81103896999997 ], [ 39.24528884800003, -6.811028478999958 ], [ 39.245189666000158, -6.811009405999926 ], [ 39.245002747000058, -6.810980319999885 ], [ 39.244586945000094, -6.810903548999931 ], [ 39.244422912000118, -6.810878276999972 ], [ 39.244342803000166, -6.810862063999878 ], [ 39.244136811000146, -6.810811041999955 ], [ 39.243793488000108, -6.810698985999977 ], [ 39.243404389000148, -6.810567854999874 ], [ 39.243240357000047, -6.810513494999896 ], [ 39.243068696000137, -6.810402392999947 ], [ 39.242488861000083, -6.810125351999943 ], [ 39.24243164100011, -6.810082911999928 ], [ 39.242305755000189, -6.810019016999945 ], [ 39.241981505000183, -6.809869764999917 ], [ 39.241775513, -6.809776305999947 ], [ 39.241744994000044, -6.809763431999954 ], [ 39.241706846999989, -6.809745311999961 ], [ 39.241668701000037, -6.809726715999943 ], [ 39.241516113000046, -6.809659957999884 ], [ 39.24141311600016, -6.809620380999888 ], [ 39.24138259900019, -6.809607982999978 ], [ 39.241325379000045, -6.80957794099993 ], [ 39.241168975000107, -6.809489726999914 ], [ 39.241058349000184, -6.809422493999875 ], [ 39.240890504000049, -6.809331416999896 ], [ 39.240665436000086, -6.809230804999913 ], [ 39.240577697000049, -6.809185504999903 ], [ 39.240440368000122, -6.809157848999916 ], [ 39.240318297000044, -6.80912589999997 ], [ 39.240196229000105, -6.809093950999966 ], [ 39.23998260400009, -6.809030055999926 ], [ 39.23979187000009, -6.808948038999972 ], [ 39.239540101000159, -6.808785913999884 ], [ 39.239253997000105, -6.808609007999962 ], [ 39.239070892000143, -6.808471201999964 ], [ 39.239017486000137, -6.808447360999935 ], [ 39.238864899000077, -6.808382509999888 ], [ 39.238704682000048, -6.808369636999885 ], [ 39.238601684000059, -6.80831289199989 ], [ 39.238304138000103, -6.80817842499988 ], [ 39.237957001000098, -6.808084488999953 ], [ 39.237632751000092, -6.80800294799991 ], [ 39.237426757000094, -6.807958124999971 ], [ 39.237087251000048, -6.80781984399988 ], [ 39.236858368000014, -6.807713508999882 ], [ 39.236785888999975, -6.807660578999958 ], [ 39.236728669000058, -6.807618141999967 ], [ 39.236690522000174, -6.807584762999966 ], [ 39.236629487000187, -6.807533262999868 ], [ 39.236518859000114, -6.807454108999934 ], [ 39.236427307000156, -6.807378290999964 ], [ 39.236335755000027, -6.807302474999972 ], [ 39.236007690000179, -6.807162760999972 ], [ 39.235939027000086, -6.807127475999948 ], [ 39.235904693000066, -6.807109832999913 ], [ 39.235870361000082, -6.807092666999949 ], [ 39.235794068000075, -6.807044029999929 ], [ 39.235706329000038, -6.807006357999967 ], [ 39.235668182000154, -6.806989192999879 ], [ 39.235530853000057, -6.806937217999973 ], [ 39.235305787000073, -6.806849002999911 ], [ 39.234973907000153, -6.806704520999972 ], [ 39.234901428000114, -6.806674957999917 ], [ 39.234630586000094, -6.80656289999996 ], [ 39.234508515000016, -6.806485175999967 ], [ 39.234462738000047, -6.806455134999965 ], [ 39.234233857000049, -6.806291101999875 ], [ 39.234191895000151, -6.806276320999871 ], [ 39.234073639000087, -6.806237219999957 ], [ 39.233837128000175, -6.806120871999894 ], [ 39.233806610000158, -6.806107520999944 ], [ 39.233520509000186, -6.80597352999996 ], [ 39.23313140800002, -6.805795191999948 ], [ 39.232952117000025, -6.805699824999976 ], [ 39.23291396999997, -6.805678843999942 ], [ 39.232749940000076, -6.805613517999916 ], [ 39.232646943000191, -6.805543421999914 ], [ 39.232547760000045, -6.805496692999952 ], [ 39.232574462000173, -6.805363178999926 ], [ 39.232646943000191, -6.805157661999885 ], [ 39.232685089000142, -6.805015562999927 ], [ 39.232757568000181, -6.804853914999967 ], [ 39.232818603000169, -6.80471181799993 ], [ 39.232955932000095, -6.80455017099996 ], [ 39.233009337000169, -6.804496287999939 ], [ 39.233055114000138, -6.804452418999972 ], [ 39.233119965000071, -6.804411886999901 ], [ 39.233230590000062, -6.804378032999921 ], [ 39.233409881000057, -6.804276942999934 ], [ 39.233432770000093, -6.804253101999905 ], [ 39.233554840000068, -6.804185390999976 ], [ 39.233707428000116, -6.804104804999895 ], [ 39.233974457000102, -6.804043768999975 ], [ 39.234146118000183, -6.80400657499996 ], [ 39.234191895000151, -6.803946017999976 ], [ 39.234176637000132, -6.80382442399997 ], [ 39.234142303000112, -6.803730009999981 ], [ 39.234153748000097, -6.803632259999972 ], [ 39.234272004000104, -6.803572654999925 ], [ 39.234283447000053, -6.803487300999961 ], [ 39.23426055900012, -6.803436278999925 ], [ 39.234298705000072, -6.803369044999954 ], [ 39.234329224000192, -6.803301334999958 ], [ 39.234443664000082, -6.803338526999937 ], [ 39.23456192000009, -6.80335569399989 ], [ 39.234622955000077, -6.803389070999913 ], [ 39.234775543000126, -6.803374290999955 ], [ 39.234828950000178, -6.803369044999954 ], [ 39.23492050200008, -6.803359031999946 ], [ 39.234981537000067, -6.803351878999933 ], [ 39.235198975000117, -6.803224085999943 ], [ 39.235290527000075, -6.803166388999955 ], [ 39.235343934000127, -6.803139686999884 ], [ 39.235404967000136, -6.803105830999925 ], [ 39.235549926000147, -6.803051947999904 ], [ 39.235660554000049, -6.803031443999885 ], [ 39.235721589000036, -6.803019523999978 ], [ 39.235671997, -6.802898405999827 ], [ 39.235622407000164, -6.802718639999966 ], [ 39.235553741, -6.802471160999914 ], [ 39.23546981800007, -6.8021717069999 ], [ 39.23547363300014, -6.802077769999869 ], [ 39.23546981800007, -6.802018164999936 ], [ 39.23546981800007, -6.801898478999931 ], [ 39.235492706, -6.801724432999947 ], [ 39.235530853000057, -6.801452159999883 ], [ 39.235538482999971, -6.801415443999872 ], [ 39.23561477700008, -6.801181792999898 ], [ 39.235630035000099, -6.801113128999816 ], [ 39.235733031999985, -6.800802229999931 ], [ 39.23583603000003, -6.800442217999887 ], [ 39.235851288000049, -6.800393103999909 ], [ 39.235855103000063, -6.80036067899988 ], [ 39.235870361000082, -6.80011033999989 ], [ 39.235885620000033, -6.799930571999937 ], [ 39.235950470000034, -6.799563884999884 ], [ 39.23596191300004, -6.799499988999912 ], [ 39.236259460000042, -6.79959869399994 ], [ 39.236305002805224, -6.799600915784842 ], [ 39.2363988, -6.799634 ] ] ] ] } },
{ "type": "Feature", "properties": { "GID_3": "TZA.2.2.19_1", "GID_0": "TZA", "COUNTRY": "Tanzania", "GID_1": "TZA.2_1", "NAME_1": "Dar es Salaam", "NL_NAME_1": "NA", "GID_2": "TZA.2.2_1", "NAME_2": "Kinondoni", "NL_NAME_2": "NA", "NAME_3": "Manzese", "VARNAME_3": "NA", "NL_NAME_3": "NA", "TYPE_3": "Wodi", "ENGTYPE_3": "Ward", "CC_3": "112", "HASC_3": "NA", "Area_km²": 1.83, "pop_densit": 34016.94, "population": 62251 }, "geometry": { "type": "MultiPolygon", "coordinates": [ [ [ [ 39.2344549, -6.7875795 ], [ 39.2346083, -6.7875587 ], [ 39.234734791069243, -6.787596305453018 ], [ 39.234737396000071, -6.78759813399995 ], [ 39.234746715436856, -6.787599850535281 ], [ 39.2351707, -6.7877259 ], [ 39.2355485, -6.788119 ], [ 39.235650659642992, -6.788123679617192 ], [ 39.235656738999978, -6.788125990999959 ], [ 39.235686225552712, -6.788125308781484 ], [ 39.2359742, -6.7881385 ], [ 39.2361218, -6.7882319 ], [ 39.2362543, -6.7884338 ], [ 39.236339, -6.78874 ], [ 39.236312015992731, -6.78883690668445 ], [ 39.236267090000126, -6.788909912999884 ], [ 39.236240291225847, -6.789094489232621 ], [ 39.2362108, -6.7892004 ], [ 39.236228943000071, -6.789296369361531 ], [ 39.236228943000071, -6.789300440999966 ], [ 39.236248016000161, -6.789407252999979 ], [ 39.236251042832656, -6.789413268816682 ], [ 39.2362695, -6.7895109 ], [ 39.2363932, -6.7895521 ], [ 39.2365214, -6.7895022 ], [ 39.2370555, -6.7895044 ], [ 39.2371163, -6.7897932 ], [ 39.237121760821367, -6.791447911613051 ], [ 39.237110137000172, -6.791498183999977 ], [ 39.23712226492141, -6.79160066156468 ], [ 39.2371229, -6.7917931 ], [ 39.2373074, -6.7918409 ], [ 39.2373456, -6.7919285 ], [ 39.237144195793114, -6.792602078598982 ], [ 39.237136841000051, -6.792610168999886 ], [ 39.237102509000067, -6.792714118999868 ], [ 39.237075805000188, -6.792807577999952 ], [ 39.237063343818981, -6.79287248089246 ], [ 39.2370056, -6.7930656 ], [ 39.236997687953952, -6.793469837735667 ], [ 39.236995697000111, -6.793491362999873 ], [ 39.236996968114312, -6.793506615370943 ], [ 39.23698870806107, -6.793928633291142 ], [ 39.236972808000075, -6.793925762999947 ], [ 39.236873626000033, -6.793908596999927 ], [ 39.236854553000171, -6.793928622999886 ], [ 39.236751557000161, -6.794044970999948 ], [ 39.236724853999988, -6.794105053999942 ], [ 39.236694335000038, -6.794175146999976 ], [ 39.236671449000141, -6.794241427999964 ], [ 39.236625672000173, -6.79430580099995 ], [ 39.236579894999977, -6.794350147999978 ], [ 39.236473084000124, -6.794449804999942 ], [ 39.236431122000056, -6.79449653699993 ], [ 39.236362457000155, -6.794592378999937 ], [ 39.236363023676361, -6.794601067440987 ], [ 39.2363452, -6.7946204 ], [ 39.236365790058265, -6.794867113019528 ], [ 39.236270905000026, -6.794897555999967 ], [ 39.236183166000103, -6.794897555999967 ], [ 39.236057282, -6.794922828999916 ], [ 39.23601913400006, -6.794950960999927 ], [ 39.23597335900007, -6.794968128999926 ], [ 39.235960544799624, -6.794994717424589 ], [ 39.235956, -6.7949959 ], [ 39.2359259, -6.7950614 ], [ 39.235903, -6.7951111 ], [ 39.2358741, -6.7951718 ], [ 39.2358359, -6.7952837 ], [ 39.235769069200764, -6.795279829664152 ], [ 39.23577499400011, -6.795252799999957 ], [ 39.235698701000103, -6.795241354999973 ], [ 39.235557557000163, -6.795238493999932 ], [ 39.235553588035742, -6.795267350620252 ], [ 39.2355389, -6.7952665 ], [ 39.2354543, -6.7959571 ], [ 39.235587523899106, -6.797069824730771 ], [ 39.235588073000031, -6.797087668999893 ], [ 39.235588073000031, -6.797199248999959 ], [ 39.235599518000129, -6.797293185999933 ], [ 39.23562720276599, -6.79740123416075 ], [ 39.235642931410176, -6.797532604369031 ], [ 39.235638157356505, -6.797560654012923 ], [ 39.2355106, -6.7979291 ], [ 39.235505667613971, -6.797942750323029 ], [ 39.23547363300014, -6.798005103999969 ], [ 39.235446929000034, -6.79806995399997 ], [ 39.235317230000078, -6.798314570999878 ], [ 39.235290527000075, -6.798376083999926 ], [ 39.23525238000019, -6.798476695999966 ], [ 39.235179901000151, -6.798657416999845 ], [ 39.235149383000135, -6.798724649999883 ], [ 39.235031127000127, -6.799001215999965 ], [ 39.234931945000085, -6.79927301399988 ], [ 39.23596191300004, -6.799499988999912 ], [ 39.235950470000034, -6.799563884999884 ], [ 39.235885620000033, -6.799930571999937 ], [ 39.235870361000082, -6.80011033999989 ], [ 39.235855103000063, -6.80036067899988 ], [ 39.235851288000049, -6.800393103999909 ], [ 39.23583603000003, -6.800442217999887 ], [ 39.235733031999985, -6.800802229999931 ], [ 39.235630035000099, -6.801113128999816 ], [ 39.23561477700008, -6.801181792999898 ], [ 39.235538482999971, -6.801415443999872 ], [ 39.235530853000057, -6.801452159999883 ], [ 39.235492706, -6.801724432999947 ], [ 39.23546981800007, -6.801898478999931 ], [ 39.23546981800007, -6.802018164999936 ], [ 39.23547363300014, -6.802077769999869 ], [ 39.23546981800007, -6.8021717069999 ], [ 39.235553741, -6.802471160999914 ], [ 39.235622407000164, -6.802718639999966 ], [ 39.235671997, -6.802898405999827 ], [ 39.235721589000036, -6.803019523999978 ], [ 39.235660554000049, -6.803031443999885 ], [ 39.235549926000147, -6.803051947999904 ], [ 39.235404967000136, -6.803105830999925 ], [ 39.235343934000127, -6.803139686999884 ], [ 39.235290527000075, -6.803166388999955 ], [ 39.235198975000117, -6.803224085999943 ], [ 39.234981537000067, -6.803351878999933 ], [ 39.23492050200008, -6.803359031999946 ], [ 39.234828950000178, -6.803369044999954 ], [ 39.234775543000126, -6.803374290999955 ], [ 39.234622955000077, -6.803389070999913 ], [ 39.23456192000009, -6.80335569399989 ], [ 39.234443664000082, -6.803338526999937 ], [ 39.234329224000192, -6.803301334999958 ], [ 39.234298705000072, -6.803369044999954 ], [ 39.23426055900012, -6.803436278999925 ], [ 39.234283447000053, -6.803487300999961 ], [ 39.234272004000104, -6.803572654999925 ], [ 39.234153748000097, -6.803632259999972 ], [ 39.234142303000112, -6.803730009999981 ], [ 39.234176637000132, -6.80382442399997 ], [ 39.234191895000151, -6.803946017999976 ], [ 39.234146118000183, -6.80400657499996 ], [ 39.233974457000102, -6.804043768999975 ], [ 39.233707428000116, -6.804104804999895 ], [ 39.233554840000068, -6.804185390999976 ], [ 39.233432770000093, -6.804253101999905 ], [ 39.233409881000057, -6.804276942999934 ], [ 39.233230590000062, -6.804378032999921 ], [ 39.233119965000071, -6.804411886999901 ], [ 39.233055114000138, -6.804452418999972 ], [ 39.233009337000169, -6.804496287999939 ], [ 39.232955932000095, -6.80455017099996 ], [ 39.232818603000169, -6.80471181799993 ], [ 39.232757568000181, -6.804853914999967 ], [ 39.232685089000142, -6.805015562999927 ], [ 39.232646943000191, -6.805157661999885 ], [ 39.232574462000173, -6.805363178999926 ], [ 39.232547760000045, -6.805496692999952 ], [ 39.232479095000144, -6.805467605999922 ], [ 39.232219695000026, -6.805358885999908 ], [ 39.231853485000102, -6.805207251999889 ], [ 39.231769562000181, -6.805171966999978 ], [ 39.231472015000122, -6.805048941999928 ], [ 39.231346130000134, -6.805003166999882 ], [ 39.231262208000089, -6.804962634999981 ], [ 39.230682372999979, -6.80471181799993 ], [ 39.230381012, -6.804573536999953 ], [ 39.230289460000108, -6.804516791999959 ], [ 39.230270386000086, -6.804473399999949 ], [ 39.23019409300008, -6.80450630099989 ], [ 39.230094910000162, -6.804493902999923 ], [ 39.230018615000176, -6.804483412999957 ], [ 39.229862212000114, -6.804399965999892 ], [ 39.22980880700004, -6.804384707999873 ], [ 39.22938919, -6.804143905999922 ], [ 39.229244233000031, -6.804069995999953 ], [ 39.22925949100005, -6.804018497999948 ], [ 39.229278565000186, -6.803965090999952 ], [ 39.229320527000141, -6.803795337999873 ], [ 39.229328155000019, -6.803760528999931 ], [ 39.229381562000128, -6.803434370999923 ], [ 39.229507446000071, -6.802935122999941 ], [ 39.229290008000191, -6.802909850999981 ], [ 39.229236603000118, -6.802932739999903 ], [ 39.22911453200004, -6.802940367999895 ], [ 39.228996277000135, -6.802968023999881 ], [ 39.228897095000093, -6.802980899999966 ], [ 39.22881317100007, -6.802973268999892 ], [ 39.228664399000024, -6.802922724999974 ], [ 39.228519439000081, -6.802909850999981 ], [ 39.228458404000094, -6.802912233999905 ], [ 39.228359222000051, -6.802902220999954 ], [ 39.228233338000166, -6.802851675999932 ], [ 39.22812271100014, -6.80280876199987 ], [ 39.228000640000062, -6.802757738999901 ], [ 39.227867126000035, -6.80271243999988 ], [ 39.227752686000144, -6.802666664999947 ], [ 39.227664947000108, -6.802628517999949 ], [ 39.227588653000169, -6.802572727999973 ], [ 39.227478028000178, -6.802486895999948 ], [ 39.227405547000103, -6.802410602999942 ], [ 39.227317810000045, -6.802283763999924 ], [ 39.227256775000058, -6.802253722999865 ], [ 39.227153778000172, -6.802236079999886 ], [ 39.227115631000117, -6.802225588999931 ], [ 39.226940155000193, -6.802217958999904 ], [ 39.226745606000122, -6.802215575999981 ], [ 39.226699828999983, -6.80221891399998 ], [ 39.226562500000114, -6.802228449999973 ], [ 39.226413726000033, -6.802210330999912 ], [ 39.226295470000025, -6.802215575999981 ], [ 39.22614288300008, -6.802210330999912 ], [ 39.225982666000107, -6.802187919999938 ], [ 39.225807190000126, -6.802185057999964 ], [ 39.225711823000154, -6.802213190999964 ], [ 39.225490570000034, -6.802195072999893 ], [ 39.225379945000043, -6.802159785999891 ], [ 39.225166320000028, -6.802091597999947 ], [ 39.224918366000111, -6.802007198999888 ], [ 39.224887847000161, -6.801997660999973 ], [ 39.22493743900003, -6.801759241999889 ], [ 39.225009918000069, -6.801465510999947 ], [ 39.225009918000069, -6.801379203999886 ], [ 39.225131988000044, -6.800725458999977 ], [ 39.225257874000135, -6.80027675599996 ], [ 39.225357056000178, -6.79969930599998 ], [ 39.225433350000117, -6.799400328999923 ], [ 39.225490570000034, -6.79896163899997 ], [ 39.22559738200016, -6.798579215999951 ], [ 39.22564315700015, -6.798358439999959 ], [ 39.225715638, -6.798000811999941 ], [ 39.225727081000173, -6.797945498999979 ], [ 39.225799560000041, -6.797631263999961 ], [ 39.225875855000027, -6.797294139999906 ], [ 39.225967407000155, -6.797304630999975 ], [ 39.226131440000131, -6.796638011999903 ], [ 39.226284027000077, -6.796209811999915 ], [ 39.226459503000171, -6.795969008999975 ], [ 39.226341247000164, -6.795611858999905 ], [ 39.226268769000058, -6.795388698999943 ], [ 39.226039886000194, -6.795216560999961 ], [ 39.226005554000039, -6.795180320999918 ], [ 39.225856782000164, -6.795021056999872 ], [ 39.225730896000016, -6.794892787999913 ], [ 39.225639344000115, -6.794800758999941 ], [ 39.225536347000173, -6.79470825199985 ], [ 39.225433350000117, -6.79461574499993 ], [ 39.225418091000165, -6.7945899959999 ], [ 39.225368499000183, -6.794509409999932 ], [ 39.225395203000062, -6.79426336299997 ], [ 39.22546005300012, -6.794157028999962 ], [ 39.22544098000003, -6.793848036999975 ], [ 39.225433350000117, -6.79366016299997 ], [ 39.22544098000003, -6.793578146999948 ], [ 39.225471497000171, -6.793444632999922 ], [ 39.225475312000185, -6.793338297999981 ], [ 39.225475312000185, -6.793236732999958 ], [ 39.225463866000155, -6.79316711499996 ], [ 39.225418091000165, -6.792821405999973 ], [ 39.225383758000078, -6.792690752999874 ], [ 39.225379945000043, -6.792663095999899 ], [ 39.225379945000043, -6.792623041999889 ], [ 39.225360871000078, -6.792590617999963 ], [ 39.225337983000145, -6.792542457999957 ], [ 39.225311279000039, -6.792495250999877 ], [ 39.22529602100019, -6.792457103999936 ], [ 39.225341798000159, -6.792375564999929 ], [ 39.22544098000003, -6.792255876999889 ], [ 39.225536347000173, -6.792123793999963 ], [ 39.225551605000192, -6.79201698299994 ], [ 39.225589752000076, -6.79192590699995 ], [ 39.225669861000029, -6.791906355999913 ], [ 39.22584152200011, -6.791973590999874 ], [ 39.226005554000039, -6.792012690999911 ], [ 39.226112366000166, -6.792101381999885 ], [ 39.226219177000189, -6.792108534999954 ], [ 39.226299285000096, -6.792008399999929 ], [ 39.226303101000042, -6.7918848999999 ], [ 39.226314544, -6.791800020999915 ], [ 39.22639465300017, -6.791771888999961 ], [ 39.226585389000149, -6.791802405999931 ], [ 39.226787568000077, -6.791949747999979 ], [ 39.227001191000056, -6.792090891999976 ], [ 39.227096558000028, -6.792180060999897 ], [ 39.22719574000007, -6.792188643999907 ], [ 39.227256775000058, -6.792095183999891 ], [ 39.227272033000077, -6.79202794899993 ], [ 39.227306365000118, -6.791902064999931 ], [ 39.227363585000035, -6.791791437999905 ], [ 39.22741317800012, -6.791729926999892 ], [ 39.227436066000053, -6.791698455999949 ], [ 39.227470398000094, -6.791639327999917 ], [ 39.227615357000104, -6.791598318999945 ], [ 39.227783203000115, -6.791608808999968 ], [ 39.227920531000109, -6.791697025999895 ], [ 39.228054047000114, -6.791719913999941 ], [ 39.228130341000053, -6.791719913999941 ], [ 39.228164673000038, -6.791706560999899 ], [ 39.22826767000015, -6.791635035999946 ], [ 39.228282928000169, -6.791608333999932 ], [ 39.228302002000135, -6.791559218999964 ], [ 39.228317260000154, -6.791512489999946 ], [ 39.228324890000067, -6.791466234999916 ], [ 39.228336333000072, -6.791421412999966 ], [ 39.228336333000072, -6.791383265999968 ], [ 39.228305817000034, -6.791222570999935 ], [ 39.228290558000083, -6.79109001199987 ], [ 39.228290558000083, -6.791005133999874 ], [ 39.228359222000051, -6.790894507999951 ], [ 39.228412629000161, -6.790812014999972 ], [ 39.228488923000043, -6.790779112999928 ], [ 39.228534698000033, -6.790760039999952 ], [ 39.228641510000159, -6.790712356999961 ], [ 39.228794097000105, -6.790629385999978 ], [ 39.228935241000045, -6.790564537999899 ], [ 39.229045869000117, -6.790464400999895 ], [ 39.229110716999969, -6.790380001999949 ], [ 39.229202271000133, -6.790299414999936 ], [ 39.229267120000031, -6.79026460599988 ], [ 39.229377747000058, -6.790205955999909 ], [ 39.229423522000047, -6.790152072999888 ], [ 39.229454041000167, -6.790093420999938 ], [ 39.229549408000139, -6.790047645999948 ], [ 39.229675293000184, -6.790069579999908 ], [ 39.229774476000102, -6.7900910379999 ], [ 39.229854584000179, -6.79012822999988 ], [ 39.229915620000043, -6.790147780999973 ], [ 39.229961395000032, -6.790130137999938 ], [ 39.230014802000085, -6.790084362999892 ], [ 39.230030060000104, -6.790060518999951 ], [ 39.230056764000039, -6.790027617999897 ], [ 39.230110169000113, -6.789976597999953 ], [ 39.230136870000081, -6.789937972999951 ], [ 39.230140685000151, -6.789896963999922 ], [ 39.230140685000151, -6.789836883999953 ], [ 39.230152131000182, -6.789729118999901 ], [ 39.230175019000114, -6.789690493999899 ], [ 39.230247498000153, -6.789643286999876 ], [ 39.230339050000111, -6.789606570999979 ], [ 39.23038482700008, -6.789591789999974 ], [ 39.230453490000173, -6.789556979999929 ], [ 39.230564118000075, -6.789518355999974 ], [ 39.230628968000133, -6.789469241999882 ], [ 39.230663300000117, -6.789438724999854 ], [ 39.230701447000172, -6.789408683999966 ], [ 39.230758667000089, -6.789352893999933 ], [ 39.230812072000163, -6.789305685999921 ], [ 39.23088836800008, -6.789209366999955 ], [ 39.230953216000103, -6.789044856999965 ], [ 39.230949401000089, -6.788960456999973 ], [ 39.230979920000038, -6.788905142999909 ], [ 39.231018066000161, -6.788859367999976 ], [ 39.231010436000076, -6.788823127999876 ], [ 39.231010436000076, -6.788760185999934 ], [ 39.231025697000177, -6.788714408999965 ], [ 39.23104477000004, -6.788649557999918 ], [ 39.231056213000045, -6.788567541999953 ], [ 39.231060028000059, -6.788533687999916 ], [ 39.23107147200011, -6.788485527999967 ], [ 39.231101990000184, -6.788427829999875 ], [ 39.231159210000101, -6.78837442299988 ], [ 39.231224061000034, -6.788389205999977 ], [ 39.231296539000027, -6.788415431999908 ], [ 39.231361390000131, -6.788432597999929 ], [ 39.231388091000156, -6.788442135999901 ], [ 39.231445312000176, -6.788442135999901 ], [ 39.231525420000025, -6.788396358999933 ], [ 39.23156356700008, -6.78836965499994 ], [ 39.231628418000014, -6.788338660999955 ], [ 39.231681823000088, -6.788314341999978 ], [ 39.231769562000181, -6.788307189999955 ], [ 39.231838227000082, -6.788316726999938 ], [ 39.23189544700017, -6.788341045999971 ], [ 39.231945037, -6.78835296699998 ], [ 39.23200225800008, -6.788355349999904 ], [ 39.232036591000167, -6.78835296699998 ], [ 39.232086182000046, -6.788336275999939 ], [ 39.232120513000154, -6.788309574999971 ], [ 39.232147217000033, -6.788282870999979 ], [ 39.232173920000037, -6.788239478999913 ], [ 39.232196807000093, -6.788162707999959 ], [ 39.232219695000026, -6.78808546099998 ], [ 39.232231141000057, -6.788044451999951 ], [ 39.232234956000127, -6.788003444999958 ], [ 39.232257842000081, -6.787954329999934 ], [ 39.232337951000034, -6.787867545999973 ], [ 39.232395171000121, -6.787852287999954 ], [ 39.232479095000144, -6.787858008999876 ], [ 39.23263549700016, -6.787887096999896 ], [ 39.232715606000113, -6.787910937999925 ], [ 39.232826234000186, -6.787910460999967 ], [ 39.232894897000108, -6.78789090999993 ], [ 39.232955932000095, -6.787860393999892 ], [ 39.233058930000084, -6.787815570999953 ], [ 39.233100891000106, -6.78780078799997 ], [ 39.233150482000042, -6.787775516999886 ], [ 39.233196259000181, -6.787736892999931 ], [ 39.233222962000184, -6.787710188999938 ], [ 39.233272552000187, -6.787616729999911 ], [ 39.233272552000187, -6.787557124999978 ], [ 39.233261109000011, -6.787478922999981 ], [ 39.233280182000101, -6.787350654999898 ], [ 39.233314514000085, -6.787302969999871 ], [ 39.233348846000069, -6.787270068999931 ], [ 39.233371734000059, -6.787246226999969 ], [ 39.233482362000132, -6.787238596999885 ], [ 39.23351287800017, -6.787256717999981 ], [ 39.23357009900019, -6.787302494999949 ], [ 39.233615876000158, -6.787324905999924 ], [ 39.23365402200011, -6.787332533999916 ], [ 39.233753205000085, -6.787374495999927 ], [ 39.233947754000098, -6.787431240999922 ], [ 39.23406219400016, -6.787485122999954 ], [ 39.234130860000164, -6.787519931999896 ], [ 39.234188080000081, -6.787566661999961 ], [ 39.234226227000136, -6.787574767999899 ], [ 39.234256743000174, -6.787563323999848 ], [ 39.234317779000037, -6.787552833999939 ], [ 39.234397888000046, -6.787552356999981 ], [ 39.234453350923253, -6.787549437697383 ], [ 39.2344549, -6.7875795 ] ] ] ] } },
{ "type": "Feature", "properties": { "GID_3": "TZA.2.2.20_1", "GID_0": "TZA", "COUNTRY": "Tanzania", "GID_1": "TZA.2_1", "NAME_1": "Dar es Salaam", "NL_NAME_1": "NA", "GID_2": "TZA.2.2_1", "NAME_2": "Kinondoni", "NL_NAME_2": "NA", "NAME_3": "Mbezi", "VARNAME_3": "NA", "NL_NAME_3": "NA", "TYPE_3": "Wodi", "ENGTYPE_3": "Ward", "CC_3": "262", "HASC_3": "NA", "Area_km²": 58.128, "pop_densit": 2473.902, "population": 143803 }, "geometry": { "type": "MultiPolygon", "coordinates": [ [ [ [ 39.065185, -6.7035307 ], [ 39.066135945953498, -6.704917069778436 ], [ 39.066150666000169, -6.70493984299992 ], [ 39.066581726000095, -6.705358981999893 ], [ 39.067024232000108, -6.705638407999913 ], [ 39.067340851000097, -6.7055802349999 ], [ 39.067676544999983, -6.705335616999832 ], [ 39.068107605000137, -6.705312252999931 ], [ 39.068828584000187, -6.705661296999949 ], [ 39.069271087000118, -6.70585966099992 ], [ 39.069277743562083, -6.705860114849207 ], [ 39.071257242064817, -6.706068394160303 ], [ 39.071262360000162, -6.706068992999917 ], [ 39.071262792088127, -6.706068978123882 ], [ 39.071263, -6.706069 ], [ 39.071265846184602, -6.706068872976674 ], [ 39.073963165000066, -6.705976008999869 ], [ 39.076480865000178, -6.70583629499987 ], [ 39.080298742530466, -6.705184090385767 ], [ 39.083921819764804, -6.705082396923195 ], [ 39.084686279000152, -6.705060958999923 ], [ 39.084686440819731, -6.705060935342996 ], [ 39.0846877, -6.7050609 ], [ 39.0871167, -6.7047059 ], [ 39.096833952784358, -6.702769821942292 ], [ 39.096870423000041, -6.702762603999929 ], [ 39.097480774000189, -6.702528952999955 ], [ 39.098042177219376, -6.702298315624539 ], [ 39.0981081, -6.7022722 ], [ 39.098526461636517, -6.702172529923519 ], [ 39.098606109000116, -6.702153681999903 ], [ 39.099422455000138, -6.701959132999946 ], [ 39.099493734464282, -6.701942087769399 ], [ 39.0995982, -6.7019172 ], [ 39.100239139200255, -6.701779642636546 ], [ 39.101089478000176, -6.701627729999927 ], [ 39.102733613000055, -6.701244354999972 ], [ 39.103271485000107, -6.701160430999948 ], [ 39.103919983000139, -6.701085566999893 ], [ 39.104179383000087, -6.701020239999934 ], [ 39.104223367511992, -6.701009323581895 ], [ 39.104655712874909, -6.700941118826281 ], [ 39.104656220000038, -6.700941085999943 ], [ 39.104656345850159, -6.700941018971104 ], [ 39.1046571, -6.7009409 ], [ 39.104692880559995, -6.700921560276019 ], [ 39.10483169600019, -6.700847625999927 ], [ 39.104859187097581, -6.700776378029992 ], [ 39.1051569, -6.7000534 ], [ 39.105177862607796, -6.700029381848573 ], [ 39.105396270000142, -6.699791906999963 ], [ 39.105626905558381, -6.699514885671008 ], [ 39.10608487369619, -6.698990163356487 ], [ 39.106086730000072, -6.698988436999912 ], [ 39.106087443764984, -6.698986468571121 ], [ 39.106216391474575, -6.698736238308211 ], [ 39.106216431000064, -6.69873618999992 ], [ 39.106281281000122, -6.698614596999903 ], [ 39.106338501000039, -6.698516368999947 ], [ 39.106380463000164, -6.698446273999934 ], [ 39.106399537000129, -6.698380945999929 ], [ 39.106395722000059, -6.698310851999906 ], [ 39.106357575, -6.698180198999921 ], [ 39.106288909000057, -6.698016643999892 ], [ 39.106315613000106, -6.697839259999967 ], [ 39.106414325896971, -6.697783259127123 ], [ 39.106615948207185, -6.697822106076972 ], [ 39.106655121000131, -6.69782972299987 ], [ 39.106857301000161, -6.698029516999895 ], [ 39.106858134858477, -6.698028943731413 ], [ 39.1068588, -6.6980296 ], [ 39.107110881022308, -6.697912555243013 ], [ 39.107117698110507, -6.697912032931344 ], [ 39.107497122411957, -6.697885575141728 ], [ 39.107498169000053, -6.69788551299996 ], [ 39.107498198979251, -6.697885500071179 ], [ 39.1074982, -6.6978855 ], [ 39.107498200721274, -6.697885499319917 ], [ 39.107574462000059, -6.697852610999917 ], [ 39.10763931300005, -6.697774409999909 ], [ 39.10766965927121, -6.697723831408089 ], [ 39.107691666889949, -6.697703080469933 ], [ 39.107746125000176, -6.697660446999919 ], [ 39.107849122000061, -6.697567462999928 ], [ 39.10791466254728, -6.697492818326222 ], [ 39.107918482892025, -6.697489216131072 ], [ 39.108043671000075, -6.697481155999981 ], [ 39.108089446000065, -6.697371482999927 ], [ 39.108173370000088, -6.697228431999974 ], [ 39.108287811000025, -6.697085379999919 ], [ 39.108337403000064, -6.696970939999972 ], [ 39.108400763676997, -6.696852138486559 ], [ 39.1084025, -6.6968493 ], [ 39.108453798917623, -6.696798001082374 ], [ 39.108524322000164, -6.696727752999948 ], [ 39.108524692175656, -6.696727598761284 ], [ 39.109066148739181, -6.696635031012386 ], [ 39.109078825144685, -6.696658799425729 ], [ 39.109145128362321, -6.696799304398669 ], [ 39.10917663500004, -6.696935175999954 ], [ 39.109245300000111, -6.697013853999977 ], [ 39.109333039000035, -6.697028159999832 ], [ 39.10948181100008, -6.697021006999933 ], [ 39.109481897079043, -6.697020887707496 ], [ 39.1094823, -6.6970209 ], [ 39.10964648003285, -6.696828058367743 ], [ 39.109650012803627, -6.696829004655865 ], [ 39.109795150346315, -6.696881781944115 ], [ 39.109802246000186, -6.69688510799989 ], [ 39.109803141999727, -6.696884687999901 ], [ 39.109804, -6.696885 ], [ 39.109806491168399, -6.696883118076324 ], [ 39.109939575000112, -6.69682073499996 ], [ 39.11001672355728, -6.696724300507223 ], [ 39.110124798744053, -6.696642656386952 ], [ 39.110126496000191, -6.696641921999912 ], [ 39.110397339000144, -6.696620462999931 ], [ 39.110599519000175, -6.69657039599997 ], [ 39.110691071000133, -6.696384429999966 ], [ 39.110820768999986, -6.696234224999955 ], [ 39.110992432000103, -6.696069716999943 ], [ 39.11110687300004, -6.695948123999926 ], [ 39.111114503000181, -6.695912359999966 ], [ 39.111118077117688, -6.695878838469703 ], [ 39.1111198, -6.6958768 ], [ 39.1120994, -6.6954907 ], [ 39.112288352786685, -6.695362212105053 ], [ 39.112457276000157, -6.695247648999953 ], [ 39.112957001000041, -6.695176124999875 ], [ 39.113483916708113, -6.695204554477556 ], [ 39.1134866, -6.6952047 ], [ 39.113486601510267, -6.695204699334734 ], [ 39.113487244000112, -6.695204733999958 ], [ 39.113822937000066, -6.695056914999952 ], [ 39.113885322924617, -6.695029064877819 ], [ 39.11397445890421, -6.694989800998819 ], [ 39.114215851000097, -6.69488382399993 ], [ 39.114270423419214, -6.694871805035786 ], [ 39.114803355501401, -6.694756257201879 ], [ 39.114837647000172, -6.694748877999871 ], [ 39.115371705000143, -6.694633482999848 ], [ 39.115962876956587, -6.694608053725878 ], [ 39.116315, -6.694593 ], [ 39.1171549, -6.6944315 ], [ 39.117768400125328, -6.694219372625576 ], [ 39.117809231256103, -6.694205307302682 ], [ 39.1179457, -6.6942129 ], [ 39.117945709730066, -6.694212862160868 ], [ 39.117946625000059, -6.694212912999944 ], [ 39.118015289000027, -6.693997859999911 ], [ 39.118053436000082, -6.693796157999941 ], [ 39.118134983336383, -6.693640879450243 ], [ 39.118168, -6.6935784 ], [ 39.11816935428984, -6.693577194488217 ], [ 39.11833572400019, -6.69345903299984 ], [ 39.118614197, -6.693184851999888 ], [ 39.118518830000028, -6.693382263999979 ], [ 39.118675231999987, -6.693518637999887 ], [ 39.118675415838936, -6.693518637999887 ], [ 39.1186756, -6.6935188 ], [ 39.1188185, -6.6935188 ], [ 39.118855564267506, -6.693596965892727 ], [ 39.118873596000071, -6.693636893999894 ], [ 39.118871964393605, -6.693642217273184 ], [ 39.1186818, -6.694041 ], [ 39.1186445, -6.6943705 ], [ 39.118706240360538, -6.694821708946769 ], [ 39.118724822000047, -6.694961070999966 ], [ 39.119010925000168, -6.695526598999948 ], [ 39.119255067000097, -6.695880888999852 ], [ 39.119445801000097, -6.696173189999968 ], [ 39.119667528008918, -6.696478065658733 ], [ 39.1196888, -6.6965089 ], [ 39.119751785777396, -6.696672673155701 ], [ 39.119812013000171, -6.696832179999944 ], [ 39.119812013000171, -6.69713687999996 ], [ 39.1198279154275, -6.697152384449737 ], [ 39.119918799435482, -6.697248599402365 ], [ 39.119907379999972, -6.697317122999948 ], [ 39.11993789600001, -6.697422502999927 ], [ 39.119956970000032, -6.697484968999959 ], [ 39.119998932000101, -6.697571754999956 ], [ 39.120029450000175, -6.697646618999954 ], [ 39.120027456660473, -6.697691963689142 ], [ 39.1200245, -6.6977335 ], [ 39.120020827521365, -6.697737538840139 ], [ 39.119960785000046, -6.697789192999892 ], [ 39.119899750000059, -6.697870253999952 ], [ 39.119926453000062, -6.697988509999959 ], [ 39.119955150476613, -6.698018185441963 ], [ 39.119978498265837, -6.698081062656496 ], [ 39.119979858000136, -6.698087691999945 ], [ 39.119978113333431, -6.698091181485792 ], [ 39.119904307476297, -6.698177638806492 ], [ 39.119857788000161, -6.698201656999913 ], [ 39.119762421000189, -6.698342798999875 ], [ 39.119743347, -6.698547840999879 ], [ 39.119789124000135, -6.698728083999981 ], [ 39.119873397839036, -6.698872323616014 ], [ 39.1200059, -6.6992067 ], [ 39.119937741924062, -6.699322962072764 ], [ 39.119899750000059, -6.699387072999968 ], [ 39.119898293990389, -6.699387879606041 ], [ 39.119580641258132, -6.699534473443508 ], [ 39.119575500000053, -6.699536322999961 ], [ 39.119558632088477, -6.699600285012206 ], [ 39.1195521, -6.6996232 ], [ 39.119790442525208, -6.699821070805758 ], [ 39.119842529000039, -6.699865817999978 ], [ 39.119867669717443, -6.700006329792855 ], [ 39.1198691, -6.7000149 ], [ 39.119866685293367, -6.700023938179043 ], [ 39.119842529000039, -6.700108050999916 ], [ 39.119754464102165, -6.700183457365943 ], [ 39.1196888, -6.7002386 ], [ 39.119675157050352, -6.700246324377988 ], [ 39.1194725040001, -6.700350760999925 ], [ 39.119358062, -6.700425148999955 ], [ 39.11932754500009, -6.700555799999961 ], [ 39.119353217668802, -6.700663070684827 ], [ 39.1193531, -6.7006676 ], [ 39.119361699216462, -6.700678683990058 ], [ 39.11946487400013, -6.70083522799996 ], [ 39.119532362461676, -6.700898660975313 ], [ 39.1198691, -6.7013327 ], [ 39.119869392826537, -6.701333715781315 ], [ 39.119888306000178, -6.701469420999956 ], [ 39.119960785000046, -6.701655863999918 ], [ 39.120117187000062, -6.701801300999875 ], [ 39.120119946075505, -6.701807485811205 ], [ 39.120197898128531, -6.702029111082699 ], [ 39.120212554000034, -6.702091216999975 ], [ 39.120297263418614, -6.702311616270643 ], [ 39.120314, -6.7023592 ], [ 39.120449007613139, -6.702508118005638 ], [ 39.120471954000152, -6.702533722999817 ], [ 39.120475362535295, -6.70254002507058 ], [ 39.1206195, -6.7028283 ], [ 39.120620656194511, -6.702828249623831 ], [ 39.120620728000063, -6.70282840699997 ], [ 39.120708465000121, -6.702850341999977 ], [ 39.120815277000077, -6.702833651999924 ], [ 39.120991520570335, -6.702812090814683 ], [ 39.120994807579379, -6.702811947597498 ], [ 39.12102106180695, -6.702837107975407 ], [ 39.1210504, -6.7028665 ], [ 39.121049274867282, -6.702875075000468 ], [ 39.121021270000142, -6.702970027999925 ], [ 39.121021270000142, -6.703073977999907 ], [ 39.121128082000098, -6.703204631999881 ], [ 39.121181364690322, -6.703259341415014 ], [ 39.121057115357587, -6.703405074496922 ], [ 39.121055604000162, -6.703406333999965 ], [ 39.121055604000162, -6.703537464999897 ], [ 39.12108230500013, -6.703635691999978 ], [ 39.120918275000065, -6.704017639999961 ], [ 39.120899045109496, -6.704049478921243 ], [ 39.1205322, -6.704623 ], [ 39.120421438206307, -6.705009170979978 ], [ 39.120414734000065, -6.70502090399998 ], [ 39.120330810000041, -6.705212115999927 ], [ 39.120292663000157, -6.705392358999973 ], [ 39.120261163682713, -6.705567968086661 ], [ 39.120245588729482, -6.705622270159155 ], [ 39.120178223000096, -6.705752372999939 ], [ 39.120128789981592, -6.706029488979217 ], [ 39.1201285, -6.7060305 ], [ 39.120128218083771, -6.706031086449801 ], [ 39.120037079000156, -6.706188678999979 ], [ 39.119949342000098, -6.706385135999881 ], [ 39.119850159000123, -6.706608770999935 ], [ 39.119728088999977, -6.706463813999903 ], [ 39.119392396000194, -6.706523416999971 ], [ 39.11946487400013, -6.70677137399997 ], [ 39.119449616000111, -6.706989288999978 ], [ 39.119270325000116, -6.707150458999877 ], [ 39.11898040900013, -6.707239150999953 ], [ 39.118965148000029, -6.707263946999944 ], [ 39.118877411000142, -6.707240580999951 ], [ 39.11883926500019, -6.707417010999905 ], [ 39.118885040000123, -6.707623958999875 ], [ 39.118865966000158, -6.707643984999947 ], [ 39.118709564000028, -6.707768917999886 ], [ 39.118461609000178, -6.707910059999961 ], [ 39.118152618000124, -6.708121299999902 ], [ 39.118022919000111, -6.708203315999981 ], [ 39.117938995000088, -6.708248137999931 ], [ 39.117630005000137, -6.708385466999914 ], [ 39.117584229000045, -6.708369253999933 ], [ 39.117462158000194, -6.708435534999978 ], [ 39.117244720000144, -6.708420753999917 ], [ 39.117080688000044, -6.708544253999946 ], [ 39.116798402000143, -6.708667277999893 ], [ 39.116611480000131, -6.708773134999944 ], [ 39.116531372000111, -6.709143161999918 ], [ 39.116390228000114, -6.709433555999965 ], [ 39.116153717000032, -6.709257602999969 ], [ 39.116092681000111, -6.709362982999892 ], [ 39.116146088000164, -6.709512709999956 ], [ 39.116184235000048, -6.709551333999855 ], [ 39.1161956790001, -6.709596155999918 ], [ 39.116218567000033, -6.709761618999948 ], [ 39.116210937000119, -6.709797857999888 ], [ 39.11619949400017, -6.709834097999874 ], [ 39.116180419999978, -6.709907055999963 ], [ 39.116065980000144, -6.71015500999988 ], [ 39.115993499000069, -6.71031045999996 ], [ 39.115993499000069, -6.71038913599989 ], [ 39.115943909000066, -6.710684299999969 ], [ 39.115844727000194, -6.711045263999893 ], [ 39.115844727000194, -6.711424349999902 ], [ 39.11583709700011, -6.711776255999894 ], [ 39.115924835999976, -6.712110995999979 ], [ 39.115932464000082, -6.712168216999942 ], [ 39.115783692000036, -6.712344644999973 ], [ 39.11550903400007, -6.712626932999967 ], [ 39.115402221000181, -6.712893485999871 ], [ 39.115489960000048, -6.713220118999914 ], [ 39.114887237, -6.715280532999941 ], [ 39.114830017000088, -6.71530675899993 ], [ 39.114418030000024, -6.715532778999943 ], [ 39.113929750000125, -6.716233251999938 ], [ 39.113132477000136, -6.716772554999864 ], [ 39.11302948000008, -6.717104910999979 ], [ 39.112754822000056, -6.717422007999971 ], [ 39.112163544000168, -6.718523024999911 ], [ 39.111347199000022, -6.71941232599994 ], [ 39.11105346700009, -6.719703196999944 ], [ 39.111000060000038, -6.720160960999976 ], [ 39.110977174000084, -6.720680712999922 ], [ 39.110958100000119, -6.720925331999979 ], [ 39.11093902500005, -6.721200464999924 ], [ 39.110836030000144, -6.722003936999897 ], [ 39.110595703000058, -6.722613810999974 ], [ 39.110443116000113, -6.723092078999969 ], [ 39.110042572, -6.724071978999859 ], [ 39.109970092000083, -6.724835872999904 ], [ 39.110012054000151, -6.72529125199992 ], [ 39.11008834800009, -6.72583913699998 ], [ 39.110427856000115, -6.726147651999895 ], [ 39.110595703000058, -6.726363658999958 ], [ 39.111068725999985, -6.726514815999906 ], [ 39.111373902000025, -6.726788043999875 ], [ 39.11140823400001, -6.726819037999974 ], [ 39.111354829000163, -6.727498054999899 ], [ 39.111198425000168, -6.727876184999957 ], [ 39.110973359000184, -6.728339194999876 ], [ 39.110698701000047, -6.728547571999968 ], [ 39.110641480000027, -6.72904920499991 ], [ 39.110664367000027, -6.729728221999949 ], [ 39.110782623000034, -6.73008346599994 ], [ 39.110797883000089, -6.730144976999895 ], [ 39.110820768999986, -6.730235575999927 ], [ 39.110836030000144, -6.730388164999965 ], [ 39.110877992000042, -6.73046779699996 ], [ 39.110927582000045, -6.730661867999856 ], [ 39.110950469999977, -6.730993746999957 ], [ 39.110961913000153, -6.731062411999972 ], [ 39.11091232300015, -6.731216906999862 ], [ 39.110954285000048, -6.731455802999903 ], [ 39.110992432000103, -6.7317509639999 ], [ 39.111042022000106, -6.732253550999928 ], [ 39.111003875000051, -6.732280253999932 ], [ 39.110630035000042, -6.732529640999928 ], [ 39.11054611100019, -6.732636450999962 ], [ 39.11041641300011, -6.732724189999942 ], [ 39.11016845600011, -6.732900142999938 ], [ 39.109905244, -6.733163832999935 ], [ 39.109691619000046, -6.733471869999903 ], [ 39.109580994, -6.73366022099998 ], [ 39.10948181100008, -6.733957289999921 ], [ 39.109306336000031, -6.734157561999893 ], [ 39.10915374800004, -6.734543322999912 ], [ 39.10915374800004, -6.734921454999949 ], [ 39.109039306000113, -6.735523223999905 ], [ 39.109008789000029, -6.735661506999975 ], [ 39.109115601000155, -6.735808848999909 ], [ 39.109252930000025, -6.735963343999913 ], [ 39.109283447000166, -6.73621034599995 ], [ 39.109092713000052, -6.736541748999969 ], [ 39.108909607000157, -6.736703871999907 ], [ 39.108852387000013, -6.736924648999945 ], [ 39.108837128000118, -6.73697090099995 ], [ 39.108730316000162, -6.737151621999828 ], [ 39.108669281000175, -6.737460136999971 ], [ 39.108715058000143, -6.737707137999962 ], [ 39.108718872999987, -6.737781046999942 ], [ 39.108688354000037, -6.737827300999868 ], [ 39.10862731900005, -6.737932681999951 ], [ 39.108463286000074, -6.738113402999886 ], [ 39.108345031000169, -6.738398550999875 ], [ 39.108264924000025, -6.73847103199995 ], [ 39.108020783000143, -6.738733291999949 ], [ 39.107666016, -6.73908853599994 ], [ 39.10755920400004, -6.739201068999932 ], [ 39.107498169000053, -6.739242552999883 ], [ 39.106388092000145, -6.740181921999977 ], [ 39.106353760000161, -6.740191936999963 ], [ 39.106319428000177, -6.740257262999933 ], [ 39.105979920000152, -6.740633962999937 ], [ 39.105861664000145, -6.740742205999879 ], [ 39.105781555000135, -6.741112707999832 ], [ 39.105930328000113, -6.74142312999993 ], [ 39.106006623000098, -6.741582392999874 ], [ 39.106533051000156, -6.741794109999887 ], [ 39.10687255900018, -6.741880893999962 ], [ 39.107360840000183, -6.741957664999916 ], [ 39.107620239000028, -6.742053508999959 ], [ 39.108070372999975, -6.742255210999929 ], [ 39.108657838, -6.742236137999953 ], [ 39.109039306000113, -6.742168902999936 ], [ 39.109577178000052, -6.742130277999934 ], [ 39.110095978000174, -6.742043971999976 ], [ 39.110691071000133, -6.742034435999869 ], [ 39.111171723000098, -6.742034435999869 ], [ 39.111942292000151, -6.742063044999952 ], [ 39.112392425, -6.742063044999952 ], [ 39.113105774000132, -6.741876125999909 ], [ 39.113613128000054, -6.741852282999901 ], [ 39.11429977500012, -6.741832731999978 ], [ 39.114448547000165, -6.741828441999871 ], [ 39.115139007000096, -6.742002964999926 ], [ 39.115600585999971, -6.74238443299987 ], [ 39.115901947000168, -6.74274158399993 ], [ 39.116592407000098, -6.74313068299989 ], [ 39.117137910000167, -6.743321418999869 ], [ 39.117847443000187, -6.743321418999869 ], [ 39.118354797000052, -6.74322175899988 ], [ 39.118537903000117, -6.74318647299998 ], [ 39.119308472000171, -6.743059158999927 ], [ 39.119564056000172, -6.743040083999972 ], [ 39.119956970000032, -6.743011474999889 ], [ 39.120578766000108, -6.743241787999978 ], [ 39.121013642000037, -6.743511675999969 ], [ 39.121696471000121, -6.743794918999981 ], [ 39.121936798000036, -6.743947982999941 ], [ 39.12213516200012, -6.744057655999939 ], [ 39.122650146000069, -6.744134424999913 ], [ 39.123012543000129, -6.744287491999955 ], [ 39.123523712000065, -6.744200229999933 ], [ 39.124259949000134, -6.744276523999929 ], [ 39.126930237000124, -6.745305536999979 ], [ 39.126930237000124, -6.745358943999975 ], [ 39.126964568, -6.74594402199989 ], [ 39.126979829000106, -6.746421336999958 ], [ 39.126995087000125, -6.746850013999961 ], [ 39.126926421000178, -6.747238634999974 ], [ 39.126827239000136, -6.747632980999924 ], [ 39.126960755000141, -6.748085974999924 ], [ 39.127048492000029, -6.748563289999879 ], [ 39.127136231000122, -6.749356268999975 ], [ 39.127285003000168, -6.749814032999893 ], [ 39.127445221000073, -6.75026130699996 ], [ 39.127532960000167, -6.750498294999943 ], [ 39.127876281000056, -6.751197814999898 ], [ 39.128967285000101, -6.751773834999881 ], [ 39.129127502000131, -6.751892089999899 ], [ 39.129268646000071, -6.751970766999932 ], [ 39.129726410000103, -6.752152919999901 ], [ 39.129878997000048, -6.75233030399994 ], [ 39.131278993000024, -6.751707076999935 ], [ 39.131290436000029, -6.751734732999921 ], [ 39.13140487600009, -6.75199079499987 ], [ 39.131591797000169, -6.752158164999969 ], [ 39.13160324100005, -6.752274512999918 ], [ 39.131599425000104, -6.752507686999934 ], [ 39.131645202000072, -6.752689837999981 ], [ 39.131744385000161, -6.752938269999959 ], [ 39.131816863000154, -6.753191470999923 ], [ 39.131847382000103, -6.753505705999942 ], [ 39.131851197000117, -6.753901004999932 ], [ 39.131809235000048, -6.754260538999915 ], [ 39.13175964300018, -6.754726885999958 ], [ 39.131637572000159, -6.755081176999965 ], [ 39.131469727000194, -6.755309105999913 ], [ 39.13157272400008, -6.755461214999968 ], [ 39.131690979000041, -6.755673884999965 ], [ 39.131805420000148, -6.755922316999943 ], [ 39.131847382000103, -6.756136893999951 ], [ 39.131855009999981, -6.756174086999977 ], [ 39.131885529000158, -6.756347656999935 ], [ 39.132019043000184, -6.756859778999967 ], [ 39.132034301000033, -6.756893157999968 ], [ 39.132102966000105, -6.757067202999963 ], [ 39.132339477000016, -6.757275104999962 ], [ 39.132591247000107, -6.757695674999923 ], [ 39.13262558100007, -6.757883070999981 ], [ 39.132663727000022, -6.758070467999971 ], [ 39.13261032000014, -6.75827312499996 ], [ 39.13256454499998, -6.758369445999904 ], [ 39.132587434000015, -6.75860261999992 ], [ 39.132637024000076, -6.758840560999886 ], [ 39.132640839000089, -6.758952140999895 ], [ 39.132747649000066, -6.759281158999954 ], [ 39.132728576000147, -6.759499071999926 ], [ 39.13275527900015, -6.759687422999889 ], [ 39.132793426000035, -6.759872436999899 ], [ 39.132801056000119, -6.760071753999966 ], [ 39.132839203000174, -6.760319232999962 ], [ 39.132877350000058, -6.760463236999954 ], [ 39.132911682000042, -6.760721683999918 ], [ 39.132938385000045, -6.760921000999929 ], [ 39.132984159999978, -6.761068820999981 ], [ 39.132995606000065, -6.761253833999888 ], [ 39.132995606000065, -6.761504650999882 ], [ 39.132984159999978, -6.761804102999974 ], [ 39.132926940000061, -6.761988638999981 ], [ 39.132907866999972, -6.762132644999951 ], [ 39.132808685000157, -6.762299060999965 ], [ 39.132659912000179, -6.762380121999911 ], [ 39.132553100000052, -6.762542724999889 ], [ 39.132522583000082, -6.762664317999906 ], [ 39.132797241000048, -6.76275682499994 ], [ 39.133136750000176, -6.762864111999932 ], [ 39.133460998000032, -6.763033867999923 ], [ 39.133686066000166, -6.763196467999876 ], [ 39.133815766000055, -6.763443946999928 ], [ 39.13388443000008, -6.763683795999953 ], [ 39.133975982000152, -6.763920306999978 ], [ 39.133945465000068, -6.764153002999876 ], [ 39.133945465000068, -6.764252661999876 ], [ 39.133960724000133, -6.764466761999927 ], [ 39.134010316000172, -6.764692305999915 ], [ 39.134117126000149, -6.764840124999978 ], [ 39.134334563999971, -6.76494932199995 ], [ 39.134552001000145, -6.765058039999928 ], [ 39.135204314000191, -6.765386580999973 ], [ 39.13487243600008, -6.765515326999889 ], [ 39.134624482000163, -6.765611648999879 ], [ 39.134449006000068, -6.766165731999877 ], [ 39.134437561000084, -6.766712664999943 ], [ 39.13451003900002, -6.766967296999951 ], [ 39.134487153000123, -6.767085551999969 ], [ 39.134262085000103, -6.767140864999931 ], [ 39.133937835000097, -6.767140864999931 ], [ 39.133754731000067, -6.767037390999974 ], [ 39.13369369600008, -6.767001150999931 ], [ 39.13366317700013, -6.766985892999969 ], [ 39.133625030000076, -6.766847610999889 ], [ 39.133579253000107, -6.766676902999905 ], [ 39.133560180000075, -6.766616342999953 ], [ 39.133453370000097, -6.766339301999949 ], [ 39.133426666, -6.766276359999893 ], [ 39.133380889000023, -6.7661585809999 ], [ 39.133182525000166, -6.765900134999924 ], [ 39.132846831000109, -6.765859126999942 ], [ 39.132595062000121, -6.765958784999896 ], [ 39.13212204000007, -6.766379831999927 ], [ 39.131870270000036, -6.766797065999981 ], [ 39.13162231400014, -6.767065048999939 ], [ 39.131557466000061, -6.767133234999903 ], [ 39.13143158000014, -6.76722192699998 ], [ 39.131385803000171, -6.767232416999946 ], [ 39.131301879000148, -6.76722192699998 ], [ 39.131221770000025, -6.767196177999892 ], [ 39.131114960000048, -6.76709938099998 ], [ 39.130947112, -6.766941547999977 ], [ 39.130897522000168, -6.766868114999909 ], [ 39.130722046000074, -6.766944407999915 ], [ 39.130638123000153, -6.767165183999964 ], [ 39.130458832000102, -6.767469405999918 ], [ 39.130115508000131, -6.768115995999949 ], [ 39.129978179000034, -6.768575191999957 ], [ 39.129913331000182, -6.768661021999947 ], [ 39.129913331000182, -6.768786429999921 ], [ 39.129840850000164, -6.768940924999924 ], [ 39.129821777000075, -6.768975257999898 ], [ 39.129673005000029, -6.769171714999914 ], [ 39.129627228000061, -6.76922845799993 ], [ 39.129211426000097, -6.769562720999943 ], [ 39.129173279000099, -6.769692419999842 ], [ 39.129161834000115, -6.769738196999981 ], [ 39.129127502000131, -6.769912242999908 ], [ 39.129062652000073, -6.770185469999944 ], [ 39.128986358000134, -6.770404337999935 ], [ 39.128971100000115, -6.770451067999886 ], [ 39.128765107000049, -6.770656107999969 ], [ 39.128677368000183, -6.770734310999956 ], [ 39.128589629000089, -6.770812986999942 ], [ 39.128265381000119, -6.77093744299998 ], [ 39.128005982000047, -6.771043300999963 ], [ 39.127948762000074, -6.771066188999896 ], [ 39.127529144, -6.77108716999993 ], [ 39.127174378000177, -6.77125263299996 ], [ 39.126716614000088, -6.771471500999951 ], [ 39.126564027000029, -6.771733282999946 ], [ 39.126544953, -6.772058962999893 ], [ 39.126571655000134, -6.772181033999971 ], [ 39.126625062000187, -6.772458551999932 ], [ 39.126365662000012, -6.772947311999928 ], [ 39.126247407000108, -6.773226737999948 ], [ 39.126197815000069, -6.77347135499997 ], [ 39.126174926000033, -6.773497104999933 ], [ 39.126121521000186, -6.773555755999951 ], [ 39.126110078000181, -6.773609637999925 ], [ 39.126087188999975, -6.773697852999874 ], [ 39.126052856000058, -6.773856161999902 ], [ 39.126018524000074, -6.7740707399999 ], [ 39.125980377000019, -6.774259565999898 ], [ 39.125972747000105, -6.774345874999938 ], [ 39.126033782000093, -6.774491309999974 ], [ 39.126155853000171, -6.774607179999975 ], [ 39.126201630000139, -6.77464675899995 ], [ 39.126323700000114, -6.774744510999938 ], [ 39.126369475000104, -6.774853228999973 ], [ 39.126399994000053, -6.775027751999971 ], [ 39.126407624000137, -6.775182246999918 ], [ 39.12637329100005, -6.775268077999954 ], [ 39.126365662000012, -6.775303839999879 ], [ 39.126304627000025, -6.775564192999923 ], [ 39.126243592000037, -6.775907038999947 ], [ 39.126232146000177, -6.776053904999969 ], [ 39.126213073000088, -6.776124953999954 ], [ 39.126190187000191, -6.776151656999957 ], [ 39.126106263000167, -6.776331900999935 ], [ 39.126075744000048, -6.776400088999878 ], [ 39.12601470900006, -6.776486395999939 ], [ 39.125888825000118, -6.776499270999921 ], [ 39.12582397500006, -6.776434897999934 ], [ 39.125808716000108, -6.776377677999903 ], [ 39.125789643000076, -6.776323317999925 ], [ 39.12577056900011, -6.776130198999965 ], [ 39.125747681000121, -6.775911330999975 ], [ 39.125736236000193, -6.775782584999945 ], [ 39.125709534000123, -6.77573966999995 ], [ 39.125518798000144, -6.775748252999961 ], [ 39.125427246000186, -6.77580404299988 ], [ 39.12532424900013, -6.775919913999871 ], [ 39.125183105000133, -6.776048659999958 ], [ 39.12505722100002, -6.77617311399996 ], [ 39.125015259000122, -6.77628898599994 ], [ 39.125022887000057, -6.776443480999944 ], [ 39.125061036000091, -6.77649068799991 ], [ 39.125205993000066, -6.776713848999918 ], [ 39.125286102000075, -6.776859760999912 ], [ 39.125308990000178, -6.776988506999828 ], [ 39.125263214000142, -6.777078627999913 ], [ 39.125114441000164, -6.777147293999974 ], [ 39.124950409000064, -6.77715158399991 ], [ 39.124710083000082, -6.777143000999899 ], [ 39.124443055000029, -6.777104376999887 ], [ 39.124244690000069, -6.777078627999913 ], [ 39.123962402000132, -6.776997088999906 ], [ 39.123821258000191, -6.776944636999929 ], [ 39.123748780000028, -6.777063369999894 ], [ 39.123615266000172, -6.777244090999943 ], [ 39.123615266000172, -6.777413368999873 ], [ 39.123493195000151, -6.777566908999972 ], [ 39.123229981000179, -6.777790068999877 ], [ 39.123218537000128, -6.778036117999932 ], [ 39.123298644000101, -6.778189657999974 ], [ 39.123432160000164, -6.778235912999833 ], [ 39.123607636000088, -6.778116701999977 ], [ 39.123687744000165, -6.777893543999937 ], [ 39.123828888000105, -6.777809142999956 ], [ 39.123901367000144, -6.777887343999964 ], [ 39.123912810000093, -6.777962206999916 ], [ 39.123897552000074, -6.778189657999974 ], [ 39.123744965000185, -6.77853584199994 ], [ 39.123619079000036, -6.778823852999892 ], [ 39.123542785000154, -6.779026506999969 ], [ 39.123558044000049, -6.779315470999961 ], [ 39.123603821000017, -6.779327868999928 ], [ 39.123676299000181, -6.779370307999898 ], [ 39.123935699000128, -6.779559611999844 ], [ 39.124248506000185, -6.779694555999981 ], [ 39.124359131000176, -6.77978896999997 ], [ 39.124507903000051, -6.779849527999943 ], [ 39.124591827000074, -6.779883861999849 ], [ 39.124637604000043, -6.780008315999908 ], [ 39.124759675000121, -6.780232905999924 ], [ 39.124923705000185, -6.780520914999954 ], [ 39.124961854000048, -6.78059148799997 ], [ 39.125225067000088, -6.781050204999872 ], [ 39.125347137000063, -6.781274317999873 ], [ 39.125713349000137, -6.781738281999878 ], [ 39.125778198000091, -6.781899928999962 ], [ 39.12557602000004, -6.78198909799994 ], [ 39.125667572000168, -6.782165526999961 ], [ 39.125740051000037, -6.782281398999885 ], [ 39.125762938999969, -6.782351969999979 ], [ 39.125797271000181, -6.782470225999873 ], [ 39.125820159999989, -6.782738685999959 ], [ 39.125850678000063, -6.783103942999901 ], [ 39.125862121000182, -6.783153532999904 ], [ 39.12590789800015, -6.783366202999957 ], [ 39.125701903999982, -6.783313272999976 ], [ 39.125480651000089, -6.783275125999978 ], [ 39.125339507000149, -6.783237456999927 ], [ 39.124145508000026, -6.783045290999951 ], [ 39.123973846000183, -6.783052443999907 ], [ 39.122787475000166, -6.783169745999942 ], [ 39.122512817000029, -6.783208369999954 ], [ 39.122303010000167, -6.783238886999868 ], [ 39.122261048000041, -6.78324556299998 ], [ 39.121955871000125, -6.783301829999857 ], [ 39.121780395000144, -6.783321380999951 ], [ 39.121276856000179, -6.783426283999916 ], [ 39.12122726400014, -6.783437250999953 ], [ 39.121166229000153, -6.783440588999952 ], [ 39.120994568000071, -6.783450126999981 ], [ 39.120555878000175, -6.783493518999819 ], [ 39.120121002000076, -6.783545493999952 ], [ 39.119190216000163, -6.783657550999976 ], [ 39.119110108000086, -6.783670901999926 ], [ 39.118160248000038, -6.783821581999973 ], [ 39.117702484000176, -6.783895014999928 ], [ 39.117607117000034, -6.783929346999969 ], [ 39.117443084, -6.783946512999819 ], [ 39.117073059000063, -6.784067630999971 ], [ 39.116935730000137, -6.784101009999972 ], [ 39.11668395900017, -6.7841634749999 ], [ 39.116374969000049, -6.784239768999896 ], [ 39.115318298000091, -6.784622191999858 ], [ 39.115276338000172, -6.784636974999898 ], [ 39.114543914000137, -6.78490114199991 ], [ 39.114364625000121, -6.78495073199997 ], [ 39.114368437999985, -6.784905432999949 ], [ 39.114292144000103, -6.784934520999855 ], [ 39.113693236000074, -6.785170554999922 ], [ 39.113471986000093, -6.785242557999936 ], [ 39.113143921000187, -6.785385607999956 ], [ 39.113079070000083, -6.785409925999943 ], [ 39.112804412000116, -6.785515308999948 ], [ 39.112613678000116, -6.785588264999944 ], [ 39.111495971000124, -6.785993575999896 ], [ 39.110778809000067, -6.786225318999868 ], [ 39.110733032000098, -6.786218643999973 ], [ 39.110000611000032, -6.78648614899987 ], [ 39.107612609000114, -6.787362574999918 ], [ 39.107120513000098, -6.787551401999906 ], [ 39.106765747000054, -6.787641047999955 ], [ 39.106773377000138, -6.787676334999958 ], [ 39.106445312000119, -6.787791727999888 ], [ 39.106380463000164, -6.787822246999951 ], [ 39.106300355000087, -6.787861345999886 ], [ 39.106273651000038, -6.787872791999973 ], [ 39.105354308000074, -6.788206099999911 ], [ 39.105216979000147, -6.788254736999932 ], [ 39.104423522000161, -6.788554190999946 ], [ 39.104331970000032, -6.788584231999948 ], [ 39.103820801000097, -6.788763522999943 ], [ 39.103748322000058, -6.788782596999908 ], [ 39.103141784000115, -6.788992881999889 ], [ 39.103027344000111, -6.789057254999932 ], [ 39.102897643000119, -6.789108751999891 ], [ 39.102561950000108, -6.789239882999937 ], [ 39.102470398000037, -6.789273261999938 ], [ 39.102436066, -6.789287567999963 ], [ 39.101680756000064, -6.789571283999976 ], [ 39.101470948000099, -6.789660452999897 ], [ 39.100917815000059, -6.789813994999975 ], [ 39.099079132000099, -6.790457247999939 ], [ 39.098331451000149, -6.790698051999868 ], [ 39.098167419000049, -6.790768146999881 ], [ 39.098121644000059, -6.790768622999906 ], [ 39.097339630000022, -6.791070460999947 ], [ 39.09658050500019, -6.791347979999898 ], [ 39.096469879000097, -6.791387558999872 ], [ 39.096141816000056, -6.791494368999963 ], [ 39.09600448700013, -6.791553018999821 ], [ 39.095371245000138, -6.791768073999947 ], [ 39.094348907000096, -6.792187213999966 ], [ 39.094062806000181, -6.792284965999897 ], [ 39.093967437000174, -6.792343138999911 ], [ 39.093887328000051, -6.792365074999964 ], [ 39.092956542000138, -6.792822837999893 ], [ 39.092903137000064, -6.792848109999966 ], [ 39.091682435000109, -6.793447970999921 ], [ 39.091583252000191, -6.793184280999981 ], [ 39.091407777000143, -6.792975425999828 ], [ 39.090953828000124, -6.792562483999916 ], [ 39.090568543000131, -6.79234504599998 ], [ 39.090339662000133, -6.792116640999893 ], [ 39.09022521900016, -6.791907787999946 ], [ 39.090194702000019, -6.79176902699993 ], [ 39.090160371000138, -6.791625022999938 ], [ 39.090057374000025, -6.791434763999973 ], [ 39.090076447000115, -6.790975093999975 ], [ 39.090068817000031, -6.790601729999878 ], [ 39.089981080000143, -6.790435791999926 ], [ 39.089794159, -6.790090082999939 ], [ 39.089477539000143, -6.789735316999952 ], [ 39.089397430000133, -6.78952312399997 ], [ 39.089241028000174, -6.78916358999993 ], [ 39.088966370000037, -6.7887673379999 ], [ 39.088848113999973, -6.788523196999961 ], [ 39.088695527000084, -6.788260459999947 ], [ 39.088668822999978, -6.788205146999928 ], [ 39.088634492000097, -6.788129328999958 ], [ 39.088615418000131, -6.788089751999962 ], [ 39.088340758000129, -6.787980078999965 ], [ 39.087623597, -6.787615774999836 ], [ 39.087371825000162, -6.787498950999918 ], [ 39.0872573850001, -6.787431240999922 ], [ 39.0872573850001, -6.787343024999927 ], [ 39.087265015000185, -6.78724813499997 ], [ 39.087215422999975, -6.787007808999874 ], [ 39.087169648000042, -6.786779402999912 ], [ 39.087181091000161, -6.786357877999933 ], [ 39.087211608000132, -6.78586006199987 ], [ 39.087203980000027, -6.785701751999909 ], [ 39.08722686800013, -6.78553819699988 ], [ 39.087459564000028, -6.785407065999948 ], [ 39.087497711000083, -6.785385607999956 ], [ 39.087738037000065, -6.7852282529999 ], [ 39.087703706000184, -6.785215854999933 ], [ 39.087791443000071, -6.785092830999872 ], [ 39.087825774000123, -6.784993171999929 ], [ 39.08780670100009, -6.78492307599987 ], [ 39.087795258000085, -6.78482341699987 ], [ 39.087718964000032, -6.784636019999937 ], [ 39.087604523000039, -6.78435277899996 ], [ 39.087562562000016, -6.784255504999976 ], [ 39.087177276000148, -6.783617019999895 ], [ 39.086959838999974, -6.783253669999965 ], [ 39.086696624000126, -6.782985209999936 ], [ 39.086765289000084, -6.782901763999973 ], [ 39.086868287000073, -6.78280925699994 ], [ 39.086978912000063, -6.782730102999892 ], [ 39.08711242600009, -6.78264665699993 ], [ 39.087284088999979, -6.782553194999821 ], [ 39.087326050000172, -6.782493591999923 ], [ 39.087360381999986, -6.782423495999922 ], [ 39.087368012000127, -6.782350539999925 ], [ 39.087314605000017, -6.782259940999893 ], [ 39.087104798000155, -6.782004356999948 ], [ 39.086765289000084, -6.781558512999936 ], [ 39.086750031000065, -6.781526088999897 ], [ 39.086753846000079, -6.781497000999934 ], [ 39.086746216000165, -6.781466483999964 ], [ 39.086761474000184, -6.781429289999892 ], [ 39.086772920000044, -6.781332969999937 ], [ 39.086853028000121, -6.781163214999935 ], [ 39.087024689000032, -6.780899046999934 ], [ 39.087093352000124, -6.78053665099992 ], [ 39.087039947000051, -6.779976843999975 ], [ 39.087032317000137, -6.779525755999884 ], [ 39.086982727000134, -6.77925586799995 ], [ 39.087051393000081, -6.779294966999885 ], [ 39.087093352000124, -6.779265402999897 ], [ 39.087394714000027, -6.779257772999927 ], [ 39.087551116000157, -6.779253959999949 ], [ 39.087955475000115, -6.779324053999972 ], [ 39.088195801000097, -6.779288768999891 ], [ 39.088581085000044, -6.779048917999944 ], [ 39.088996887000121, -6.778644561999954 ], [ 39.089290618000177, -6.778234481999959 ], [ 39.089519501000041, -6.778017996999893 ], [ 39.089248658000088, -6.777624128999946 ], [ 39.088851929000043, -6.776990413999897 ], [ 39.088577270000144, -6.776380537999955 ], [ 39.088470459000121, -6.775904177999905 ], [ 39.088420867000082, -6.775527477999901 ], [ 39.088382720000027, -6.775206087999948 ], [ 39.088390350000111, -6.775135516999967 ], [ 39.088401794, -6.77489948199991 ], [ 39.088428497000166, -6.77468919699993 ], [ 39.088451386000031, -6.77448654199992 ], [ 39.088500976000034, -6.774143695999896 ], [ 39.088546753, -6.773933885999952 ], [ 39.088619231000166, -6.773712634999924 ], [ 39.088649750000116, -6.77342176399992 ], [ 39.08868789700017, -6.773222444999874 ], [ 39.088645935000045, -6.773057936999862 ], [ 39.088634492000097, -6.772926330999894 ], [ 39.088592529999971, -6.772842406999871 ], [ 39.088558196000179, -6.772708892999958 ], [ 39.08849716300017, -6.7726440429999 ], [ 39.088478089000034, -6.772602557999903 ], [ 39.088420867000082, -6.772564411999952 ], [ 39.088230133000138, -6.772370814999931 ], [ 39.087970733000134, -6.772267340999974 ], [ 39.087924956000165, -6.772235868999871 ], [ 39.087261200000171, -6.771997452999869 ], [ 39.087203980000027, -6.771982191999939 ], [ 39.0870666510001, -6.771932124999978 ], [ 39.085994721000077, -6.771646498999871 ], [ 39.085765838000043, -6.771581648999927 ], [ 39.084480284999984, -6.771234511999978 ], [ 39.083805083000072, -6.771157740999911 ], [ 39.083667754000032, -6.771142004999945 ], [ 39.083591461000026, -6.771379946999957 ], [ 39.083358765000128, -6.771363734999909 ], [ 39.08235931300004, -6.771452426999872 ], [ 39.080986023000094, -6.771310805999974 ], [ 39.080459594000104, -6.771082399999898 ], [ 39.080528260000108, -6.770809649999933 ], [ 39.080173493000189, -6.770690916999968 ], [ 39.080013275000056, -6.770637033999947 ], [ 39.079376221000132, -6.770455359999971 ], [ 39.078823090000071, -6.770356177999872 ], [ 39.078304290000119, -6.770071029999883 ], [ 39.078193665000128, -6.770009039999934 ], [ 39.078090668000073, -6.769967079999901 ], [ 39.078056336000031, -6.769952296999918 ], [ 39.077823638000154, -6.769810675999963 ], [ 39.077709198000093, -6.769801616999928 ], [ 39.077308654000035, -6.769769667999924 ], [ 39.076766968000129, -6.769808769999941 ], [ 39.076103210000099, -6.769926547999944 ], [ 39.075809479000043, -6.769959449999931 ], [ 39.07572555500019, -6.769968984999878 ], [ 39.075664519000156, -6.769976137999947 ], [ 39.075046540000073, -6.769959449999931 ], [ 39.07449340900007, -6.769711492999932 ], [ 39.074153901000045, -6.769377707999979 ], [ 39.073944091000044, -6.769124507999948 ], [ 39.073566436000192, -6.768029211999874 ], [ 39.073181153000178, -6.767297267999879 ], [ 39.072868348000156, -6.76657533599996 ], [ 39.07257080200003, -6.765727518999938 ], [ 39.072551728000064, -6.765496252999924 ], [ 39.072490693000077, -6.764716148999923 ], [ 39.072490693000077, -6.764326572999948 ], [ 39.072547913, -6.763794420999886 ], [ 39.072906495000041, -6.762825487999919 ], [ 39.073181153000178, -6.762066839999932 ], [ 39.073326109999982, -6.761476992999974 ], [ 39.073299408000082, -6.761459350999928 ], [ 39.073326109999982, -6.761341570999889 ], [ 39.07342147900016, -6.761027335999927 ], [ 39.0735626230001, -6.759996412999953 ], [ 39.07346725400015, -6.758933542999955 ], [ 39.073368072000108, -6.758190630999934 ], [ 39.073135376000039, -6.756731509999838 ], [ 39.073020935000045, -6.755633830999955 ], [ 39.072860718000072, -6.754710197999941 ], [ 39.072628022000174, -6.753834723999944 ], [ 39.072528840000132, -6.753320692999978 ], [ 39.072586060000049, -6.752834319999977 ], [ 39.072631837000188, -6.752347946999976 ], [ 39.072696685000039, -6.752090929999895 ], [ 39.072441101000038, -6.750123022999901 ], [ 39.072170258000142, -6.747877597999832 ], [ 39.071987152000077, -6.746959208999954 ], [ 39.071773529000041, -6.746968269999911 ], [ 39.070896148000031, -6.746959208999954 ], [ 39.070087433000026, -6.746897696999952 ], [ 39.069419861000029, -6.747002601999895 ], [ 39.068180084000176, -6.747196672999962 ], [ 39.063770294, -6.748593330999881 ], [ 39.058849334000172, -6.749619960999951 ], [ 39.057865143000186, -6.749586581999836 ], [ 39.05754089300018, -6.749716758999966 ], [ 39.05721283000014, -6.74985074999995 ], [ 39.057041169000058, -6.749946593999937 ], [ 39.056766511000035, -6.749987601999976 ], [ 39.05628585900007, -6.750059604999876 ], [ 39.055694581000182, -6.750255106999816 ], [ 39.055053711000085, -6.7504024509999 ], [ 39.0545158380001, -6.750541209999938 ], [ 39.054374694000103, -6.750708102999965 ], [ 39.054363251000154, -6.750570773999925 ], [ 39.054382324000073, -6.750396727999885 ], [ 39.054382324000073, -6.750304220999965 ], [ 39.054378509000173, -6.750211714999978 ], [ 39.054321289000086, -6.749973295999951 ], [ 39.054260254000098, -6.749691484999971 ], [ 39.054122925000172, -6.749501228999975 ], [ 39.054061889000081, -6.749423502999946 ], [ 39.053993225999989, -6.749402045999943 ], [ 39.053890229000103, -6.749415874999897 ], [ 39.053718566000043, -6.74947166499993 ], [ 39.053535462000127, -6.749573706999911 ], [ 39.053428650000171, -6.74958562799992 ], [ 39.053222655000127, -6.749680994999892 ], [ 39.052986144000158, -6.749753474999977 ], [ 39.052841187000183, -6.74983358399993 ], [ 39.052707671000121, -6.749843119999923 ], [ 39.052619934000063, -6.74974250799994 ], [ 39.052608489000079, -6.749538897999969 ], [ 39.052635193000185, -6.749402045999943 ], [ 39.052684785, -6.749302863999958 ], [ 39.052822114000094, -6.749083041999938 ], [ 39.052879334000011, -6.748938559999942 ], [ 39.052917481000065, -6.748806953999974 ], [ 39.052932739000084, -6.748667716999933 ], [ 39.052936554000155, -6.748453139999924 ], [ 39.052951812000174, -6.748281478999957 ], [ 39.052951812000174, -6.748209 ], [ 39.052944184000069, -6.747967718999917 ], [ 39.052928924000071, -6.747841835999964 ], [ 39.052909851000152, -6.747747898999933 ], [ 39.052879334000011, -6.747689245999879 ], [ 39.052829742000029, -6.747654436999937 ], [ 39.05275344800009, -6.747641085999874 ], [ 39.052661896000188, -6.747635363999962 ], [ 39.052513122000107, -6.74764347099989 ], [ 39.052391051000029, -6.74768114099993 ], [ 39.052288056000123, -6.747749328999873 ], [ 39.05204773000014, -6.747804641999835 ], [ 39.051841735000096, -6.747841835999964 ], [ 39.051715852000029, -6.747833727999932 ], [ 39.051570893000019, -6.747780322999972 ], [ 39.051506042000085, -6.747678279999946 ], [ 39.051342010000042, -6.747565745999964 ], [ 39.051204681000115, -6.747509479999906 ], [ 39.050975800000117, -6.747442721999903 ], [ 39.050781251000103, -6.747351169999945 ], [ 39.050670623000144, -6.747271060999935 ], [ 39.050575256000172, -6.747075079999945 ], [ 39.050525666000169, -6.746898173999966 ], [ 39.05047988900003, -6.74672698899991 ], [ 39.050426484000127, -6.746590136999885 ], [ 39.050392150000107, -6.746426581999856 ], [ 39.05014801100009, -6.7460889809999 ], [ 39.050022125000169, -6.74594402199989 ], [ 39.049900055000194, -6.745772360999979 ], [ 39.049835204000033, -6.745676039999921 ], [ 39.049797056999978, -6.7456221569999 ], [ 39.049606323000035, -6.745453356999974 ], [ 39.04948425300006, -6.745327472999975 ], [ 39.049446106000175, -6.745258806999971 ], [ 39.049400329000036, -6.745204924999939 ], [ 39.049285888000099, -6.745075225999926 ], [ 39.049224853000112, -6.745006082999907 ], [ 39.049011230000076, -6.744619369999896 ], [ 39.048961640000073, -6.744353294999883 ], [ 39.048950195000089, -6.744129656999974 ], [ 39.048927306000053, -6.743888854999909 ], [ 39.048778534000178, -6.743657111999937 ], [ 39.048606874000029, -6.743510722999929 ], [ 39.048305512000127, -6.743588446999922 ], [ 39.047912599000028, -6.743797778999863 ], [ 39.047637939000083, -6.743777274999957 ], [ 39.047561645000144, -6.743738650999944 ], [ 39.047481536000191, -6.743699549999974 ], [ 39.047260283000071, -6.743589400999952 ], [ 39.047172547000116, -6.743577002999871 ], [ 39.047084808000193, -6.743564604999904 ], [ 39.046802522000121, -6.743568897999921 ], [ 39.046417236000025, -6.743581293999966 ], [ 39.046161652000194, -6.743577002999871 ], [ 39.045883179000157, -6.743572710999956 ], [ 39.045646668000074, -6.743601321999961 ], [ 39.045444488000044, -6.74359750699989 ], [ 39.045207977000075, -6.743556499999954 ], [ 39.045055390000186, -6.743454454999949 ], [ 39.044994354000096, -6.743343829999958 ], [ 39.045047760000045, -6.743233679999889 ], [ 39.045116425000174, -6.743119239999942 ], [ 39.045215606999989, -6.742980479999915 ], [ 39.045345306000172, -6.742845533999855 ], [ 39.045448303000057, -6.742702484999938 ], [ 39.045497893000118, -6.742543219999959 ], [ 39.045516969000062, -6.74240016899995 ], [ 39.045478820000028, -6.742281437999964 ], [ 39.045417787000019, -6.742195605999882 ], [ 39.045276643000079, -6.742089270999884 ], [ 39.045177460000161, -6.742060659999936 ], [ 39.044986724000182, -6.741979120999929 ], [ 39.044879914000035, -6.741946219999875 ], [ 39.044788360000098, -6.741872785999931 ], [ 39.044750213000043, -6.741774558999964 ], [ 39.044685362999985, -6.741652010999928 ], [ 39.044624329000101, -6.741525649999971 ], [ 39.044578552000132, -6.741419314999973 ], [ 39.04453659100011, -6.741333483999881 ], [ 39.044483185000161, -6.741239546999907 ], [ 39.044437408000192, -6.741188525999974 ], [ 39.044391631000053, -6.741137503999937 ], [ 39.044345856000064, -6.741337298999952 ], [ 39.044246674000021, -6.741488932999971 ], [ 39.044273034989779, -6.741358375092146 ], [ 39.0443932, -6.7411164 ], [ 39.0444501, -6.7407689 ], [ 39.0443676, -6.7405861 ], [ 39.044129, -6.7399297 ], [ 39.0440881, -6.7396996 ], [ 39.0440094, -6.739406 ], [ 39.04408, -6.7393111 ], [ 39.0441187, -6.739265 ], [ 39.0443657, -6.7390907 ], [ 39.0447615, -6.7388795 ], [ 39.0453868, -6.7385812 ], [ 39.0455372, -6.7385095 ], [ 39.046147, -6.7382693 ], [ 39.0463249, -6.7381992 ], [ 39.0468142, -6.7381038 ], [ 39.0471603, -6.7379009 ], [ 39.0471125, -6.737507 ], [ 39.0466352, -6.73697 ], [ 39.046614420521379, -6.736965295460335 ], [ 39.04660034200009, -6.736949442999958 ], [ 39.045992547249703, -6.736812140165581 ], [ 39.0457878, -6.7365165 ], [ 39.0458714, -6.7359078 ], [ 39.0461459, -6.7355737 ], [ 39.0462594, -6.7353933 ], [ 39.0462708, -6.7353753 ], [ 39.0463488, -6.7352514 ], [ 39.0462791, -6.7350768 ], [ 39.0461817, -6.7348934 ], [ 39.046147489740498, -6.734875157925302 ], [ 39.046146393000129, -6.734872817999928 ], [ 39.045643395434894, -6.734604820150529 ], [ 39.045394, -6.7341535 ], [ 39.0452985, -6.7336284 ], [ 39.0454656, -6.7330794 ], [ 39.0457461, -6.7328765 ], [ 39.0460265, -6.7326736 ], [ 39.0468142, -6.732423 ], [ 39.0477928, -6.7321485 ], [ 39.0487595, -6.7318382 ], [ 39.0493204, -6.7316234 ], [ 39.0495472, -6.7315399 ], [ 39.0500717, -6.7312781 ], [ 39.0504426, -6.7309205 ], [ 39.0505206, -6.7306585 ], [ 39.0505287, -6.7305231 ], [ 39.0506148, -6.7301258 ], [ 39.0505353, -6.7298675 ], [ 39.0504559, -6.7296092 ], [ 39.0502291, -6.7294259 ], [ 39.0495713, -6.728522 ], [ 39.0495155, -6.7284304 ], [ 39.0496413, -6.728033 ], [ 39.0496855, -6.7278934 ], [ 39.0497221, -6.7277778 ], [ 39.0497671, -6.7276357 ], [ 39.0499658, -6.7275231 ], [ 39.0501399, -6.7274244 ], [ 39.0501717, -6.7274126 ], [ 39.0502033, -6.7273828 ], [ 39.050208833724056, -6.727379824724989 ], [ 39.050399780000021, -6.727355955999883 ], [ 39.050449370000081, -6.72735023499996 ], [ 39.050535845922198, -6.727307447900032 ], [ 39.0506752, -6.7273147 ], [ 39.0508434, -6.7271989 ], [ 39.0511022, -6.7270768 ], [ 39.0515023, -6.7268674 ], [ 39.0518313, -6.7266501 ], [ 39.052138, -6.7264171 ], [ 39.052235, -6.7262372 ], [ 39.0523082, -6.7260432 ], [ 39.0522806, -6.7258496 ], [ 39.052215, -6.725717 ], [ 39.0521089, -6.7256592 ], [ 39.0519354, -6.7256945 ], [ 39.0516744, -6.7255694 ], [ 39.0515155, -6.7249601 ], [ 39.0517237, -6.7246271 ], [ 39.0517826, -6.7245469 ], [ 39.0519791, -6.7242184 ], [ 39.0528665, -6.7235429 ], [ 39.0531916, -6.7233214 ], [ 39.0540719, -6.7227216 ], [ 39.054946, -6.7219534 ], [ 39.0557049, -6.7215249 ], [ 39.0560252, -6.721344 ], [ 39.0560719, -6.7213176 ], [ 39.0560835, -6.7213178 ], [ 39.0566707, -6.7213253 ], [ 39.0569078, -6.7213284 ], [ 39.05707876977322, -6.721330567466699 ], [ 39.057125091000046, -6.7214641569999 ], [ 39.057376862000183, -6.722173690999909 ], [ 39.05743789700017, -6.722349643999905 ], [ 39.057469086350643, -6.722435770565718 ], [ 39.0574539, -6.7224797 ], [ 39.0574626, -6.7227249 ], [ 39.0575357, -6.7229069 ], [ 39.0576585, -6.7230014 ], [ 39.0577523, -6.7230487 ], [ 39.0580553, -6.7230433 ], [ 39.0582813, -6.72317 ], [ 39.0586692, -6.7232054 ], [ 39.0589981, -6.7230408 ], [ 39.0593075, -6.7228082 ], [ 39.0596945, -6.7222316 ], [ 39.0597955, -6.7220589 ], [ 39.060001953392543, -6.721625851420516 ], [ 39.060062408000192, -6.721521854999878 ], [ 39.060150147000058, -6.721402644999955 ], [ 39.060394286000076, -6.721071718999951 ], [ 39.060419626801284, -6.720987602620783 ], [ 39.0605456, -6.7208749 ], [ 39.0609392, -6.7205225 ], [ 39.0608134, -6.7200447 ], [ 39.0606548, -6.7197415 ], [ 39.0606548, -6.7189467 ], [ 39.0605356, -6.7179798 ], [ 39.0605886, -6.7174633 ], [ 39.0605513, -6.7171239 ], [ 39.0604976, -6.7166345 ], [ 39.0604694, -6.7163771 ], [ 39.0604451, -6.716355 ], [ 39.060019, -6.7159665 ], [ 39.060003742818772, -6.715961879833625 ], [ 39.059986115000186, -6.715945720999912 ], [ 39.059669495000094, -6.715849876999926 ], [ 39.05910873400012, -6.715680598999938 ], [ 39.058223724000072, -6.71541595399998 ], [ 39.057811738000112, -6.715184210999894 ], [ 39.057601928000167, -6.71505880199993 ], [ 39.057571462271447, -6.715028491599672 ], [ 39.0575816, -6.714991 ], [ 39.0575961, -6.7149238 ], [ 39.0576297, -6.7148448 ], [ 39.0576545, -6.7147888 ], [ 39.0576649, -6.7146926 ], [ 39.0576407, -6.7146587 ], [ 39.0576831, -6.7144992 ], [ 39.0576269, -6.7143565 ], [ 39.0578176, -6.7139394 ], [ 39.0578771, -6.7127518 ], [ 39.058294, -6.7117268 ], [ 39.0585179, -6.7114602 ], [ 39.058591474726619, -6.711423644811536 ], [ 39.059280396000133, -6.71132516699987 ], [ 39.059543609000173, -6.711287497999876 ], [ 39.059688568000126, -6.711180687999843 ], [ 39.060119628000109, -6.711052416999962 ], [ 39.060714721000068, -6.710970877999955 ], [ 39.061225890000173, -6.710668086999874 ], [ 39.061283113000172, -6.710214137999969 ], [ 39.061253679300265, -6.71004198393701 ], [ 39.0614225, -6.7099448 ], [ 39.0616332, -6.7091137 ], [ 39.0614506, -6.7078792 ], [ 39.0612112, -6.7071731 ], [ 39.0608382, -6.7062361 ], [ 39.0609133, -6.7060296 ], [ 39.060975, -6.705975 ], [ 39.0608076, -6.705671 ], [ 39.0605968, -6.7053623 ], [ 39.0605405, -6.7051519 ], [ 39.0605792, -6.7050209 ], [ 39.0605538, -6.7048535 ], [ 39.0605056, -6.7045871 ], [ 39.060527, -6.7044379 ], [ 39.0603715, -6.7040623 ], [ 39.0602749, -6.7035881 ], [ 39.0603407, -6.7032492 ], [ 39.0605297, -6.7029515 ], [ 39.0606239, -6.7026681 ], [ 39.060684180890867, -6.702579997159499 ], [ 39.062377928999979, -6.70252942999997 ], [ 39.063228607000042, -6.702750682999977 ], [ 39.063812256000119, -6.702901839999981 ], [ 39.064579010000159, -6.703088283999932 ], [ 39.064896229701503, -6.703319714070926 ], [ 39.065185, -6.7035307 ] ] ] ] } },
{ "type": "Feature", "properties": { "GID_3": "TZA.2.2.22_1", "GID_0": "TZA", "COUNTRY": "Tanzania", "GID_1": "TZA.2_1", "NAME_1": "Dar es Salaam", "NL_NAME_1": "NA", "GID_2": "TZA.2.2_1", "NAME_2": "Kinondoni", "NL_NAME_2": "NA", "NAME_3": "Mburahati", "VARNAME_3": "NA", "NL_NAME_3": "NA", "TYPE_3": "Wodi", "ENGTYPE_3": "Ward", "CC_3": "202", "HASC_3": "NA", "Area_km²": 1.113, "pop_densit": 23553.459, "population": 26215 }, "geometry": { "type": "MultiPolygon", "coordinates": [ [ [ [ 39.2500726, -6.8108313 ], [ 39.2506433, -6.8118685 ], [ 39.2508917, -6.8121928 ], [ 39.2513212, -6.8123335 ], [ 39.2513136, -6.8124098 ], [ 39.25200235924526, -6.812695739444242 ], [ 39.252002717000153, -6.812695979999944 ], [ 39.252003121283423, -6.812696055805541 ], [ 39.2521386, -6.8127523 ], [ 39.252207652671061, -6.812767777589946 ], [ 39.252231598000151, -6.812787531999959 ], [ 39.252326965000123, -6.812839030999953 ], [ 39.252426147000165, -6.812901973999942 ], [ 39.252475739000033, -6.812936305999926 ], [ 39.252506256000117, -6.812964914999952 ], [ 39.252830506000123, -6.813182352999945 ], [ 39.253284455000141, -6.813657282999884 ], [ 39.253631591000101, -6.814005850999934 ], [ 39.25403976500013, -6.814337729999977 ], [ 39.25414657500005, -6.814412117999893 ], [ 39.254226684, -6.81445789299994 ], [ 39.254227516574097, -6.814466842680306 ], [ 39.254222768562606, -6.814497551655862 ], [ 39.253932953000174, -6.814446926999949 ], [ 39.253784181000071, -6.814414977999945 ], [ 39.253669738000156, -6.814391611999895 ], [ 39.253616333000082, -6.814386843999955 ], [ 39.25356022681904, -6.814413028191825 ], [ 39.253547255717564, -6.814412510444978 ], [ 39.253482819000055, -6.814406871999893 ], [ 39.253337860000045, -6.814398288999826 ], [ 39.253223419000051, -6.81437683099989 ], [ 39.253105164000146, -6.814367292999918 ], [ 39.252956390000065, -6.81434011399989 ], [ 39.252761840000176, -6.814368247999937 ], [ 39.252513886000088, -6.81434011399989 ], [ 39.252460478999978, -6.814340591999951 ], [ 39.252292633000138, -6.814343451999889 ], [ 39.252101898999967, -6.814326285999925 ], [ 39.252033234000066, -6.814303397999879 ], [ 39.251941682000165, -6.814254282999968 ], [ 39.251857758000142, -6.81419563299994 ], [ 39.251770019000048, -6.81413936499996 ], [ 39.251667022000163, -6.814068793999979 ], [ 39.251575470000034, -6.814017296999907 ], [ 39.251407624000194, -6.81396818199994 ], [ 39.251251220000029, -6.813921451999875 ], [ 39.251201630000025, -6.813896655999883 ], [ 39.251144409000176, -6.813870429999952 ], [ 39.251022339000031, -6.813842295999905 ], [ 39.250923157000159, -6.813879012999848 ], [ 39.25087738000019, -6.813867091999839 ], [ 39.25085067800012, -6.813858986999946 ], [ 39.250789643000132, -6.813834665999821 ], [ 39.250743866000164, -6.813818454999875 ], [ 39.25070953400018, -6.81381130199992 ], [ 39.250667572000054, -6.813801763999948 ], [ 39.250621795000086, -6.813836573999879 ], [ 39.250568390000012, -6.813862799999924 ], [ 39.25054550200008, -6.813911913999902 ], [ 39.25046920799997, -6.813919066999972 ], [ 39.250385284000174, -6.813905238999951 ], [ 39.250259400000061, -6.81386995299988 ], [ 39.25018692000009, -6.813766954999892 ], [ 39.250106811000137, -6.813663482999971 ], [ 39.250011444000108, -6.813537121999957 ], [ 39.249954224000192, -6.81348085399992 ], [ 39.249820710000165, -6.813426971999945 ], [ 39.249694824000073, -6.81338024199988 ], [ 39.249591827000131, -6.813401222999914 ], [ 39.249549865000063, -6.813417433999916 ], [ 39.249500275, -6.813436506999892 ], [ 39.249473571000124, -6.813453197999877 ], [ 39.249416351000036, -6.813525198999969 ], [ 39.249382019, -6.813539981999952 ], [ 39.24928283700018, -6.813588618999972 ], [ 39.249202729000103, -6.813635348999924 ], [ 39.249156952000135, -6.813661574999969 ], [ 39.249103546000129, -6.813718794999886 ], [ 39.249080658000025, -6.813749788999814 ], [ 39.249046326000041, -6.813790798999833 ], [ 39.248981475999983, -6.813834190999955 ], [ 39.248928071000137, -6.813879012999848 ], [ 39.248878479000098, -6.813898085999938 ], [ 39.248847962000127, -6.813910961999909 ], [ 39.248714448000101, -6.813990592999914 ], [ 39.24861907900015, -6.814029216999927 ], [ 39.248603821000131, -6.814052580999885 ], [ 39.248508453000056, -6.814051627999902 ], [ 39.248424530000079, -6.814059733999954 ], [ 39.248332978000178, -6.814100265999969 ], [ 39.248245239000084, -6.814125536999882 ], [ 39.248180388000151, -6.814145087999918 ], [ 39.248153687000183, -6.814153192999981 ], [ 39.248100282000109, -6.814181804999919 ], [ 39.248062133000076, -6.814199447999954 ], [ 39.248039246000189, -6.814215182999931 ], [ 39.247966766000047, -6.814302919999932 ], [ 39.247886657000095, -6.814436911999906 ], [ 39.247821809000072, -6.814542768999956 ], [ 39.247783662000188, -6.814623832999928 ], [ 39.247638703000177, -6.814703463999933 ], [ 39.247528075000105, -6.814798355999869 ], [ 39.247409819999973, -6.814857958999937 ], [ 39.247367860000054, -6.81487607999992 ], [ 39.247314453000172, -6.814890859999878 ], [ 39.247264863000169, -6.814909457999931 ], [ 39.24721527100013, -6.814947127999915 ], [ 39.247138977000077, -6.814999579999949 ], [ 39.247055053000054, -6.815037249999932 ], [ 39.247013091000099, -6.815041064999889 ], [ 39.24697113100018, -6.81505250999993 ], [ 39.246894836000024, -6.815056322999908 ], [ 39.246822357000156, -6.815074920999962 ], [ 39.246753694000063, -6.815091131999964 ], [ 39.246715545000029, -6.815149306999956 ], [ 39.246696471, -6.815191744999936 ], [ 39.24663543600002, -6.815235613999903 ], [ 39.246570588000168, -6.815281867999943 ], [ 39.246513367000148, -6.815300463999961 ], [ 39.24645233200016, -6.815325259999952 ], [ 39.246387482000159, -6.815349578999928 ], [ 39.246356965000189, -6.815355776999979 ], [ 39.246253968000076, -6.815383910999913 ], [ 39.246162413999969, -6.815398215999949 ], [ 39.246131897000055, -6.815406321999831 ], [ 39.2460899350001, -6.815421104999871 ], [ 39.246047973000032, -6.81543636299989 ], [ 39.246021272, -6.815458773999978 ], [ 39.245956421000074, -6.81549739899998 ], [ 39.245925903000057, -6.815482139999972 ], [ 39.245880128000067, -6.815515994999942 ], [ 39.245849609000118, -6.815523624999855 ], [ 39.245815277000133, -6.815543650999928 ], [ 39.245807647000049, -6.815576076999946 ], [ 39.245815277000133, -6.815618036999922 ], [ 39.245807647000049, -6.815690039999936 ], [ 39.245807647000049, -6.815825461999964 ], [ 39.245777130000079, -6.815856932999964 ], [ 39.245735169000056, -6.815874575999942 ], [ 39.245677948000036, -6.815891264999891 ], [ 39.24554443400018, -6.815898894999975 ], [ 39.245388030000015, -6.815919875999953 ], [ 39.245311736000133, -6.81592750599998 ], [ 39.24523925799997, -6.815934656999957 ], [ 39.245162964000087, -6.815983295999956 ], [ 39.245121517475013, -6.816006177284895 ], [ 39.24511572671166, -6.816008694387455 ], [ 39.245067597000059, -6.816012859999944 ], [ 39.244995117000144, -6.816040515999873 ], [ 39.244953155000189, -6.816084860999922 ], [ 39.244907380000086, -6.816116809999926 ], [ 39.244891040181301, -6.816139481086186 ], [ 39.244721382183393, -6.816277403260415 ], [ 39.244667053000171, -6.81631135899994 ], [ 39.244602203000113, -6.816361903999848 ], [ 39.244541168000126, -6.816423416999953 ], [ 39.244476319000171, -6.816497325999933 ], [ 39.244445801000154, -6.816573618999939 ], [ 39.244436313911976, -6.816592742087233 ], [ 39.244312622458956, -6.816720303461753 ], [ 39.244289398000092, -6.816734313999916 ], [ 39.244174958000031, -6.816749094999977 ], [ 39.24403381400009, -6.816743373999941 ], [ 39.243999482000106, -6.816742896999926 ], [ 39.243984478450749, -6.816742709391663 ], [ 39.243954090736494, -6.816740638169761 ], [ 39.243843078000111, -6.816713332999882 ], [ 39.24366760200013, -6.816692351999905 ], [ 39.243576050000058, -6.81671524099994 ], [ 39.243488311000135, -6.816729545999976 ], [ 39.24334335400016, -6.81676101599993 ], [ 39.243286134000016, -6.81676721599996 ], [ 39.243221283000082, -6.816774367999869 ], [ 39.243167878000179, -6.816784858999938 ], [ 39.243057251000039, -6.816806314999951 ], [ 39.242988587000184, -6.816814422999869 ], [ 39.242877959999987, -6.816842556999916 ], [ 39.242801666000105, -6.816862104999927 ], [ 39.242717742000082, -6.816900729999929 ], [ 39.242511750000062, -6.816978930999937 ], [ 39.242336274000138, -6.81703710599993 ], [ 39.24221420300006, -6.817063806999897 ], [ 39.241954803999988, -6.817092895999906 ], [ 39.241706846999989, -6.817122934999929 ], [ 39.241653442000143, -6.817120074999934 ], [ 39.241615296000191, -6.817117689999918 ], [ 39.24155044500003, -6.817092895999906 ], [ 39.241474151000148, -6.817063806999897 ], [ 39.241310119000048, -6.816999911999972 ], [ 39.241184235000105, -6.816962719999822 ], [ 39.241153717000088, -6.816960811999934 ], [ 39.24106216500013, -6.816960811999934 ], [ 39.240898132000154, -6.816988467999977 ], [ 39.240398406, -6.817257403999974 ], [ 39.240299224000182, -6.817353247999961 ], [ 39.239803313000095, -6.817771909999976 ], [ 39.239784240000176, -6.817741393999938 ], [ 39.239547729000094, -6.817491054999948 ], [ 39.239372253000113, -6.817278384999895 ], [ 39.239238739000086, -6.817153453999879 ], [ 39.239002228000118, -6.816933630999813 ], [ 39.238807679000104, -6.816798209999888 ], [ 39.238769532000049, -6.816768167999953 ], [ 39.23872375500008, -6.816736221999975 ], [ 39.238693236000131, -6.81671524099994 ], [ 39.238658905000079, -6.816689013999905 ], [ 39.238727570000151, -6.816540717999885 ], [ 39.23874664300007, -6.816500662999943 ], [ 39.238796234000176, -6.816384314999937 ], [ 39.238807679000104, -6.816358565999906 ], [ 39.238895416, -6.816189765999979 ], [ 39.238956450999979, -6.816052911999861 ], [ 39.239044190000072, -6.815820215999963 ], [ 39.239109038000095, -6.815624713999966 ], [ 39.238994598000033, -6.815642355999898 ], [ 39.238956450999979, -6.815644262999967 ], [ 39.238876342000026, -6.815649507999979 ], [ 39.238784790000068, -6.815693377999935 ], [ 39.238708497000061, -6.815752027999906 ], [ 39.238647461000028, -6.815766810999889 ], [ 39.238498687000117, -6.815793989999918 ], [ 39.238361358000077, -6.815771101999815 ], [ 39.238281249000067, -6.815728186999877 ], [ 39.238235474000135, -6.815699577999908 ], [ 39.238143920000027, -6.815729141999896 ], [ 39.23805999700005, -6.815690994999954 ], [ 39.237937928000179, -6.815649032999943 ], [ 39.237834931000123, -6.815599440999904 ], [ 39.237781526000049, -6.815481662999957 ], [ 39.237766265000118, -6.815451143999894 ], [ 39.237739564000094, -6.81540012399995 ], [ 39.237720490000129, -6.815276622999932 ], [ 39.237720490000129, -6.81521415799989 ], [ 39.237716675000115, -6.815131186999963 ], [ 39.237720490000129, -6.815050602999975 ], [ 39.237724303, -6.814992427999869 ], [ 39.237724303, -6.814937114999907 ], [ 39.237728118000064, -6.814873218999935 ], [ 39.237716675000115, -6.814794540999912 ], [ 39.237701417000096, -6.814734934999876 ], [ 39.237682343000074, -6.814694403999965 ], [ 39.23767471300016, -6.814660071999981 ], [ 39.237655640000128, -6.814607141999943 ], [ 39.237640382000109, -6.814560411999935 ], [ 39.237625121000178, -6.814486980999959 ], [ 39.237632751000092, -6.814441203999934 ], [ 39.23759460500014, -6.814404964999937 ], [ 39.237556458000086, -6.814327238999965 ], [ 39.23753356900005, -6.81429147699987 ], [ 39.237495422000165, -6.814222811999969 ], [ 39.237453461000143, -6.814183234999973 ], [ 39.237358093000068, -6.814126491999957 ], [ 39.237335205000136, -6.814107417999935 ], [ 39.237308501000086, -6.814086436999958 ], [ 39.237251281000113, -6.814043520999974 ], [ 39.237213134000058, -6.813996315999873 ], [ 39.237174988000106, -6.813968656999975 ], [ 39.237075805000188, -6.813911913999902 ], [ 39.23701477000003, -6.813872814999968 ], [ 39.236930846000178, -6.813829897999938 ], [ 39.236873626000033, -6.813738345999923 ], [ 39.236835479000035, -6.813664912999968 ], [ 39.236785888999975, -6.813566684999955 ], [ 39.236755370000026, -6.813500404999957 ], [ 39.236701965000179, -6.813442229999964 ], [ 39.236671449000141, -6.81341171299988 ], [ 39.236637115000121, -6.813364505999971 ], [ 39.236591340000132, -6.813307285999883 ], [ 39.236579894999977, -6.813252448999947 ], [ 39.236591340000132, -6.813155173999974 ], [ 39.236606598000151, -6.813083647999918 ], [ 39.236606598000151, -6.813022136999905 ], [ 39.236579894999977, -6.812935350999908 ], [ 39.236515044000043, -6.812865732999853 ], [ 39.236476896999989, -6.812808512999936 ], [ 39.236419677000072, -6.812772750999954 ], [ 39.236385345000087, -6.812762259999886 ], [ 39.236312867000095, -6.812745094999968 ], [ 39.236236573000042, -6.812751292999963 ], [ 39.236171723000155, -6.812697409999942 ], [ 39.236145019000105, -6.812681673999975 ], [ 39.236110688000167, -6.81267404599987 ], [ 39.236068726000099, -6.812675475999981 ], [ 39.236015320000092, -6.812700747999941 ], [ 39.235977174000141, -6.812707422999893 ], [ 39.235931397000172, -6.812683581999977 ], [ 39.235893250000117, -6.812671183999896 ], [ 39.235858918000133, -6.812660217999962 ], [ 39.235824584000113, -6.812648294999974 ], [ 39.235794068000075, -6.812626838999961 ], [ 39.235767364000026, -6.812636851999912 ], [ 39.235729217000141, -6.812620638999931 ], [ 39.235698701000103, -6.812584399999935 ], [ 39.235649109000065, -6.812552927999889 ], [ 39.23561477700008, -6.812512873999879 ], [ 39.235580445000096, -6.812494754999875 ], [ 39.235530853000057, -6.812463758999968 ], [ 39.235485076000089, -6.812443732999952 ], [ 39.235431671000015, -6.812420366999959 ], [ 39.235370636000027, -6.812373636999894 ], [ 39.235340119000114, -6.812342642999909 ], [ 39.235309600000164, -6.812304496999957 ], [ 39.235248565000177, -6.812211511999976 ], [ 39.235191345000032, -6.812115669999969 ], [ 39.235157013000048, -6.812041281999939 ], [ 39.23511505100015, -6.811927795999964 ], [ 39.235107423000045, -6.81184005699987 ], [ 39.235069274000182, -6.811754702999963 ], [ 39.235031127000127, -6.811678409999956 ], [ 39.235004426000103, -6.811638832999961 ], [ 39.23492050200008, -6.811618803999977 ], [ 39.234844208000027, -6.811607360999915 ], [ 39.234786988000053, -6.81159353299995 ], [ 39.23475265400009, -6.811567781999941 ], [ 39.234695434000116, -6.811551093999981 ], [ 39.234661102000132, -6.81152534499995 ], [ 39.234622955000077, -6.811462878999976 ], [ 39.234603882000044, -6.81140613499997 ], [ 39.234607697000058, -6.811324117999902 ], [ 39.234603882000044, -6.811278820999974 ], [ 39.234615325000163, -6.811252594999871 ], [ 39.234622955000077, -6.811224937999896 ], [ 39.234615325000163, -6.811196803999962 ], [ 39.234588624000025, -6.811159609999891 ], [ 39.23456573500016, -6.81113147699989 ], [ 39.234523773000035, -6.811102389999974 ], [ 39.234489441000051, -6.811063288999947 ], [ 39.234466553000118, -6.811034678999874 ], [ 39.234439849000012, -6.811001777999877 ], [ 39.234355926000092, -6.810979841999938 ], [ 39.234256743000174, -6.810964105999972 ], [ 39.234180450000167, -6.81096124599992 ], [ 39.234127045000093, -6.810955523999894 ], [ 39.234073639000087, -6.810913085999914 ], [ 39.23404312100007, -6.810865878999948 ], [ 39.234008789000086, -6.810837744999901 ], [ 39.233993531000067, -6.810814378999964 ], [ 39.234035493000135, -6.81070852199997 ], [ 39.234069824000073, -6.810591220999925 ], [ 39.23407745500009, -6.810564039999917 ], [ 39.234123230000023, -6.810491083999921 ], [ 39.234188080000081, -6.810451506999925 ], [ 39.23426055900012, -6.810385703999884 ], [ 39.23434448200004, -6.810287951999896 ], [ 39.23442077600015, -6.810227871999928 ], [ 39.234542847000057, -6.810147284999971 ], [ 39.234764099000017, -6.809972761999916 ], [ 39.234863282000163, -6.809858321999968 ], [ 39.234767914000088, -6.809739588999832 ], [ 39.234687806000011, -6.809666632999836 ], [ 39.234638214000029, -6.809564112999965 ], [ 39.234657287000061, -6.809527396999954 ], [ 39.234687806000011, -6.809448242999963 ], [ 39.234695434000116, -6.809416293999902 ], [ 39.23470306400003, -6.80937623899996 ], [ 39.234863282000163, -6.809275149999962 ], [ 39.234977722000053, -6.809169769999926 ], [ 39.235034942000141, -6.809111116999873 ], [ 39.235103608000145, -6.809032915999978 ], [ 39.235141755000029, -6.808966636999912 ], [ 39.2351455700001, -6.808918474999928 ], [ 39.235206605000087, -6.808758257999898 ], [ 39.235263825000175, -6.808603285999936 ], [ 39.235366820000081, -6.808412073999932 ], [ 39.235439301000156, -6.808257101999914 ], [ 39.235519410000109, -6.808030128999974 ], [ 39.235622407000164, -6.807733059999975 ], [ 39.235485076000089, -6.80765819599992 ], [ 39.235313415000178, -6.807596682999872 ], [ 39.235340119000114, -6.807566164999969 ], [ 39.235439301000156, -6.807464121999942 ], [ 39.235534668000128, -6.807393550999961 ], [ 39.235618592000151, -6.80733108599992 ], [ 39.235706329000038, -6.807262897999976 ], [ 39.235816956, -6.807183741999836 ], [ 39.235904693000066, -6.807109832999913 ], [ 39.235939027000086, -6.807127475999948 ], [ 39.236007690000179, -6.807162760999972 ], [ 39.236335755000027, -6.807302474999972 ], [ 39.236427307000156, -6.807378290999964 ], [ 39.236518859000114, -6.807454108999934 ], [ 39.236629487000187, -6.807533262999868 ], [ 39.236690522000174, -6.807584762999966 ], [ 39.236728669000058, -6.807618141999967 ], [ 39.236785888999975, -6.807660578999958 ], [ 39.236858368000014, -6.807713508999882 ], [ 39.237087251000048, -6.80781984399988 ], [ 39.237426757000094, -6.807958124999971 ], [ 39.237632751000092, -6.80800294799991 ], [ 39.237957001000098, -6.808084488999953 ], [ 39.238304138000103, -6.80817842499988 ], [ 39.238601684000059, -6.80831289199989 ], [ 39.238704682000048, -6.808369636999885 ], [ 39.238864899000077, -6.808382509999888 ], [ 39.239017486000137, -6.808447360999935 ], [ 39.239070892000143, -6.808471201999964 ], [ 39.239253997000105, -6.808609007999962 ], [ 39.239540101000159, -6.808785913999884 ], [ 39.23979187000009, -6.808948038999972 ], [ 39.23998260400009, -6.809030055999926 ], [ 39.240196229000105, -6.809093950999966 ], [ 39.240318297000044, -6.80912589999997 ], [ 39.240440368000122, -6.809157848999916 ], [ 39.240577697000049, -6.809185504999903 ], [ 39.240665436000086, -6.809230804999913 ], [ 39.240890504000049, -6.809331416999896 ], [ 39.241058349000184, -6.809422493999875 ], [ 39.241168975000107, -6.809489726999914 ], [ 39.241325379000045, -6.80957794099993 ], [ 39.24138259900019, -6.809607982999978 ], [ 39.24141311600016, -6.809620380999888 ], [ 39.241516113000046, -6.809659957999884 ], [ 39.241668701000037, -6.809726715999943 ], [ 39.241706846999989, -6.809745311999961 ], [ 39.241744994000044, -6.809763431999954 ], [ 39.241775513, -6.809776305999947 ], [ 39.241981505000183, -6.809869764999917 ], [ 39.242305755000189, -6.810019016999945 ], [ 39.24243164100011, -6.810082911999928 ], [ 39.242488861000083, -6.810125351999943 ], [ 39.243068696000137, -6.810402392999947 ], [ 39.243240357000047, -6.810513494999896 ], [ 39.243404389000148, -6.810567854999874 ], [ 39.243793488000108, -6.810698985999977 ], [ 39.244136811000146, -6.810811041999955 ], [ 39.244342803000166, -6.810862063999878 ], [ 39.244422912000118, -6.810878276999972 ], [ 39.244586945000094, -6.810903548999931 ], [ 39.245002747000058, -6.810980319999885 ], [ 39.245189666000158, -6.811009405999926 ], [ 39.24528884800003, -6.811028478999958 ], [ 39.245357513000101, -6.81103896999997 ], [ 39.245502472999988, -6.811060427999962 ], [ 39.245635986000138, -6.81106710399996 ], [ 39.245796204000044, -6.811076640999943 ], [ 39.246025085000099, -6.811079501999927 ], [ 39.246177674000194, -6.811079501999927 ], [ 39.246490479000045, -6.811156272999881 ], [ 39.246719360000043, -6.811217307999868 ], [ 39.247165680000023, -6.811284540999964 ], [ 39.247440338000047, -6.811474799999871 ], [ 39.247615814000142, -6.811715125999967 ], [ 39.247657776000096, -6.811770915999944 ], [ 39.247730255000135, -6.811828613999921 ], [ 39.247806548000142, -6.811886786999935 ], [ 39.247936249000134, -6.811952589999976 ], [ 39.248027801000035, -6.811903475999884 ], [ 39.248115540000128, -6.811854362999838 ], [ 39.248256684000069, -6.811818598999878 ], [ 39.248340606000113, -6.811758040999962 ], [ 39.24842834500015, -6.811697482999932 ], [ 39.248535157000106, -6.811614036999913 ], [ 39.248664856000119, -6.81146478699992 ], [ 39.248897552000187, -6.811245441999972 ], [ 39.24906158400006, -6.811125755999967 ], [ 39.249141693000183, -6.811072825999929 ], [ 39.249252319000107, -6.811015605999955 ], [ 39.249362946000133, -6.810954092999964 ], [ 39.249629974000186, -6.81088876799987 ], [ 39.249835968000184, -6.810739992999913 ], [ 39.249992371000076, -6.810575962999906 ], [ 39.250072479000096, -6.810765266999965 ], [ 39.250091553000118, -6.810803413999906 ], [ 39.250091899005653, -6.810804224985811 ], [ 39.2500726, -6.8108313 ] ] ] ] } },
{ "type": "Feature", "properties": { "GID_3": "TZA.2.2.26_1", "GID_0": "TZA", "COUNTRY": "Tanzania", "GID_1": "TZA.2_1", "NAME_1": "Dar es Salaam", "NL_NAME_1": "NA", "GID_2": "TZA.2.2_1", "NAME_2": "Kinondoni", "NL_NAME_2": "NA", "NAME_3": "Msigani", "VARNAME_3": "NA", "NL_NAME_3": "NA", "TYPE_3": "Wodi", "ENGTYPE_3": "Ward", "CC_3": "302", "HASC_3": "NA", "Area_km²": 14.637, "pop_densit": 5669.741, "population": 82988 }, "geometry": { "type": "MultiPolygon", "coordinates": [ [ [ [ 39.120891571000186, -6.830415247999895 ], [ 39.120742799000084, -6.830667018999975 ], [ 39.120693207000102, -6.830662249999932 ], [ 39.120643617000098, -6.830647468999928 ], [ 39.120567321000181, -6.830625056999963 ], [ 39.120429992000084, -6.830583572999956 ], [ 39.120220184000118, -6.830544470999939 ], [ 39.120105744000057, -6.83059453899989 ], [ 39.120044709000069, -6.830620289999899 ], [ 39.119758606000119, -6.83062887299991 ], [ 39.119606018000127, -6.830603598999971 ], [ 39.119445801000097, -6.830434798999931 ], [ 39.119209290000128, -6.83035039899994 ], [ 39.119117738000057, -6.83035039899994 ], [ 39.118999482, -6.83035039899994 ], [ 39.118923186000075, -6.830426215999921 ], [ 39.118865966000158, -6.830544470999939 ], [ 39.118762969000102, -6.83074665099997 ], [ 39.118686675000163, -6.830729959999928 ], [ 39.118534088000047, -6.830670831999896 ], [ 39.118171690999986, -6.830375670999899 ], [ 39.117424011000139, -6.829928874999894 ], [ 39.117088318000185, -6.829697608999936 ], [ 39.117034913000111, -6.829658984999867 ], [ 39.11599731400014, -6.82901811499994 ], [ 39.115936279000152, -6.828970431999892 ], [ 39.115631104000045, -6.8287267689999 ], [ 39.115417480000133, -6.828554629999871 ], [ 39.114200592000145, -6.82798051899988 ], [ 39.113918304000038, -6.827692984999885 ], [ 39.113666535000107, -6.82742977099997 ], [ 39.113319396000065, -6.827013492999981 ], [ 39.113151551000101, -6.826817988999892 ], [ 39.112461091, -6.826101779999874 ], [ 39.112297058000024, -6.825869081999883 ], [ 39.112003327000139, -6.825269221999918 ], [ 39.111648560000049, -6.824534891999974 ], [ 39.111549378000177, -6.824094295999942 ], [ 39.111492158000033, -6.823967455999934 ], [ 39.111431123000045, -6.82384347999988 ], [ 39.111423492000029, -6.823739527999919 ], [ 39.111389161000147, -6.823433397999963 ], [ 39.111415862000115, -6.822802542999909 ], [ 39.111476898000035, -6.822434900999951 ], [ 39.111618042000146, -6.822086809999973 ], [ 39.111579895000091, -6.821633815999974 ], [ 39.111526490000074, -6.821303367999974 ], [ 39.111476898000035, -6.82101249699997 ], [ 39.11145400900017, -6.820686338999963 ], [ 39.111450196000135, -6.820658205999962 ], [ 39.111419677000185, -6.820402145999935 ], [ 39.11123657100012, -6.82009267899997 ], [ 39.111042022000106, -6.819783686999926 ], [ 39.110961913000153, -6.819602965999934 ], [ 39.110992432000103, -6.819596290999925 ], [ 39.110988617000032, -6.819540022999888 ], [ 39.110984802000189, -6.819507121999948 ], [ 39.110843658000022, -6.819262027999969 ], [ 39.110740663000115, -6.819112777999976 ], [ 39.110725402000185, -6.819081306999976 ], [ 39.110557557000106, -6.818938731999879 ], [ 39.110237122000115, -6.81879568099987 ], [ 39.110118866000107, -6.818777084999908 ], [ 39.110095978000174, -6.818809985999962 ], [ 39.109935760000042, -6.818764208999937 ], [ 39.109878540000125, -6.818730829999936 ], [ 39.109848023000154, -6.818724631999942 ], [ 39.109745026000098, -6.818667886999947 ], [ 39.109580994, -6.818540573999883 ], [ 39.109447480000142, -6.818379878999906 ], [ 39.109367371000189, -6.818262100999959 ], [ 39.109252930000025, -6.818164348999858 ], [ 39.109104156000171, -6.818073271999936 ], [ 39.108757020000041, -6.817872524999871 ], [ 39.108570099000133, -6.817749976999949 ], [ 39.108497620000094, -6.817714689999946 ], [ 39.108428955000193, -6.817657946999873 ], [ 39.108390808000138, -6.817530631999887 ], [ 39.108413696000071, -6.817443846999936 ], [ 39.108474732000161, -6.817191122999873 ], [ 39.10852050900013, -6.817028997999955 ], [ 39.108528137, -6.816883563999909 ], [ 39.108497620000094, -6.816734313999916 ], [ 39.108390808000138, -6.816624163999961 ], [ 39.108215332000157, -6.816487311999936 ], [ 39.10794067400019, -6.816223144999981 ], [ 39.107852935000096, -6.816081523999912 ], [ 39.107845307000048, -6.815922260999969 ], [ 39.107852935000096, -6.815883158999952 ], [ 39.107944489000033, -6.815537927999969 ], [ 39.107986451000158, -6.815386295999929 ], [ 39.108036041000162, -6.815265654999905 ], [ 39.10808181800013, -6.815090656999928 ], [ 39.108093261000135, -6.815042971999958 ], [ 39.108119965000185, -6.814911840999969 ], [ 39.108142853000118, -6.814833164999925 ], [ 39.108154297000169, -6.814740657999891 ], [ 39.108188628000107, -6.81457471799996 ], [ 39.108177185000102, -6.814517019999869 ], [ 39.108181000000172, -6.814316272999974 ], [ 39.108139038000104, -6.814120768999942 ], [ 39.108055115000127, -6.813963888999922 ], [ 39.107925416000171, -6.813770769999962 ], [ 39.10778045700016, -6.813537121999957 ], [ 39.107692718000123, -6.813412188999962 ], [ 39.107643128000063, -6.813285827999948 ], [ 39.107635497000047, -6.813246725999932 ], [ 39.107635497000047, -6.81314563799998 ], [ 39.107547761000092, -6.812857149999957 ], [ 39.107532500000161, -6.812707422999893 ], [ 39.107498169000053, -6.812361716999874 ], [ 39.107509614000037, -6.812106609999944 ], [ 39.107521057000042, -6.811923503999935 ], [ 39.107543945000145, -6.811806200999911 ], [ 39.107563019000111, -6.811692237999921 ], [ 39.10757827700013, -6.81159925399993 ], [ 39.107681274000015, -6.811507701999915 ], [ 39.107738495000092, -6.811458586999947 ], [ 39.107963563000055, -6.811246871999913 ], [ 39.108005524000021, -6.811170577999917 ], [ 39.108104707000166, -6.81099653299998 ], [ 39.108139038000104, -6.810761451999895 ], [ 39.108055115000127, -6.810550211999953 ], [ 39.108078003000116, -6.810508249999941 ], [ 39.108001709000177, -6.810384748999923 ], [ 39.107997894000107, -6.810356617999901 ], [ 39.107379913000045, -6.810565947999976 ], [ 39.10727691600016, -6.810534475999873 ], [ 39.107013703000121, -6.810514926999929 ], [ 39.10684204000006, -6.810541628999943 ], [ 39.106811524000193, -6.810546398999975 ], [ 39.106742858000189, -6.810554026999966 ], [ 39.10672760000017, -6.810583590999954 ], [ 39.106636048000041, -6.810734747999902 ], [ 39.106609344000162, -6.810764788999904 ], [ 39.106578828000124, -6.810777664999932 ], [ 39.106384276000028, -6.810765266999965 ], [ 39.106101990000127, -6.810736655999904 ], [ 39.105670928000166, -6.810678957999926 ], [ 39.105487824000079, -6.810673712999915 ], [ 39.105350495000039, -6.81065988499995 ], [ 39.105205536000028, -6.81064414899987 ], [ 39.105083465000121, -6.810662269999966 ], [ 39.104980468000065, -6.810659408999925 ], [ 39.104515076000098, -6.81076717399992 ], [ 39.104110717000083, -6.810856340999862 ], [ 39.103908538000155, -6.81082010199998 ], [ 39.103363037000065, -6.810542583999904 ], [ 39.103054047000057, -6.81034278899989 ], [ 39.102905273000033, -6.810257434999869 ], [ 39.102798461000077, -6.810195444999977 ], [ 39.102764129000093, -6.810175894999873 ], [ 39.102256775000171, -6.809880732999943 ], [ 39.102210998000032, -6.809858321999968 ], [ 39.101390839000146, -6.809481621999964 ], [ 39.101173401999972, -6.809359550999829 ], [ 39.100936889000025, -6.809195040999896 ], [ 39.100914002000025, -6.808913229999916 ], [ 39.100906372000111, -6.808823107999956 ], [ 39.10079193200005, -6.808463573999859 ], [ 39.100608826000155, -6.808054924999965 ], [ 39.100292206000063, -6.80774402499992 ], [ 39.100078583000084, -6.807506561999901 ], [ 39.100185393000061, -6.807317257999955 ], [ 39.100215912000181, -6.807213782999895 ], [ 39.100254059000065, -6.807097911999904 ], [ 39.10024261600006, -6.806914805999952 ], [ 39.100261689000149, -6.806683540999927 ], [ 39.10035324100005, -6.80654334899998 ], [ 39.100345611000137, -6.806471822999981 ], [ 39.100326537000171, -6.806317805999925 ], [ 39.100444793000179, -6.80614709799994 ], [ 39.1005706790001, -6.806006908999962 ], [ 39.100601194999967, -6.805866241999979 ], [ 39.10062026900016, -6.805653094999911 ], [ 39.100711823000097, -6.805355070999951 ], [ 39.100715638000111, -6.805244922999975 ], [ 39.100658418000194, -6.805243015999906 ], [ 39.100582122000105, -6.8051581389999 ], [ 39.100608826000155, -6.805107593999935 ], [ 39.100727081000116, -6.805100916999891 ], [ 39.100826263000158, -6.805023669999969 ], [ 39.100959777000185, -6.804984092999973 ], [ 39.101016997000102, -6.804974555999934 ], [ 39.101051331000122, -6.804831028999956 ], [ 39.101043700999981, -6.804717063999931 ], [ 39.100944519000166, -6.804657457999951 ], [ 39.10087585500014, -6.804633139999908 ], [ 39.100704193000183, -6.804543972999909 ], [ 39.100482940000063, -6.804454803999818 ], [ 39.100364684000056, -6.804464816999939 ], [ 39.100170135000042, -6.804459570999938 ], [ 39.100013733000026, -6.804459570999938 ], [ 39.09984970000005, -6.804474353999922 ], [ 39.09974289000013, -6.804430007999883 ], [ 39.099620819000052, -6.804415226999936 ], [ 39.099460602000192, -6.804425239999944 ], [ 39.099414825000053, -6.804419993999943 ], [ 39.099197387000174, -6.804415226999936 ], [ 39.099063873000148, -6.804479599999979 ], [ 39.098953248000157, -6.804499147999934 ], [ 39.098850251000044, -6.804652690999944 ], [ 39.098770142000092, -6.804786203999981 ], [ 39.098598481000181, -6.804831028999956 ], [ 39.098606109000116, -6.804959296999925 ], [ 39.098571778, -6.805236339999908 ], [ 39.098487853999984, -6.805212020999932 ], [ 39.098354340000128, -6.805281161999972 ], [ 39.098163606000185, -6.805483816999981 ], [ 39.098052978000112, -6.805582523999931 ], [ 39.097946166000156, -6.805558204999897 ], [ 39.097782135000159, -6.805572985999959 ], [ 39.097583771000075, -6.80559778199995 ], [ 39.097469331000184, -6.805622577999884 ], [ 39.097400665, -6.805622577999884 ], [ 39.097332000000108, -6.80551862599998 ], [ 39.097179412000116, -6.80533552199995 ], [ 39.097057342000141, -6.805202005999888 ], [ 39.096939086000134, -6.805063246999964 ], [ 39.096870423000041, -6.804929732999938 ], [ 39.096805572000108, -6.804831028999956 ], [ 39.096473694000167, -6.804548740999962 ], [ 39.096420289000093, -6.804400443999953 ], [ 39.096431732000042, -6.804232120999927 ], [ 39.096366882000041, -6.804093361999946 ], [ 39.096218110000166, -6.803999424999972 ], [ 39.096019745000149, -6.803935051999872 ], [ 39.095779419000166, -6.803806780999935 ], [ 39.095432281000058, -6.803628444999902 ], [ 39.095317840000064, -6.803455351999901 ], [ 39.095180511000194, -6.803257464999945 ], [ 39.095066071000133, -6.80299043499997 ], [ 39.094970704000161, -6.802772521999884 ], [ 39.095024109, -6.802594183999872 ], [ 39.095031739000149, -6.802426338999908 ], [ 39.095149995000156, -6.802401541999927 ], [ 39.095367432000103, -6.802282809999951 ], [ 39.095481873000097, -6.802203655999961 ], [ 39.095424653000123, -6.801966189999973 ], [ 39.0953407290001, -6.801758289999896 ], [ 39.095291139000096, -6.801649091999934 ], [ 39.095138549000069, -6.801555155999949 ], [ 39.095012666000059, -6.801510810999957 ], [ 39.094882965000068, -6.801451682999925 ], [ 39.09484100300017, -6.801359653999953 ], [ 39.09484100300017, -6.801228044999903 ], [ 39.094867706000173, -6.800972460999901 ], [ 39.094909668000071, -6.800772188999929 ], [ 39.094932557000106, -6.800599574999978 ], [ 39.094882965000068, -6.800440787999946 ], [ 39.094738006000057, -6.80002641599998 ], [ 39.094661712000175, -6.799936293999963 ], [ 39.094551087000127, -6.799825668999972 ], [ 39.094501495000145, -6.799715518999903 ], [ 39.094455720000155, -6.799521922999872 ], [ 39.094387054000151, -6.799328325999909 ], [ 39.094184875000053, -6.799155712999948 ], [ 39.093982697, -6.798955440999976 ], [ 39.093921662000014, -6.798803328999838 ], [ 39.093894958000135, -6.798506259999954 ], [ 39.093879700000116, -6.798382281999977 ], [ 39.093978882000158, -6.798347472999978 ], [ 39.094268799000076, -6.798250674999963 ], [ 39.094490051000093, -6.798201560999871 ], [ 39.094669342000088, -6.798027514999944 ], [ 39.094711304000157, -6.797953605999965 ], [ 39.094722747000162, -6.797636031999957 ], [ 39.094711304000157, -6.797483921999913 ], [ 39.094779968000182, -6.797249315999977 ], [ 39.095005035000042, -6.79651164899991 ], [ 39.094993592000094, -6.796428202999948 ], [ 39.09498596200018, -6.796310424999888 ], [ 39.094997405000129, -6.796200751999947 ], [ 39.094993592000094, -6.796033381999962 ], [ 39.095100403000117, -6.795343876999937 ], [ 39.09512329100005, -6.795190333999926 ], [ 39.095180511000194, -6.795073031999834 ], [ 39.095203400000059, -6.795053005999932 ], [ 39.095214843000178, -6.795019148999927 ], [ 39.095417022000106, -6.794821261999971 ], [ 39.095539093000184, -6.794570445999966 ], [ 39.095409394, -6.794548033999888 ], [ 39.095199585000159, -6.794458389999932 ], [ 39.095012666000059, -6.794389246999913 ], [ 39.094848633000083, -6.794333933999951 ], [ 39.094730378000179, -6.794229983999969 ], [ 39.094474793000074, -6.793995380999945 ], [ 39.094345092000083, -6.79387664799998 ], [ 39.093952179000155, -6.793518065999933 ], [ 39.093929290000119, -6.793498037999882 ], [ 39.09394455100005, -6.793433189999973 ], [ 39.093948364000084, -6.793366908999872 ], [ 39.093990326000039, -6.793283939999924 ], [ 39.093997956000123, -6.793193815999928 ], [ 39.094005584000058, -6.792942046999883 ], [ 39.093963624000139, -6.792627333999974 ], [ 39.093917847000171, -6.792473791999953 ], [ 39.093887328000051, -6.792365074999964 ], [ 39.093967437000174, -6.792343138999911 ], [ 39.094062806000181, -6.792284965999897 ], [ 39.094348907000096, -6.792187213999966 ], [ 39.095371245000138, -6.791768073999947 ], [ 39.09600448700013, -6.791553018999821 ], [ 39.096141816000056, -6.791494368999963 ], [ 39.096469879000097, -6.791387558999872 ], [ 39.09658050500019, -6.791347979999898 ], [ 39.097339630000022, -6.791070460999947 ], [ 39.098121644000059, -6.790768622999906 ], [ 39.098167419000049, -6.790768146999881 ], [ 39.098331451000149, -6.790698051999868 ], [ 39.099079132000099, -6.790457247999939 ], [ 39.100917815000059, -6.789813994999975 ], [ 39.101470948000099, -6.789660452999897 ], [ 39.101680756000064, -6.789571283999976 ], [ 39.102436066, -6.789287567999963 ], [ 39.102470398000037, -6.789273261999938 ], [ 39.102561950000108, -6.789239882999937 ], [ 39.102897643000119, -6.789108751999891 ], [ 39.103027344000111, -6.789057254999932 ], [ 39.103141784000115, -6.788992881999889 ], [ 39.103748322000058, -6.788782596999908 ], [ 39.103820801000097, -6.788763522999943 ], [ 39.104331970000032, -6.788584231999948 ], [ 39.104423522000161, -6.788554190999946 ], [ 39.105216979000147, -6.788254736999932 ], [ 39.105354308000074, -6.788206099999911 ], [ 39.106273651000038, -6.787872791999973 ], [ 39.106300355000087, -6.787861345999886 ], [ 39.106380463000164, -6.787822246999951 ], [ 39.106445312000119, -6.787791727999888 ], [ 39.106773377000138, -6.787676334999958 ], [ 39.106765747000054, -6.787641047999955 ], [ 39.107120513000098, -6.787551401999906 ], [ 39.107612609000114, -6.787362574999918 ], [ 39.110000611000032, -6.78648614899987 ], [ 39.110733032000098, -6.786218643999973 ], [ 39.110778809000067, -6.786225318999868 ], [ 39.111495971000124, -6.785993575999896 ], [ 39.112613678000116, -6.785588264999944 ], [ 39.112804412000116, -6.785515308999948 ], [ 39.113079070000083, -6.785409925999943 ], [ 39.113143921000187, -6.785385607999956 ], [ 39.113471986000093, -6.785242557999936 ], [ 39.113693236000074, -6.785170554999922 ], [ 39.114292144000103, -6.784934520999855 ], [ 39.114368437999985, -6.784905432999949 ], [ 39.114364625000121, -6.78495073199997 ], [ 39.114543914000137, -6.78490114199991 ], [ 39.115276338000172, -6.784636974999898 ], [ 39.115318298000091, -6.784622191999858 ], [ 39.116374969000049, -6.784239768999896 ], [ 39.11668395900017, -6.7841634749999 ], [ 39.116935730000137, -6.784101009999972 ], [ 39.117073059000063, -6.784067630999971 ], [ 39.117443084, -6.783946512999819 ], [ 39.117607117000034, -6.783929346999969 ], [ 39.117702484000176, -6.783895014999928 ], [ 39.118160248000038, -6.783821581999973 ], [ 39.119110108000086, -6.783670901999926 ], [ 39.119190216000163, -6.783657550999976 ], [ 39.120121002000076, -6.783545493999952 ], [ 39.120555878000175, -6.783493518999819 ], [ 39.120994568000071, -6.783450126999981 ], [ 39.121166229000153, -6.783440588999952 ], [ 39.12122726400014, -6.783437250999953 ], [ 39.121276856000179, -6.783426283999916 ], [ 39.121780395000144, -6.783321380999951 ], [ 39.121955871000125, -6.783301829999857 ], [ 39.122261048000041, -6.78324556299998 ], [ 39.122303010000167, -6.783238886999868 ], [ 39.122512817000029, -6.783208369999954 ], [ 39.122787475000166, -6.783169745999942 ], [ 39.123973846000183, -6.783052443999907 ], [ 39.124145508000026, -6.783045290999951 ], [ 39.125339507000149, -6.783237456999927 ], [ 39.125480651000089, -6.783275125999978 ], [ 39.125701903999982, -6.783313272999976 ], [ 39.12590789800015, -6.783366202999957 ], [ 39.126277923000146, -6.783550738999907 ], [ 39.126762391000057, -6.783764361999943 ], [ 39.126937867000038, -6.783875941999952 ], [ 39.127212525, -6.784053324999945 ], [ 39.127429962000178, -6.78419732999987 ], [ 39.127574921000189, -6.784289835999971 ], [ 39.127601623000089, -6.784308909999936 ], [ 39.128181457999972, -6.784748552999929 ], [ 39.128364564000037, -6.784879683999918 ], [ 39.128627776000144, -6.78520965499996 ], [ 39.128963470000031, -6.785633086999894 ], [ 39.12934112500011, -6.786124229999871 ], [ 39.129600524000182, -6.786494254999923 ], [ 39.129653931000064, -6.786590098999966 ], [ 39.129707337000013, -6.786686895999878 ], [ 39.129730225000174, -6.786730765999948 ], [ 39.129768372, -6.786788940999884 ], [ 39.130336761000081, -6.787710188999938 ], [ 39.130775452000194, -6.78836107199993 ], [ 39.1308555600001, -6.788479327999937 ], [ 39.131237031000126, -6.789056299999913 ], [ 39.131702423000092, -6.789726733999942 ], [ 39.131969452000078, -6.790071009999963 ], [ 39.13226699900008, -6.790351389999955 ], [ 39.132301331000065, -6.790386199999887 ], [ 39.13253021200012, -6.790600776999895 ], [ 39.133403777000183, -6.791143416999944 ], [ 39.134201050000115, -6.79134750399993 ], [ 39.135070801000097, -6.791411399999902 ], [ 39.135044097000161, -6.791897297999981 ], [ 39.134998322, -6.792264461999878 ], [ 39.134983063999982, -6.792376039999965 ], [ 39.134967803000052, -6.792493820999937 ], [ 39.134983063999982, -6.792884348999905 ], [ 39.135009765000177, -6.793151853999859 ], [ 39.135139466000169, -6.793360708999899 ], [ 39.13523483300014, -6.793519973999935 ], [ 39.135459899000125, -6.793635368999958 ], [ 39.135574341000165, -6.793694496999876 ], [ 39.135463713999968, -6.793964861999882 ], [ 39.13542175200007, -6.794294356999956 ], [ 39.135410309000122, -6.794363975999943 ], [ 39.135524749000126, -6.794703483999967 ], [ 39.135608673000149, -6.79494523999989 ], [ 39.135654450000118, -6.795203207999919 ], [ 39.135749817000146, -6.795507906999944 ], [ 39.135784149000131, -6.795743942999934 ], [ 39.135540008000078, -6.795866488999934 ], [ 39.135513306000178, -6.795897959999877 ], [ 39.135433197000054, -6.796108244999971 ], [ 39.13539505000017, -6.796331405999922 ], [ 39.135322570000028, -6.796859739999945 ], [ 39.135276795000038, -6.79725551599995 ], [ 39.135269165000125, -6.797297953999873 ], [ 39.135265350000111, -6.797423838999919 ], [ 39.135246276000089, -6.797450542999968 ], [ 39.13523864800004, -6.797491549999904 ], [ 39.135154724000188, -6.797552584999892 ], [ 39.135021210000161, -6.797673225999858 ], [ 39.134963990000188, -6.797755716999916 ], [ 39.134887695000032, -6.797934532999875 ], [ 39.134849548000147, -6.798078059999966 ], [ 39.134830474000182, -6.798123359999977 ], [ 39.134838104000096, -6.798180101999947 ], [ 39.13487243600008, -6.798273563999942 ], [ 39.134860993000132, -6.79835653299989 ], [ 39.134857178000061, -6.798386096999934 ], [ 39.134849548000147, -6.798415660999979 ], [ 39.134834289000025, -6.79844427199987 ], [ 39.134868621000066, -6.798502444999883 ], [ 39.134899140000186, -6.798551559999964 ], [ 39.134914398000035, -6.798586368999906 ], [ 39.134899140000186, -6.798675537999941 ], [ 39.134841920000042, -6.798808573999906 ], [ 39.134826659000112, -6.798849582999935 ], [ 39.134780884000179, -6.798906325999894 ], [ 39.134708404000037, -6.798956393999958 ], [ 39.134700775000169, -6.798985957999946 ], [ 39.134777069000108, -6.799195289999943 ], [ 39.134784699000193, -6.799224375999927 ], [ 39.134822846000077, -6.799311159999945 ], [ 39.134853363000047, -6.799553393999815 ], [ 39.134853363000047, -6.799767493999923 ], [ 39.134857178000061, -6.799805163999963 ], [ 39.134937287000014, -6.800033091999978 ], [ 39.134990692000088, -6.800194738999949 ], [ 39.135005950000107, -6.80023288599989 ], [ 39.135017395000091, -6.800277232999917 ], [ 39.135036469000056, -6.800325869999938 ], [ 39.135036469000056, -6.800354956999968 ], [ 39.135124206000114, -6.800502300999881 ], [ 39.135143279000033, -6.800535677999903 ], [ 39.135082246000024, -6.800772665999887 ], [ 39.135116577000133, -6.800892351999948 ], [ 39.135227203000056, -6.801024912999878 ], [ 39.135246276000089, -6.801264286999981 ], [ 39.135192871000072, -6.801455972999918 ], [ 39.135120393000079, -6.801578520999954 ], [ 39.135086059000116, -6.801737783999897 ], [ 39.13509368900003, -6.801902770999959 ], [ 39.13509368900003, -6.802163600999961 ], [ 39.135025024000129, -6.802291391999972 ], [ 39.135074616000111, -6.802519797999935 ], [ 39.135120393000079, -6.802709578999895 ], [ 39.13523483300014, -6.802871226999969 ], [ 39.135440826000035, -6.80330562499995 ], [ 39.135562896000181, -6.803488253999944 ], [ 39.135635377000085, -6.803500175999943 ], [ 39.135677339000154, -6.803613661999918 ], [ 39.135707855000192, -6.803769588999955 ], [ 39.135726928999986, -6.803835391999883 ], [ 39.135784149000131, -6.803966997999964 ], [ 39.135864258000083, -6.804078100999902 ], [ 39.1358947760001, -6.804116724999972 ], [ 39.136116027000071, -6.80429601599991 ], [ 39.136306763, -6.804433822999954 ], [ 39.136409760000106, -6.804547309999919 ], [ 39.136520386000029, -6.804691314999957 ], [ 39.13663101100019, -6.804757117999941 ], [ 39.136833191000051, -6.805002211999977 ], [ 39.13702392700003, -6.80525970399998 ], [ 39.137229919, -6.805427073999965 ], [ 39.137390137000125, -6.80557107899989 ], [ 39.137599944000158, -6.805738448999875 ], [ 39.13772964500015, -6.805972099999963 ], [ 39.13784408500004, -6.806181429999924 ], [ 39.137958525999977, -6.806294917999935 ], [ 39.138114928000164, -6.80640888299996 ], [ 39.138294219000159, -6.806630132999942 ], [ 39.138557434000177, -6.806749820999926 ], [ 39.138587953000126, -6.806881426999951 ], [ 39.138256072000104, -6.806961058999946 ], [ 39.138076781000109, -6.807007312999872 ], [ 39.137802124000189, -6.806965350999974 ], [ 39.137687683000081, -6.806881426999951 ], [ 39.137435914000093, -6.806881426999951 ], [ 39.137245178000114, -6.806947230999981 ], [ 39.137119294000172, -6.807132720999959 ], [ 39.136463166000055, -6.807258604999902 ], [ 39.136325837000186, -6.807318687999896 ], [ 39.136024475000113, -6.807366369999954 ], [ 39.135845184000118, -6.807440757999871 ], [ 39.135730744000057, -6.807553768999981 ], [ 39.135620116000155, -6.807701587999873 ], [ 39.135540008000078, -6.807745932999978 ], [ 39.13539505000017, -6.807868955999936 ], [ 39.13523864800004, -6.807878971999969 ], [ 39.13509368900003, -6.807972430999882 ], [ 39.134956360000103, -6.808174132999966 ], [ 39.134788512000057, -6.808317184999908 ], [ 39.134574890000181, -6.808354853999901 ], [ 39.1344032290001, -6.808387755999888 ], [ 39.134353637000061, -6.808438299999978 ], [ 39.134250642000154, -6.80853891299995 ], [ 39.134174346000066, -6.808609962999981 ], [ 39.134052277000194, -6.808705329999952 ], [ 39.133956908000187, -6.80871439099991 ], [ 39.133926392000149, -6.808731555999827 ], [ 39.133781433000138, -6.808847426999932 ], [ 39.133483886000135, -6.808782576999874 ], [ 39.133312225000054, -6.808833598999911 ], [ 39.133068084000172, -6.808986663999974 ], [ 39.132778168000186, -6.808977125999888 ], [ 39.132434845000091, -6.809074401999965 ], [ 39.13228607200017, -6.809204100999921 ], [ 39.132244110000045, -6.80925512399989 ], [ 39.132171632000109, -6.809343337999906 ], [ 39.131870270000036, -6.809677123999904 ], [ 39.131847382000103, -6.809834480999939 ], [ 39.131793977000029, -6.81013583999993 ], [ 39.131778716000099, -6.810281276999888 ], [ 39.131752015000075, -6.810539245999905 ], [ 39.131675721000192, -6.810833929999944 ], [ 39.131511689000092, -6.81114625999993 ], [ 39.131320952000067, -6.811382292999951 ], [ 39.131298066000113, -6.811410426999942 ], [ 39.130943299000137, -6.811600685999963 ], [ 39.130538941000111, -6.811753750999969 ], [ 39.130413055000133, -6.81204557399991 ], [ 39.130168916000116, -6.81239795599987 ], [ 39.129524231000175, -6.81268978199995 ], [ 39.129360197999972, -6.813055991999875 ], [ 39.128921510000112, -6.813403605999952 ], [ 39.128803254000104, -6.813491821999946 ], [ 39.128665925000178, -6.813529013999926 ], [ 39.128475189000028, -6.813547609999944 ], [ 39.128295898000033, -6.813590048999913 ], [ 39.127906800000176, -6.81364250199988 ], [ 39.127727509000181, -6.813668250999967 ], [ 39.127601623000089, -6.813685893999946 ], [ 39.127391816, -6.813715934999948 ], [ 39.127288818000011, -6.813888550999934 ], [ 39.127105712000173, -6.814196584999934 ], [ 39.127006530000131, -6.814359187999969 ], [ 39.126979829000106, -6.814404964999937 ], [ 39.126804350999976, -6.814521789999901 ], [ 39.126689910000039, -6.814661026999886 ], [ 39.126525880000145, -6.814865111999893 ], [ 39.126342774000079, -6.815202234999902 ], [ 39.126243592000037, -6.815375804999974 ], [ 39.126159668000014, -6.815539359999889 ], [ 39.125957489000086, -6.815925598999968 ], [ 39.125808716000108, -6.816206931999886 ], [ 39.125785828000176, -6.816248415999951 ], [ 39.125759124000126, -6.816321849999895 ], [ 39.125679016000049, -6.816482544999872 ], [ 39.125568390000126, -6.816895006999971 ], [ 39.125534058000142, -6.817024229999959 ], [ 39.12549591200019, -6.81720828899995 ], [ 39.125522613000157, -6.817607402999954 ], [ 39.125564575000112, -6.817748068999947 ], [ 39.125705719000052, -6.818129538999926 ], [ 39.125724792000142, -6.818181513999946 ], [ 39.125724792000142, -6.818332193999879 ], [ 39.12577056900011, -6.818606853999938 ], [ 39.125728608000088, -6.818879126999946 ], [ 39.125732423000102, -6.819016933999876 ], [ 39.125690461000033, -6.819036959999949 ], [ 39.125637054000151, -6.819168567999895 ], [ 39.125492096000073, -6.819302081999922 ], [ 39.125442504000034, -6.819344996999916 ], [ 39.12513351500013, -6.819597242999919 ], [ 39.124683381000182, -6.819987296999955 ], [ 39.124237060000098, -6.82040595899997 ], [ 39.123954772000047, -6.820539949999954 ], [ 39.123672486000146, -6.820565223999893 ], [ 39.123302459000172, -6.820610045999956 ], [ 39.12294006400009, -6.820724963999965 ], [ 39.122875214000089, -6.821076392999942 ], [ 39.122875214000089, -6.8214721679999 ], [ 39.122875214000089, -6.821810721999952 ], [ 39.12279892000015, -6.822187423999935 ], [ 39.122772217000147, -6.822973250999951 ], [ 39.122749328000111, -6.824161051999965 ], [ 39.122779847000061, -6.825387 ], [ 39.122817994000116, -6.826261997999893 ], [ 39.1227417, -6.827456950999931 ], [ 39.1227417, -6.827488422999863 ], [ 39.122390746000121, -6.827571391999868 ], [ 39.122081757000046, -6.827744006999978 ], [ 39.121906281000122, -6.827960967999957 ], [ 39.121814727000185, -6.828011989999936 ], [ 39.121757507000041, -6.828011989999936 ], [ 39.121730805000141, -6.828419683999925 ], [ 39.121681213000102, -6.828680991999931 ], [ 39.121501922000107, -6.828891753999869 ], [ 39.121269226000038, -6.829212188999918 ], [ 39.120990753, -6.829743385999905 ], [ 39.120903014000135, -6.830182073999879 ], [ 39.120891571000186, -6.830415247999895 ] ] ] ] } },
{ "type": "Feature", "properties": { "GID_3": "TZA.2.2.30_1", "GID_0": "TZA", "COUNTRY": "Tanzania", "GID_1": "TZA.2_1", "NAME_1": "Dar es Salaam", "NL_NAME_1": "NA", "GID_2": "TZA.2.2_1", "NAME_2": "Kinondoni", "NL_NAME_2": "NA", "NAME_3": "Saranga", "VARNAME_3": "NA", "NL_NAME_3": "NA", "TYPE_3": "Wodi", "ENGTYPE_3": "Ward", "CC_3": "282", "HASC_3": "NA", "Area_km²": 25.868, "pop_densit": 5615.973, "population": 145274 }, "geometry": { "type": "MultiPolygon", "coordinates": [ [ [ [ 39.1627663, -6.7583103 ], [ 39.1624028, -6.7589087 ], [ 39.1623078, -6.7596917 ], [ 39.162066409958861, -6.760150817310063 ], [ 39.16199493400012, -6.760284423999906 ], [ 39.16199227913841, -6.76029181211961 ], [ 39.1618212, -6.7606172 ], [ 39.1619694, -6.7624488 ], [ 39.162235578766442, -6.763099876900699 ], [ 39.16223907400007, -6.763123034999921 ], [ 39.162271095112615, -6.763186750368852 ], [ 39.1624084, -6.7635226 ], [ 39.1628391, -6.7639057 ], [ 39.1628167, -6.7640203 ], [ 39.1629264, -6.7641602 ], [ 39.1630124, -6.765466 ], [ 39.1632761, -6.7661931 ], [ 39.163255777793701, -6.767294683124005 ], [ 39.163169860000039, -6.767413615999942 ], [ 39.163166167317108, -6.767424298629678 ], [ 39.1631541, -6.7674412 ], [ 39.162996378454842, -6.767926295601047 ], [ 39.162826538000047, -6.768092154999863 ], [ 39.16281325900804, -6.768115547614546 ], [ 39.1628085, -6.7681202 ], [ 39.1626459, -6.7684088 ], [ 39.1628645, -6.7691109 ], [ 39.1630269, -6.769128 ], [ 39.1628212, -6.7698264 ], [ 39.1626713, -6.771266 ], [ 39.1623413, -6.7730228 ], [ 39.1629162, -6.7742436 ], [ 39.1631588, -6.7745585 ], [ 39.1634757, -6.7753246 ], [ 39.1641741, -6.7763092 ], [ 39.1644141, -6.7767922 ], [ 39.1647648, -6.7772845 ], [ 39.1653125, -6.7772845 ], [ 39.1663709, -6.7769307 ], [ 39.167448, -6.7771909 ], [ 39.1679042, -6.7771653 ], [ 39.167954047147752, -6.777110262926622 ], [ 39.168006896000179, -6.777068614999962 ], [ 39.168053410245186, -6.77700055446122 ], [ 39.168322, -6.776704 ], [ 39.168637722373568, -6.776611112167532 ], [ 39.168819427000187, -6.776571273999934 ], [ 39.168961159245214, -6.776515954673283 ], [ 39.1691748, -6.7764531 ], [ 39.169505620267117, -6.776521274921715 ], [ 39.169544221000137, -6.776533127999869 ], [ 39.169555994603705, -6.77653165598598 ], [ 39.1696848, -6.7765582 ], [ 39.1702691, -6.7762532 ], [ 39.1706613, -6.7759713 ], [ 39.1713635, -6.7763532 ], [ 39.1716813, -6.7763455 ], [ 39.1723822, -6.7762114 ], [ 39.1727824, -6.776333 ], [ 39.1731826, -6.7761877 ], [ 39.1733634, -6.7761937 ], [ 39.173651, -6.7764545 ], [ 39.1738288, -6.7764842 ], [ 39.1740867, -6.7764219 ], [ 39.1743788, -6.7764871 ], [ 39.174376773851307, -6.776454826345815 ], [ 39.174396516000058, -6.77645921699991 ], [ 39.174392700000112, -6.777013777999969 ], [ 39.174411774000077, -6.777286527999877 ], [ 39.174407959, -6.777615545999936 ], [ 39.174125671000127, -6.778163908999886 ], [ 39.174049377000188, -6.778270721999945 ], [ 39.17392730600011, -6.778400897999973 ], [ 39.173812866000105, -6.778549194999925 ], [ 39.17374420200008, -6.77873277599997 ], [ 39.173717499000077, -6.778940200999841 ], [ 39.17366027900016, -6.779182909999918 ], [ 39.173614502000191, -6.779262542999959 ], [ 39.173568725000052, -6.779342173999964 ], [ 39.173355102000016, -6.779870033999941 ], [ 39.173320770000032, -6.77997779899988 ], [ 39.173194885000044, -6.780300616999966 ], [ 39.173015594, -6.780774593999979 ], [ 39.172866821000071, -6.781274317999873 ], [ 39.172809601000097, -6.78143834999986 ], [ 39.17271804700016, -6.781658647999961 ], [ 39.172615052000083, -6.78190994199997 ], [ 39.172546387000182, -6.782012461999955 ], [ 39.172325134000062, -6.78223323799989 ], [ 39.172080994000112, -6.782603264999977 ], [ 39.171878815000184, -6.782927989999905 ], [ 39.171752929000093, -6.783243179999886 ], [ 39.171745301000158, -6.783269880999967 ], [ 39.171722413000055, -6.783628939999915 ], [ 39.171749114000193, -6.783802508999884 ], [ 39.171829222999975, -6.783954142999903 ], [ 39.171958924000137, -6.78415489199989 ], [ 39.172004699000126, -6.784224985999856 ], [ 39.172260285000164, -6.784593104999942 ], [ 39.172336579000046, -6.784828185999913 ], [ 39.17239379900019, -6.785069464999935 ], [ 39.172485351000091, -6.785360813999944 ], [ 39.172550202000082, -6.785540104999939 ], [ 39.17259216400015, -6.785708902999886 ], [ 39.172611237000069, -6.785798071999977 ], [ 39.172664642000086, -6.785949228999868 ], [ 39.172725677000074, -6.786061286999825 ], [ 39.172821044000102, -6.786179064999885 ], [ 39.172916412000177, -6.786492823999936 ], [ 39.172958372999972, -6.786574362999886 ], [ 39.172973634000073, -6.786604881999949 ], [ 39.173019409000062, -6.786695478999889 ], [ 39.173053741000047, -6.786762236999891 ], [ 39.173122406000175, -6.786914348999971 ], [ 39.173488618000079, -6.786778925999954 ], [ 39.173690795000027, -6.78671550699994 ], [ 39.173828124000124, -6.786672592999935 ], [ 39.174339295000038, -6.786605356999871 ], [ 39.17451095600012, -6.786577223999871 ], [ 39.174671173000149, -6.786566732999972 ], [ 39.174747467000032, -6.786538123999946 ], [ 39.174880981000058, -6.786538123999946 ], [ 39.175205231000064, -6.786538123999946 ], [ 39.175292968000178, -6.786538123999946 ], [ 39.17564392100013, -6.786599636999938 ], [ 39.175727843000175, -6.786623000999953 ], [ 39.176013947000058, -6.786687850999954 ], [ 39.176097870000149, -6.786708831999931 ], [ 39.176181794000172, -6.786729812999965 ], [ 39.176643371000068, -6.78690290399993 ], [ 39.177112580000085, -6.787089347999881 ], [ 39.177234649000127, -6.787137984999902 ], [ 39.177509309000129, -6.78724813499997 ], [ 39.177570342000138, -6.787299631999872 ], [ 39.177509309000129, -6.787441253999873 ], [ 39.177410127000087, -6.787668226999926 ], [ 39.177360535000048, -6.787836551999874 ], [ 39.177307129000098, -6.787901877999957 ], [ 39.177341461000083, -6.788345335999963 ], [ 39.177219391000108, -6.789194583999972 ], [ 39.177173614000139, -6.789535521999937 ], [ 39.177181244000053, -6.78969430899997 ], [ 39.17709732000003, -6.790254592999929 ], [ 39.177066803000116, -6.790430545999925 ], [ 39.177040100000113, -6.79058694899993 ], [ 39.177013398000042, -6.790760039999952 ], [ 39.176986695000039, -6.790913581999916 ], [ 39.177021026000148, -6.790998457999933 ], [ 39.1771011350001, -6.791187761999879 ], [ 39.177146912000069, -6.791239738999934 ], [ 39.177299499000185, -6.791411876999973 ], [ 39.177402497000173, -6.791720389999966 ], [ 39.177444458000025, -6.791944026999943 ], [ 39.177482605000023, -6.792056559999935 ], [ 39.177516937000064, -6.792154311999923 ], [ 39.177577972000051, -6.792401790999975 ], [ 39.177677154000094, -6.792653560999952 ], [ 39.177814483000134, -6.792927740999971 ], [ 39.17786788900014, -6.793036460999815 ], [ 39.177902222000057, -6.793181417999904 ], [ 39.17798233100018, -6.793225287999974 ], [ 39.177997589000029, -6.793257235999874 ], [ 39.178012848000151, -6.793288707999977 ], [ 39.178054810000049, -6.793368338999926 ], [ 39.178153992000091, -6.793535231999954 ], [ 39.178234100000168, -6.79385757499989 ], [ 39.178260804000047, -6.793917179999937 ], [ 39.178314209000121, -6.7941198339999 ], [ 39.178295136000031, -6.794540881999922 ], [ 39.178287506000117, -6.79466438299994 ], [ 39.178245544000049, -6.794658183999957 ], [ 39.178203582000094, -6.794652461999931 ], [ 39.178112030000193, -6.794632910999894 ], [ 39.177932738999971, -6.794597148999969 ], [ 39.177783967000096, -6.794569014999979 ], [ 39.177612304000036, -6.794533251999951 ], [ 39.177356720000034, -6.794493674999956 ], [ 39.177192689000037, -6.794525622999913 ], [ 39.176925659000176, -6.794405937999954 ], [ 39.176856994000048, -6.794453619999899 ], [ 39.176837920000082, -6.794476985999893 ], [ 39.176700590999985, -6.794627187999879 ], [ 39.176700590999985, -6.794909476999976 ], [ 39.176715852000086, -6.795200824999938 ], [ 39.176727295000092, -6.795420645999968 ], [ 39.176727295000092, -6.795449733999931 ], [ 39.176727295000092, -6.795497416999865 ], [ 39.176731110000105, -6.795540332999963 ], [ 39.176616670000101, -6.795619964999958 ], [ 39.176376343000186, -6.795637607999936 ], [ 39.176055908000023, -6.795708178999973 ], [ 39.175949096000068, -6.795897959999877 ], [ 39.17588806100008, -6.796158312999921 ], [ 39.175556182999969, -6.796092033999969 ], [ 39.175239563000105, -6.796087741999941 ], [ 39.175159454000095, -6.796087741999941 ], [ 39.175102234000178, -6.796087741999941 ], [ 39.174968720000152, -6.796096324999951 ], [ 39.174774171000138, -6.796283245999973 ], [ 39.174751282000102, -6.796300886999973 ], [ 39.174716948000082, -6.796341895999944 ], [ 39.174484252000013, -6.796581744999969 ], [ 39.174514771000133, -6.79697370599996 ], [ 39.174514771000133, -6.797042368999882 ], [ 39.174518586000033, -6.797103881999931 ], [ 39.174530028999982, -6.797154426999896 ], [ 39.174541473000033, -6.797274589999915 ], [ 39.174579620000088, -6.79739665999989 ], [ 39.174564361000193, -6.79758834699993 ], [ 39.174575806000121, -6.797623155999872 ], [ 39.17451095600012, -6.79764556899994 ], [ 39.174327850000054, -6.797663210999929 ], [ 39.174255371000186, -6.7976675029999 ], [ 39.173976898000149, -6.797681330999978 ], [ 39.173545838, -6.797702789999903 ], [ 39.173328400000116, -6.797707079999896 ], [ 39.173145294000108, -6.797742366999955 ], [ 39.173122406000175, -6.797718524999937 ], [ 39.173095702000069, -6.797689436999974 ], [ 39.173030854000046, -6.79767608599991 ], [ 39.172988892000092, -6.79765081499994 ], [ 39.172912598000039, -6.797567843999843 ], [ 39.172786713000164, -6.797438621999959 ], [ 39.172710419000055, -6.797378539999897 ], [ 39.172630310000102, -6.797333716999901 ], [ 39.172542571000065, -6.797299860999942 ], [ 39.172435761000088, -6.797276972999953 ], [ 39.172294617000148, -6.797258376999878 ], [ 39.172142028000053, -6.797267913999974 ], [ 39.171993256000178, -6.797313688999964 ], [ 39.171894073000033, -6.797392367999976 ], [ 39.171817780000026, -6.797466278999877 ], [ 39.171752929000093, -6.797558307999964 ], [ 39.171665192000034, -6.797678470999927 ], [ 39.171577454000044, -6.797793863999971 ], [ 39.17150878800004, -6.797927379999919 ], [ 39.171474456000055, -6.798064708999902 ], [ 39.171459198000036, -6.798134802999925 ], [ 39.171447755000031, -6.79818296499991 ], [ 39.171386719000168, -6.798413275999962 ], [ 39.171154021000063, -6.798523425999861 ], [ 39.170951844000172, -6.798459529999889 ], [ 39.170898437000062, -6.79844427199987 ], [ 39.17083358900004, -6.798375128999908 ], [ 39.17080307000009, -6.798333643999968 ], [ 39.170742035000103, -6.798273563999942 ], [ 39.170715333000032, -6.798214435999967 ], [ 39.170551300000056, -6.797985075999975 ], [ 39.170524597000053, -6.797959803999959 ], [ 39.170337678000124, -6.797791003999919 ], [ 39.170314789000088, -6.797764299999926 ], [ 39.170269012000119, -6.797777175999954 ], [ 39.170242309000173, -6.797784328999967 ], [ 39.170177460000048, -6.797811984999953 ], [ 39.170085906000111, -6.797872064999979 ], [ 39.169994354000153, -6.797876834999897 ], [ 39.169902802000024, -6.797844408999879 ], [ 39.169734955000081, -6.797802924999928 ], [ 39.169601441000054, -6.797807691999878 ], [ 39.169494629000098, -6.797816752999893 ], [ 39.169342041000107, -6.797775267999953 ], [ 39.16925048700017, -6.797673700999894 ], [ 39.169147492000093, -6.797521590999906 ], [ 39.169101715000124, -6.79735517599994 ], [ 39.169025421000185, -6.797115324999879 ], [ 39.168964386000027, -6.796949386999927 ], [ 39.168861389000085, -6.796713828999941 ], [ 39.168739318000064, -6.796487807999938 ], [ 39.168628693000016, -6.796330927999975 ], [ 39.1685714730001, -6.796280382999896 ], [ 39.16854476900005, -6.796268939999948 ], [ 39.168453217000092, -6.796234130999892 ], [ 39.1683235160001, -6.796261786999935 ], [ 39.168193817000144, -6.796349525999915 ], [ 39.168037415000128, -6.79632186799995 ], [ 39.167919160000054, -6.79624795899997 ], [ 39.16777420000011, -6.796174047999955 ], [ 39.167701722000174, -6.796155451999937 ], [ 39.167545319000112, -6.796082018999925 ], [ 39.167240143000072, -6.796008109999946 ], [ 39.167068482000161, -6.796008109999946 ], [ 39.167026520000093, -6.796021460999953 ], [ 39.166980743000124, -6.796035766999978 ], [ 39.166847229000098, -6.79609107899995 ], [ 39.166755675000161, -6.796136855999919 ], [ 39.166690827000082, -6.796175480999921 ], [ 39.166648865000184, -6.79619932199995 ], [ 39.16650009100016, -6.796243190999917 ], [ 39.166358947000163, -6.796263216999876 ], [ 39.16623687800012, -6.796258926999883 ], [ 39.166107177000129, -6.796243190999917 ], [ 39.165939332, -6.796163557999932 ], [ 39.165794372999983, -6.796072005999974 ], [ 39.165660859000127, -6.796060084999965 ], [ 39.165546415999984, -6.796103954999978 ], [ 39.165493011000137, -6.796131610999907 ], [ 39.165439606000064, -6.796159266999894 ], [ 39.165313720000142, -6.796226977999936 ], [ 39.165206910000165, -6.796238420999885 ], [ 39.165161133000026, -6.796243190999917 ], [ 39.164985657000045, -6.796223162999979 ], [ 39.164810181000121, -6.796191215999954 ], [ 39.164760589000082, -6.796184538999967 ], [ 39.16466140700004, -6.796180247999871 ], [ 39.164604187000123, -6.796178340999973 ], [ 39.164398192000021, -6.796213626999872 ], [ 39.164180755000075, -6.796450137999898 ], [ 39.164043425999978, -6.796596527999952 ], [ 39.163841248000153, -6.796627996999973 ], [ 39.163459778, -6.796586512999909 ], [ 39.16312790000012, -6.796645639999895 ], [ 39.162979126000039, -6.796692847999907 ], [ 39.162853240000118, -6.796734331999971 ], [ 39.162727356000175, -6.796736239999973 ], [ 39.16254806500018, -6.796799659999976 ], [ 39.162292481000179, -6.796815870999978 ], [ 39.162044525000056, -6.796946524999953 ], [ 39.161895752000135, -6.797184942999934 ], [ 39.161888122, -6.797227382999893 ], [ 39.161838532000161, -6.797482966999837 ], [ 39.161838532000161, -6.797515868999881 ], [ 39.161846160000096, -6.797782420999908 ], [ 39.161846160000096, -6.79784631699988 ], [ 39.161846160000096, -6.797887800999945 ], [ 39.161865234000061, -6.798003673999915 ], [ 39.161899567000148, -6.798241137999923 ], [ 39.161895752000135, -6.798329828999897 ], [ 39.16188430700015, -6.798397539999939 ], [ 39.16180419799997, -6.798541068999896 ], [ 39.161705016000155, -6.798594951999917 ], [ 39.161605834000113, -6.798620699999901 ], [ 39.161449432000154, -6.798652648999962 ], [ 39.161327363000055, -6.798640728999885 ], [ 39.161075592000088, -6.798632620999911 ], [ 39.160934448000148, -6.798620699999901 ], [ 39.16078567500017, -6.798624514999972 ], [ 39.16070556700015, -6.798608779999881 ], [ 39.160568238000053, -6.798600673999943 ], [ 39.160438537000061, -6.798576830999934 ], [ 39.16034317000009, -6.798584937999976 ], [ 39.160205841000163, -6.798569202999829 ], [ 39.160102844000107, -6.798573017999956 ], [ 39.160041808000187, -6.798604964999925 ], [ 39.160011292000149, -6.798672674999864 ], [ 39.160037995000152, -6.798712729999977 ], [ 39.16012191700014, -6.798768041999949 ], [ 39.160160064000024, -6.798829554999941 ], [ 39.160186767000027, -6.798883437999962 ], [ 39.16020202600015, -6.79890966399995 ], [ 39.160179137000114, -6.798943519999966 ], [ 39.160114289000035, -6.7989912029999 ], [ 39.159999848000098, -6.799042701999838 ], [ 39.159927368000126, -6.799095629999954 ], [ 39.159896850999985, -6.799116133999973 ], [ 39.159770965000064, -6.79920244199991 ], [ 39.159687042000144, -6.799262045999967 ], [ 39.159626006000053, -6.799381255999947 ], [ 39.159561158000031, -6.799536705999856 ], [ 39.159519196000133, -6.799604415999966 ], [ 39.159473419000165, -6.799668311999881 ], [ 39.159427642000026, -6.799731731999827 ], [ 39.159343720000152, -6.799871443999905 ], [ 39.159263611000029, -6.800034521999919 ], [ 39.15921401900016, -6.800189970999895 ], [ 39.159179688000108, -6.800381182999899 ], [ 39.159172057000092, -6.800540447999936 ], [ 39.159065247000115, -6.800652027999945 ], [ 39.158927918000018, -6.800711630999899 ], [ 39.158775329000093, -6.800759314999937 ], [ 39.158679962000122, -6.800795076999975 ], [ 39.158504486000027, -6.800838946999932 ], [ 39.158454896000137, -6.800910949999945 ], [ 39.158447266000053, -6.800986288999979 ], [ 39.158462524000072, -6.801077842999916 ], [ 39.158493043000192, -6.801261423999904 ], [ 39.15850830100004, -6.801388739999879 ], [ 39.15850830100004, -6.801480291999894 ], [ 39.158493043000192, -6.801556109999979 ], [ 39.158466339000142, -6.80166339799996 ], [ 39.158412934000069, -6.801719187999936 ], [ 39.158279418, -6.801643371999887 ], [ 39.158214570000155, -6.801630018999958 ], [ 39.158164978000173, -6.801587581999968 ], [ 39.158069610999974, -6.801611899999955 ], [ 39.158020019000162, -6.801719187999936 ], [ 39.15800476000004, -6.80185079599994 ], [ 39.15800857500011, -6.80198192499995 ], [ 39.158012390000124, -6.802177428999926 ], [ 39.158016205000024, -6.802237034999905 ], [ 39.158023834, -6.80234050699994 ], [ 39.15803527900016, -6.802475928999968 ], [ 39.157997132000105, -6.802667139999869 ], [ 39.157894135000049, -6.802703378999922 ], [ 39.157764434000057, -6.802719592999949 ], [ 39.157627105000131, -6.802743433999979 ], [ 39.157493591000105, -6.802791117999902 ], [ 39.157363892000149, -6.802886484999817 ], [ 39.157142640000131, -6.803053377999959 ], [ 39.157005311000034, -6.803200721999872 ], [ 39.156864167000094, -6.80324840499992 ], [ 39.15676498400012, -6.803299903999914 ], [ 39.156642914000145, -6.80337142999997 ], [ 39.156539917000089, -6.803439140999956 ], [ 39.156425476000095, -6.803454876999922 ], [ 39.156356811000194, -6.80343675599994 ], [ 39.156280517000084, -6.803343771999891 ], [ 39.156227112000067, -6.803160667999919 ], [ 39.156204223000032, -6.803065298999968 ], [ 39.156131745000039, -6.802918433999878 ], [ 39.156044006000172, -6.802884577999919 ], [ 39.155956269000114, -6.802850722999949 ], [ 39.155815125000174, -6.802902220999954 ], [ 39.155735016000165, -6.802946567999925 ], [ 39.15570068400018, -6.802966116999926 ], [ 39.155563355000083, -6.803057192999972 ], [ 39.155467986000133, -6.803125858999977 ], [ 39.155441285000109, -6.803144931999952 ], [ 39.155326842000136, -6.803228378999961 ], [ 39.155212402000132, -6.803291796999929 ], [ 39.15504074100005, -6.803287981999972 ], [ 39.154884339000034, -6.803296088999957 ], [ 39.154769898000097, -6.80321931799989 ], [ 39.154663086000141, -6.803138731999979 ], [ 39.154506684000182, -6.803058147999877 ], [ 39.154384613000104, -6.802990912999917 ], [ 39.154285431000062, -6.802981851999959 ], [ 39.154235841000059, -6.802990912999917 ], [ 39.154121398000086, -6.803026676999934 ], [ 39.154026031000114, -6.803062438999973 ], [ 39.153869629000098, -6.803116320999891 ], [ 39.153808594000111, -6.803178786999922 ], [ 39.153656006000119, -6.803299426999956 ], [ 39.153526305000128, -6.803500651999911 ], [ 39.153427123000085, -6.803617 ], [ 39.153366088000098, -6.803769111999941 ], [ 39.153339386000027, -6.803863047999869 ], [ 39.153266906000056, -6.804010867999921 ], [ 39.153224946000137, -6.804064272999938 ], [ 39.153133392000029, -6.804118155999959 ], [ 39.152980805000141, -6.80416297999983 ], [ 39.152832030000127, -6.804193973999929 ], [ 39.152698517000033, -6.804216384999961 ], [ 39.152572633000091, -6.804220674999897 ], [ 39.152359008000076, -6.804252146999943 ], [ 39.152263641000104, -6.804247855999904 ], [ 39.152057649000142, -6.804261206999968 ], [ 39.151954651000096, -6.804261206999968 ], [ 39.15184783899997, -6.804229735999911 ], [ 39.151782989000139, -6.804214 ], [ 39.151718140000185, -6.804198741999926 ], [ 39.151546478000171, -6.804153918999873 ], [ 39.151313782000102, -6.804149149999944 ], [ 39.151134491000107, -6.804113387999962 ], [ 39.151012420000029, -6.80410909699998 ], [ 39.150943757000164, -6.804104804999895 ], [ 39.150909423000144, -6.804063319999955 ], [ 39.150836944000105, -6.80409526699998 ], [ 39.150535583000135, -6.804225920999954 ], [ 39.150386811000089, -6.804424761999883 ], [ 39.15031433200005, -6.804718493999871 ], [ 39.150051117000032, -6.804805754999961 ], [ 39.149940490000176, -6.804826735999939 ], [ 39.149673462000123, -6.80487728099996 ], [ 39.149497986000142, -6.804944991999946 ], [ 39.149379731000067, -6.805052278999938 ], [ 39.149375916000167, -6.805087088999926 ], [ 39.149330139000028, -6.805377959999817 ], [ 39.149204255000086, -6.805571555999848 ], [ 39.148910522000051, -6.805504797999902 ], [ 39.148685456000067, -6.805406570999935 ], [ 39.14855194200004, -6.805483816999981 ], [ 39.148429871000133, -6.805679797999915 ], [ 39.148319244000163, -6.805994032999877 ], [ 39.148475646000122, -6.806241511999929 ], [ 39.148651124000082, -6.806385993999925 ], [ 39.148712157000091, -6.806540488999815 ], [ 39.148651124000082, -6.80686521399997 ], [ 39.148509980000142, -6.807133196999928 ], [ 39.148330689000147, -6.807349681999881 ], [ 39.148315429000093, -6.807385443999976 ], [ 39.148262024000019, -6.807485580999924 ], [ 39.148281097000108, -6.807554721999963 ], [ 39.148281097000108, -6.807618616999946 ], [ 39.148281097000108, -6.807725428999959 ], [ 39.148288727000192, -6.807775019999895 ], [ 39.148303986000144, -6.807905197999844 ], [ 39.148307800999987, -6.808056829999941 ], [ 39.148242950000053, -6.808215139999902 ], [ 39.148151398000095, -6.808419703999959 ], [ 39.147998809, -6.808585166999876 ], [ 39.14789199900008, -6.808673380999892 ], [ 39.14774704000007, -6.808825015999901 ], [ 39.147617341000057, -6.808997630999897 ], [ 39.147480012000187, -6.809191225999939 ], [ 39.147399903, -6.809272288999978 ], [ 39.147300721000192, -6.809328554999922 ], [ 39.147190093000063, -6.809402942999952 ], [ 39.147018433000085, -6.8095226289999 ], [ 39.146907807000161, -6.809642313999973 ], [ 39.146823884000071, -6.809786795999912 ], [ 39.146762848000151, -6.809860706999928 ], [ 39.146705628000063, -6.809935092999922 ], [ 39.146625519000054, -6.810174941999946 ], [ 39.146556854000153, -6.810238836999929 ], [ 39.146495818000119, -6.810326575999966 ], [ 39.146461487000181, -6.81034278899989 ], [ 39.146362305000139, -6.810361862999969 ], [ 39.146297454000035, -6.810357569999894 ], [ 39.14625549200008, -6.810379503999911 ], [ 39.146186829000044, -6.810414790999914 ], [ 39.146106720000034, -6.810484885999927 ], [ 39.14606857299998, -6.81058597599997 ], [ 39.146011353000063, -6.810774801999969 ], [ 39.145999908000078, -6.810805320999975 ], [ 39.145862579000038, -6.81088876799987 ], [ 39.145805359000065, -6.810915468999951 ], [ 39.14570999100016, -6.810994147999963 ], [ 39.145675660000109, -6.811069010999972 ], [ 39.145557404000101, -6.811139106999974 ], [ 39.145420075000175, -6.811205386999973 ], [ 39.145347595000032, -6.811271190999889 ], [ 39.145309448000148, -6.81134557699994 ], [ 39.145179749000192, -6.811473369999931 ], [ 39.145099640000012, -6.811517236999919 ], [ 39.145038605000025, -6.811631201999944 ], [ 39.144969939000077, -6.811706065999886 ], [ 39.144905091, -6.811697005999974 ], [ 39.144874572000049, -6.811714648999896 ], [ 39.144790649000129, -6.811798094999972 ], [ 39.14472198500016, -6.811899184999902 ], [ 39.144676208000192, -6.811925410999947 ], [ 39.144584656000063, -6.81196069799995 ], [ 39.144466401000159, -6.81206607799993 ], [ 39.144432069000118, -6.81217575099987 ], [ 39.144374847, -6.812246321999851 ], [ 39.144348145000095, -6.812307833999967 ], [ 39.144268036000142, -6.812338352999916 ], [ 39.144138336000083, -6.812395572999947 ], [ 39.144119262000117, -6.812505245999944 ], [ 39.144123077000131, -6.81260204299997 ], [ 39.144042968000178, -6.812659262999887 ], [ 39.143913270000098, -6.8127031329999 ], [ 39.143821716000161, -6.812707422999893 ], [ 39.143795014000091, -6.812827585999969 ], [ 39.143817903000127, -6.812922477999905 ], [ 39.143730164000033, -6.813005923999981 ], [ 39.143665313000099, -6.813098430999901 ], [ 39.14365005500008, -6.813221453999972 ], [ 39.143604278000112, -6.813322543999902 ], [ 39.143585205000079, -6.81336164399994 ], [ 39.143451691, -6.81346750299997 ], [ 39.143417359000182, -6.813594816999966 ], [ 39.143394469999976, -6.813691615999971 ], [ 39.143512725999983, -6.813709734999975 ], [ 39.143745422000052, -6.813827037999886 ], [ 39.143825531000061, -6.814043520999974 ], [ 39.143943786000136, -6.814431665999905 ], [ 39.144054414000038, -6.814747810999961 ], [ 39.144195556, -6.815280435999966 ], [ 39.144332887000076, -6.815668581999944 ], [ 39.144439697000053, -6.81587648399983 ], [ 39.144584656000063, -6.815948486999901 ], [ 39.144699097, -6.816026687999909 ], [ 39.144645691000051, -6.816227434999973 ], [ 39.144546509000179, -6.816414356999928 ], [ 39.144382477000136, -6.816707132999966 ], [ 39.14419937100007, -6.816939830999956 ], [ 39.144126892000031, -6.817073821999941 ], [ 39.143981933000191, -6.81729602799993 ], [ 39.143798827000126, -6.817592143999946 ], [ 39.143661498000085, -6.81783199299997 ], [ 39.143550873000038, -6.818124771999976 ], [ 39.143383025000048, -6.818350314999975 ], [ 39.143238068000187, -6.818562029999896 ], [ 39.143074035000041, -6.818724154999813 ], [ 39.142902375000062, -6.818847655999889 ], [ 39.142765046000136, -6.818939684999975 ], [ 39.142719269000168, -6.819034576999911 ], [ 39.142677307000099, -6.819122790999927 ], [ 39.142631530000131, -6.819200991999935 ], [ 39.14259719800009, -6.819258211999966 ], [ 39.142559051000035, -6.819327352999892 ], [ 39.142475128000115, -6.819539069999905 ], [ 39.142463684000063, -6.819644927999946 ], [ 39.142459869000049, -6.819736479999904 ], [ 39.142456054000149, -6.819764613999837 ], [ 39.14244461100003, -6.81984948999991 ], [ 39.142433166000046, -6.819930553999882 ], [ 39.142414092000081, -6.820057391999967 ], [ 39.142387391000057, -6.820170402999906 ], [ 39.142353057000093, -6.820256233999942 ], [ 39.142337799000074, -6.820315836999953 ], [ 39.142288208000139, -6.82055902399992 ], [ 39.142276763000154, -6.820717810999895 ], [ 39.142242432000046, -6.820925712999895 ], [ 39.142204285, -6.821066379999877 ], [ 39.142150880000145, -6.821235656999932 ], [ 39.142066956000122, -6.821337699999958 ], [ 39.142044067000086, -6.821389196999974 ], [ 39.142024994, -6.821440219999943 ], [ 39.141864776000091, -6.821637153999973 ], [ 39.141742706000116, -6.821806431999846 ], [ 39.141609192000089, -6.822010993999868 ], [ 39.141510010000047, -6.822244166999894 ], [ 39.141506195000147, -6.822339056999965 ], [ 39.141513825000061, -6.822462557999927 ], [ 39.141548157000102, -6.822688102999962 ], [ 39.141551972000116, -6.822906970999952 ], [ 39.141563415000121, -6.82306909599987 ], [ 39.141628265000122, -6.823316096999974 ], [ 39.141670227000077, -6.82346439399987 ], [ 39.141696931000126, -6.823563098999955 ], [ 39.141696931000126, -6.823721408999916 ], [ 39.141662597000163, -6.82385921499997 ], [ 39.141620635000038, -6.823968410999953 ], [ 39.141571045000035, -6.824063777999925 ], [ 39.141407012000059, -6.824243545999877 ], [ 39.141288757000098, -6.824363231999939 ], [ 39.141246795000029, -6.824447630999884 ], [ 39.141220093000129, -6.824504375999936 ], [ 39.141185760000042, -6.824624538999956 ], [ 39.141193390000126, -6.824803351999833 ], [ 39.141139985000052, -6.825079439999911 ], [ 39.141120911000087, -6.825266360999933 ], [ 39.141124724000122, -6.825449466999885 ], [ 39.141098023000154, -6.825640200999885 ], [ 39.141105651000089, -6.825802325999973 ], [ 39.141132355000138, -6.825936317999947 ], [ 39.141151428000057, -6.826070308999931 ], [ 39.141155243000071, -6.826108932999944 ], [ 39.141185760000042, -6.826155185999937 ], [ 39.141288757000098, -6.826242923999928 ], [ 39.141357422, -6.826299666999887 ], [ 39.141468048000092, -6.826359747999902 ], [ 39.141544341000099, -6.82640886299987 ], [ 39.141639709, -6.826476097999944 ], [ 39.1417541510001, -6.826578139999924 ], [ 39.141815186000088, -6.826634407999961 ], [ 39.141868591000105, -6.826712131999955 ], [ 39.141975404000164, -6.826828479999961 ], [ 39.142074586000035, -6.82694482799991 ], [ 39.142150880000145, -6.827029703999926 ], [ 39.14229965200019, -6.82709312399993 ], [ 39.142402649000076, -6.827156542999944 ], [ 39.142532348000088, -6.827202319999969 ], [ 39.142581940000071, -6.827219962999948 ], [ 39.142723084000068, -6.827265739999973 ], [ 39.142818451000039, -6.82734012599991 ], [ 39.142921448000095, -6.827399730999957 ], [ 39.143020630000137, -6.827435015999981 ], [ 39.143188475999978, -6.827498435999871 ], [ 39.143360139000094, -6.827527044999954 ], [ 39.143424987000117, -6.827537535999909 ], [ 39.143611908000025, -6.827548025999931 ], [ 39.143722534000119, -6.827548025999931 ], [ 39.14379119900002, -6.827516078999906 ], [ 39.143852234, -6.827466964999928 ], [ 39.143939971000123, -6.827403543999935 ], [ 39.144065857000044, -6.827343463999966 ], [ 39.14421844400016, -6.827280043999963 ], [ 39.144302368000126, -6.82719898199997 ], [ 39.14437103400013, -6.827110767999955 ], [ 39.144432069000118, -6.827004909999914 ], [ 39.144493102000126, -6.826972483999896 ], [ 39.14464187599998, -6.827067375999945 ], [ 39.144836426000097, -6.82725000399995 ], [ 39.145069122000166, -6.827460766999877 ], [ 39.145309448000148, -6.827759742999945 ], [ 39.145435334000126, -6.827876090999951 ], [ 39.145793915000183, -6.828222751999931 ], [ 39.145935059000124, -6.828654764999897 ], [ 39.145999908000078, -6.828835010999967 ], [ 39.146060943000066, -6.829000948999976 ], [ 39.146083832000102, -6.82909250299997 ], [ 39.146209717000147, -6.82932805899992 ], [ 39.146385193000071, -6.829627512999934 ], [ 39.146610261000035, -6.829861163999965 ], [ 39.146636963000162, -6.829887867999958 ], [ 39.146747590000132, -6.829963683999949 ], [ 39.146900177000077, -6.830071448999888 ], [ 39.146976471000187, -6.830123423999908 ], [ 39.147346496000125, -6.830366134999906 ], [ 39.14736877051849, -6.830387016874337 ], [ 39.147367686871519, -6.830392009870626 ], [ 39.147331202602174, -6.830486983693432 ], [ 39.1469987, -6.8313262 ], [ 39.146818944652402, -6.831970628362275 ], [ 39.146816253000054, -6.831977367999912 ], [ 39.146744174943485, -6.832058455889817 ], [ 39.1466973, -6.8321105 ], [ 39.146684396410123, -6.832113868356141 ], [ 39.146595001000037, -6.832136630999969 ], [ 39.146514892000084, -6.832261083999981 ], [ 39.146480805847858, -6.832419208520376 ], [ 39.146480254183174, -6.832420566611556 ], [ 39.14647962012311, -6.832421017792795 ], [ 39.146344037331311, -6.832495321899216 ], [ 39.146343231000174, -6.832495689999917 ], [ 39.146179199000073, -6.832491397999831 ], [ 39.146041870000033, -6.832379816999946 ], [ 39.146022103358327, -6.832321046716893 ], [ 39.145962959043118, -6.832132219682656 ], [ 39.145961761000024, -6.832128047999959 ], [ 39.145816804000049, -6.832066059999875 ], [ 39.145584106000172, -6.832079410999938 ], [ 39.14540863000019, -6.832145690999937 ], [ 39.145276894060679, -6.832201039107309 ], [ 39.1452704, -6.8322036 ], [ 39.145130287117212, -6.832375692225479 ], [ 39.145114899000134, -6.8323936459999 ], [ 39.144981493902371, -6.832420327219288 ], [ 39.144968691171925, -6.832415060004374 ], [ 39.144832611000083, -6.832358360999933 ], [ 39.144702912000071, -6.832198618999939 ], [ 39.144588471000134, -6.832097053999973 ], [ 39.144485474000192, -6.832101343999966 ], [ 39.144390107000049, -6.832190035999929 ], [ 39.144393787698625, -6.832227319844803 ], [ 39.14439286616377, -6.832228573882063 ], [ 39.144294738000042, -6.832220554999878 ], [ 39.144271851000042, -6.832177162999926 ], [ 39.144245148000039, -6.832125187999907 ], [ 39.14419937100007, -6.832073210999965 ], [ 39.144145966000167, -6.83204698399993 ], [ 39.143962860000102, -6.831990718999975 ], [ 39.143836975999989, -6.832077502999937 ], [ 39.143672943000013, -6.832020759999978 ], [ 39.14367228795119, -6.832016802635101 ], [ 39.143692993376845, -6.831532372008057 ], [ 39.143695832000049, -6.831512926999949 ], [ 39.143600463000098, -6.831369876999929 ], [ 39.143598866879408, -6.831371050615911 ], [ 39.1435983, -6.8313702 ], [ 39.14332223669669, -6.831469475464366 ], [ 39.14332199200004, -6.83146953499994 ], [ 39.143320308450456, -6.831462169848733 ], [ 39.14331412354489, -6.831206114758549 ], [ 39.14332199200004, -6.831165789999943 ], [ 39.14332199200004, -6.831109522999952 ], [ 39.143307793000389, -6.830944030216271 ], [ 39.1433075, -6.8309319 ], [ 39.143295205327284, -6.83091448451351 ], [ 39.143257141000106, -6.830857752999918 ], [ 39.14320160703214, -6.83086517888055 ], [ 39.1430905, -6.8308798 ], [ 39.142887111286029, -6.831027029888088 ], [ 39.142858728581359, -6.831020335815553 ], [ 39.142588407565945, -6.830951821272475 ], [ 39.142562866000105, -6.830944537999926 ], [ 39.142561191404987, -6.830944923167163 ], [ 39.1425611, -6.8309449 ], [ 39.142097341774864, -6.831044562081974 ], [ 39.142095933685788, -6.831043351944862 ], [ 39.141973242240724, -6.830827520332857 ], [ 39.14197158900015, -6.830822943999976 ], [ 39.141952515000128, -6.830714701999909 ], [ 39.14197158900015, -6.830623626999909 ], [ 39.141941069999973, -6.830454348999922 ], [ 39.141887665000127, -6.83026313799985 ], [ 39.141864776000091, -6.83021545299988 ], [ 39.141761778999978, -6.830115793999937 ], [ 39.141670227000077, -6.830029009999919 ], [ 39.141490936000082, -6.829885482999941 ], [ 39.141353607000156, -6.82979869899998 ], [ 39.141212463000045, -6.82973814099995 ], [ 39.141048431000115, -6.829699038999877 ], [ 39.140830993000066, -6.829677580999885 ], [ 39.140655517000141, -6.829659939999942 ], [ 39.140571593000118, -6.829658031999941 ], [ 39.14048385600006, -6.829655646999925 ], [ 39.14027608240351, -6.829663067423771 ], [ 39.140201697408969, -6.829657068336625 ], [ 39.140068055000029, -6.829634188999933 ], [ 39.139816285000165, -6.829603671999905 ], [ 39.139598847000116, -6.829607962999887 ], [ 39.139548769503968, -6.82960059259049 ], [ 39.138870756724749, -6.829492243670767 ], [ 39.13886261, -6.829490661999955 ], [ 39.13884380520394, -6.829485307667396 ], [ 39.138358416602927, -6.829343273760541 ], [ 39.138332366000043, -6.829334734999861 ], [ 39.13806152300009, -6.829199790999951 ], [ 39.138012217180211, -6.829199790999951 ], [ 39.13758920360474, -6.829019828679484 ], [ 39.137584686000139, -6.829017161999957 ], [ 39.137549156571531, -6.829010288870164 ], [ 39.137313252271007, -6.828960398848653 ], [ 39.137268066000047, -6.828949928999975 ], [ 39.137123109000072, -6.828963279999925 ], [ 39.137004851000029, -6.829026221999925 ], [ 39.136981965000132, -6.829053400999953 ], [ 39.136924745000158, -6.829133987999967 ], [ 39.136901856000122, -6.82922363199998 ], [ 39.136877397068254, -6.829277982490741 ], [ 39.136866173117618, -6.829300059485599 ], [ 39.136775970000031, -6.829308985999944 ], [ 39.13658523600003, -6.829237459999888 ], [ 39.136447907000161, -6.829201220999892 ], [ 39.136333465000121, -6.829163550999908 ], [ 39.136333429044093, -6.82916416701446 ], [ 39.1363317, -6.8291636 ], [ 39.136327435163572, -6.829228762733293 ], [ 39.135959625000055, -6.829209803999902 ], [ 39.135921478, -6.829191684999898 ], [ 39.135608673000149, -6.829042910999874 ], [ 39.135456653494586, -6.828988773050816 ], [ 39.135136425303891, -6.828847789565402 ], [ 39.135082246000024, -6.828823089999958 ], [ 39.13508086027894, -6.828823326538374 ], [ 39.1350808, -6.8288233 ], [ 39.135080182765357, -6.828823442187903 ], [ 39.134727477000069, -6.82888364799993 ], [ 39.13423481120995, -6.829018184349663 ], [ 39.134231110310921, -6.829019036899139 ], [ 39.133697509000115, -6.828980445999946 ], [ 39.133696203648846, -6.828980943675437 ], [ 39.1336956, -6.8289809 ], [ 39.133638418160189, -6.829002974849789 ], [ 39.133544922000056, -6.829038620999938 ], [ 39.133445739000081, -6.829124926999896 ], [ 39.133396149000077, -6.829154013999926 ], [ 39.133377962309623, -6.829195389602916 ], [ 39.1333756, -6.8291976 ], [ 39.1325779, -6.8295893 ], [ 39.132392108560133, -6.829753732437686 ], [ 39.13228607200017, -6.829846858999929 ], [ 39.132268754499847, -6.829917626368508 ], [ 39.1322354, -6.83005 ], [ 39.1319492, -6.8304211 ], [ 39.1320055, -6.830655 ], [ 39.1321934, -6.8309522 ], [ 39.132185268875695, -6.830983866582566 ], [ 39.132148743000073, -6.831109047999917 ], [ 39.132124112588478, -6.831222039133738 ], [ 39.1321081, -6.8312844 ], [ 39.1320297, -6.8313546 ], [ 39.131990128740824, -6.831604053317588 ], [ 39.13198089600013, -6.831661223999959 ], [ 39.131951015583702, -6.831745530919174 ], [ 39.1317689, -6.8322553 ], [ 39.131347677274441, -6.832737938968895 ], [ 39.131259919000058, -6.832838058999926 ], [ 39.131241753711855, -6.83284879315195 ], [ 39.130510811475915, -6.833265140502435 ], [ 39.130458832000102, -6.833293914999956 ], [ 39.130443779421689, -6.833303322203812 ], [ 39.1304224, -6.8333155 ], [ 39.130248462000374, -6.833545760320819 ], [ 39.130062103000057, -6.833792208999967 ], [ 39.129798889000142, -6.833856105999928 ], [ 39.12955760691667, -6.833958406450993 ], [ 39.129174029508036, -6.834084497808919 ], [ 39.129146575000163, -6.834091186999956 ], [ 39.12913146757316, -6.834098488967012 ], [ 39.1288035, -6.8342063 ], [ 39.128665721339402, -6.834294970191215 ], [ 39.12842941200006, -6.834422587999939 ], [ 39.128376006999986, -6.834468839999943 ], [ 39.128269196000133, -6.834537505999947 ], [ 39.12825412412365, -6.83455986174747 ], [ 39.128082161558424, -6.834670531668885 ], [ 39.128081446262883, -6.834670453917243 ], [ 39.12774385315317, -6.834487361461473 ], [ 39.127696990000061, -6.83446073499988 ], [ 39.12758636500007, -6.834432600999946 ], [ 39.127441406000059, -6.834386825999957 ], [ 39.127346039000031, -6.834372997999878 ], [ 39.127143859, -6.834326265999948 ], [ 39.127143615465137, -6.834325684006903 ], [ 39.127065, -6.8340726 ], [ 39.127052699245255, -6.834064172918354 ], [ 39.127052307000099, -6.834062575999951 ], [ 39.126766204000148, -6.83386659699994 ], [ 39.126760632006942, -6.833866716706028 ], [ 39.12592430932424, -6.833849161070967 ], [ 39.125923157000102, -6.833848952999972 ], [ 39.125862121000182, -6.833789825999872 ], [ 39.125835418, -6.833748816999957 ], [ 39.125768444167356, -6.833729131793221 ], [ 39.12509959933503, -6.833204535157969 ], [ 39.125080110000056, -6.833188056999916 ], [ 39.12491607700008, -6.832864759999893 ], [ 39.124900819000061, -6.832834720999927 ], [ 39.124721528000066, -6.832478046999881 ], [ 39.124683381000182, -6.832406997999954 ], [ 39.124538422000171, -6.832158564999929 ], [ 39.124512247916755, -6.832127846774352 ], [ 39.124354097722083, -6.831868925206801 ], [ 39.124313354000037, -6.831757545999949 ], [ 39.124146496975804, -6.831529043799982 ], [ 39.1241425, -6.8315225 ], [ 39.124109204204252, -6.831432839388509 ], [ 39.124031068000136, -6.831217287999948 ], [ 39.123744965000185, -6.831116675999965 ], [ 39.123126983000191, -6.831221579999919 ], [ 39.123113401899872, -6.831215409264133 ], [ 39.12282714548634, -6.831079879885118 ], [ 39.122535706000065, -6.830920695999964 ], [ 39.122142792000034, -6.83075523399998 ], [ 39.121559142000081, -6.830772398999954 ], [ 39.121486664000088, -6.830751895999981 ], [ 39.121097341944491, -6.830640850928947 ], [ 39.1210682, -6.8306325 ], [ 39.1208922, -6.8304157 ], [ 39.12089210668497, -6.830415910331168 ], [ 39.120891571000186, -6.830415247999895 ], [ 39.120903014000135, -6.830182073999879 ], [ 39.120990753, -6.829743385999905 ], [ 39.121269226000038, -6.829212188999918 ], [ 39.121501922000107, -6.828891753999869 ], [ 39.121681213000102, -6.828680991999931 ], [ 39.121730805000141, -6.828419683999925 ], [ 39.121757507000041, -6.828011989999936 ], [ 39.121814727000185, -6.828011989999936 ], [ 39.121906281000122, -6.827960967999957 ], [ 39.122081757000046, -6.827744006999978 ], [ 39.122390746000121, -6.827571391999868 ], [ 39.1227417, -6.827488422999863 ], [ 39.1227417, -6.827456950999931 ], [ 39.122817994000116, -6.826261997999893 ], [ 39.122779847000061, -6.825387 ], [ 39.122749328000111, -6.824161051999965 ], [ 39.122772217000147, -6.822973250999951 ], [ 39.12279892000015, -6.822187423999935 ], [ 39.122875214000089, -6.821810721999952 ], [ 39.122875214000089, -6.8214721679999 ], [ 39.122875214000089, -6.821076392999942 ], [ 39.12294006400009, -6.820724963999965 ], [ 39.123302459000172, -6.820610045999956 ], [ 39.123672486000146, -6.820565223999893 ], [ 39.123954772000047, -6.820539949999954 ], [ 39.124237060000098, -6.82040595899997 ], [ 39.124683381000182, -6.819987296999955 ], [ 39.12513351500013, -6.819597242999919 ], [ 39.125442504000034, -6.819344996999916 ], [ 39.125492096000073, -6.819302081999922 ], [ 39.125637054000151, -6.819168567999895 ], [ 39.125690461000033, -6.819036959999949 ], [ 39.125732423000102, -6.819016933999876 ], [ 39.125728608000088, -6.818879126999946 ], [ 39.12577056900011, -6.818606853999938 ], [ 39.125724792000142, -6.818332193999879 ], [ 39.125724792000142, -6.818181513999946 ], [ 39.125705719000052, -6.818129538999926 ], [ 39.125564575000112, -6.817748068999947 ], [ 39.125522613000157, -6.817607402999954 ], [ 39.12549591200019, -6.81720828899995 ], [ 39.125534058000142, -6.817024229999959 ], [ 39.125568390000126, -6.816895006999971 ], [ 39.125679016000049, -6.816482544999872 ], [ 39.125759124000126, -6.816321849999895 ], [ 39.125785828000176, -6.816248415999951 ], [ 39.125808716000108, -6.816206931999886 ], [ 39.125957489000086, -6.815925598999968 ], [ 39.126159668000014, -6.815539359999889 ], [ 39.126243592000037, -6.815375804999974 ], [ 39.126342774000079, -6.815202234999902 ], [ 39.126525880000145, -6.814865111999893 ], [ 39.126689910000039, -6.814661026999886 ], [ 39.126804350999976, -6.814521789999901 ], [ 39.126979829000106, -6.814404964999937 ], [ 39.127006530000131, -6.814359187999969 ], [ 39.127105712000173, -6.814196584999934 ], [ 39.127288818000011, -6.813888550999934 ], [ 39.127391816, -6.813715934999948 ], [ 39.127601623000089, -6.813685893999946 ], [ 39.127727509000181, -6.813668250999967 ], [ 39.127906800000176, -6.81364250199988 ], [ 39.128295898000033, -6.813590048999913 ], [ 39.128475189000028, -6.813547609999944 ], [ 39.128665925000178, -6.813529013999926 ], [ 39.128803254000104, -6.813491821999946 ], [ 39.128921510000112, -6.813403605999952 ], [ 39.129360197999972, -6.813055991999875 ], [ 39.129524231000175, -6.81268978199995 ], [ 39.130168916000116, -6.81239795599987 ], [ 39.130413055000133, -6.81204557399991 ], [ 39.130538941000111, -6.811753750999969 ], [ 39.130943299000137, -6.811600685999963 ], [ 39.131298066000113, -6.811410426999942 ], [ 39.131320952000067, -6.811382292999951 ], [ 39.131511689000092, -6.81114625999993 ], [ 39.131675721000192, -6.810833929999944 ], [ 39.131752015000075, -6.810539245999905 ], [ 39.131778716000099, -6.810281276999888 ], [ 39.131793977000029, -6.81013583999993 ], [ 39.131847382000103, -6.809834480999939 ], [ 39.131870270000036, -6.809677123999904 ], [ 39.132171632000109, -6.809343337999906 ], [ 39.132244110000045, -6.80925512399989 ], [ 39.13228607200017, -6.809204100999921 ], [ 39.132434845000091, -6.809074401999965 ], [ 39.132778168000186, -6.808977125999888 ], [ 39.133068084000172, -6.808986663999974 ], [ 39.133312225000054, -6.808833598999911 ], [ 39.133483886000135, -6.808782576999874 ], [ 39.133781433000138, -6.808847426999932 ], [ 39.133926392000149, -6.808731555999827 ], [ 39.133956908000187, -6.80871439099991 ], [ 39.134052277000194, -6.808705329999952 ], [ 39.134174346000066, -6.808609962999981 ], [ 39.134250642000154, -6.80853891299995 ], [ 39.134353637000061, -6.808438299999978 ], [ 39.1344032290001, -6.808387755999888 ], [ 39.134574890000181, -6.808354853999901 ], [ 39.134788512000057, -6.808317184999908 ], [ 39.134956360000103, -6.808174132999966 ], [ 39.13509368900003, -6.807972430999882 ], [ 39.13523864800004, -6.807878971999969 ], [ 39.13539505000017, -6.807868955999936 ], [ 39.135540008000078, -6.807745932999978 ], [ 39.135620116000155, -6.807701587999873 ], [ 39.135730744000057, -6.807553768999981 ], [ 39.135845184000118, -6.807440757999871 ], [ 39.136024475000113, -6.807366369999954 ], [ 39.136325837000186, -6.807318687999896 ], [ 39.136463166000055, -6.807258604999902 ], [ 39.137119294000172, -6.807132720999959 ], [ 39.137245178000114, -6.806947230999981 ], [ 39.137435914000093, -6.806881426999951 ], [ 39.137687683000081, -6.806881426999951 ], [ 39.137802124000189, -6.806965350999974 ], [ 39.138076781000109, -6.807007312999872 ], [ 39.138256072000104, -6.806961058999946 ], [ 39.138587953000126, -6.806881426999951 ], [ 39.138557434000177, -6.806749820999926 ], [ 39.138294219000159, -6.806630132999942 ], [ 39.138114928000164, -6.80640888299996 ], [ 39.137958525999977, -6.806294917999935 ], [ 39.13784408500004, -6.806181429999924 ], [ 39.13772964500015, -6.805972099999963 ], [ 39.137599944000158, -6.805738448999875 ], [ 39.137390137000125, -6.80557107899989 ], [ 39.137229919, -6.805427073999965 ], [ 39.13702392700003, -6.80525970399998 ], [ 39.136833191000051, -6.805002211999977 ], [ 39.13663101100019, -6.804757117999941 ], [ 39.136520386000029, -6.804691314999957 ], [ 39.136409760000106, -6.804547309999919 ], [ 39.136306763, -6.804433822999954 ], [ 39.136116027000071, -6.80429601599991 ], [ 39.1358947760001, -6.804116724999972 ], [ 39.135864258000083, -6.804078100999902 ], [ 39.135784149000131, -6.803966997999964 ], [ 39.135726928999986, -6.803835391999883 ], [ 39.135707855000192, -6.803769588999955 ], [ 39.135677339000154, -6.803613661999918 ], [ 39.135635377000085, -6.803500175999943 ], [ 39.135562896000181, -6.803488253999944 ], [ 39.135440826000035, -6.80330562499995 ], [ 39.13523483300014, -6.802871226999969 ], [ 39.135120393000079, -6.802709578999895 ], [ 39.135074616000111, -6.802519797999935 ], [ 39.135025024000129, -6.802291391999972 ], [ 39.13509368900003, -6.802163600999961 ], [ 39.13509368900003, -6.801902770999959 ], [ 39.135086059000116, -6.801737783999897 ], [ 39.135120393000079, -6.801578520999954 ], [ 39.135192871000072, -6.801455972999918 ], [ 39.135246276000089, -6.801264286999981 ], [ 39.135227203000056, -6.801024912999878 ], [ 39.135116577000133, -6.800892351999948 ], [ 39.135082246000024, -6.800772665999887 ], [ 39.135143279000033, -6.800535677999903 ], [ 39.135124206000114, -6.800502300999881 ], [ 39.135036469000056, -6.800354956999968 ], [ 39.135036469000056, -6.800325869999938 ], [ 39.135017395000091, -6.800277232999917 ], [ 39.135005950000107, -6.80023288599989 ], [ 39.134990692000088, -6.800194738999949 ], [ 39.134937287000014, -6.800033091999978 ], [ 39.134857178000061, -6.799805163999963 ], [ 39.134853363000047, -6.799767493999923 ], [ 39.134853363000047, -6.799553393999815 ], [ 39.134822846000077, -6.799311159999945 ], [ 39.134784699000193, -6.799224375999927 ], [ 39.134777069000108, -6.799195289999943 ], [ 39.134700775000169, -6.798985957999946 ], [ 39.134708404000037, -6.798956393999958 ], [ 39.134780884000179, -6.798906325999894 ], [ 39.134826659000112, -6.798849582999935 ], [ 39.134841920000042, -6.798808573999906 ], [ 39.134899140000186, -6.798675537999941 ], [ 39.134914398000035, -6.798586368999906 ], [ 39.134899140000186, -6.798551559999964 ], [ 39.134868621000066, -6.798502444999883 ], [ 39.134834289000025, -6.79844427199987 ], [ 39.134849548000147, -6.798415660999979 ], [ 39.134857178000061, -6.798386096999934 ], [ 39.134860993000132, -6.79835653299989 ], [ 39.13487243600008, -6.798273563999942 ], [ 39.134838104000096, -6.798180101999947 ], [ 39.134830474000182, -6.798123359999977 ], [ 39.134849548000147, -6.798078059999966 ], [ 39.134887695000032, -6.797934532999875 ], [ 39.134963990000188, -6.797755716999916 ], [ 39.135021210000161, -6.797673225999858 ], [ 39.135154724000188, -6.797552584999892 ], [ 39.13523864800004, -6.797491549999904 ], [ 39.135246276000089, -6.797450542999968 ], [ 39.135265350000111, -6.797423838999919 ], [ 39.135269165000125, -6.797297953999873 ], [ 39.135276795000038, -6.79725551599995 ], [ 39.135322570000028, -6.796859739999945 ], [ 39.13539505000017, -6.796331405999922 ], [ 39.135433197000054, -6.796108244999971 ], [ 39.135513306000178, -6.795897959999877 ], [ 39.135540008000078, -6.795866488999934 ], [ 39.135784149000131, -6.795743942999934 ], [ 39.135749817000146, -6.795507906999944 ], [ 39.135654450000118, -6.795203207999919 ], [ 39.135608673000149, -6.79494523999989 ], [ 39.135524749000126, -6.794703483999967 ], [ 39.135410309000122, -6.794363975999943 ], [ 39.13542175200007, -6.794294356999956 ], [ 39.135463713999968, -6.793964861999882 ], [ 39.135574341000165, -6.793694496999876 ], [ 39.135459899000125, -6.793635368999958 ], [ 39.13523483300014, -6.793519973999935 ], [ 39.135139466000169, -6.793360708999899 ], [ 39.135009765000177, -6.793151853999859 ], [ 39.134983063999982, -6.792884348999905 ], [ 39.134967803000052, -6.792493820999937 ], [ 39.134983063999982, -6.792376039999965 ], [ 39.134998322, -6.792264461999878 ], [ 39.135044097000161, -6.791897297999981 ], [ 39.135070801000097, -6.791411399999902 ], [ 39.134201050000115, -6.79134750399993 ], [ 39.133403777000183, -6.791143416999944 ], [ 39.13253021200012, -6.790600776999895 ], [ 39.132301331000065, -6.790386199999887 ], [ 39.13226699900008, -6.790351389999955 ], [ 39.131969452000078, -6.790071009999963 ], [ 39.131702423000092, -6.789726733999942 ], [ 39.131237031000126, -6.789056299999913 ], [ 39.1308555600001, -6.788479327999937 ], [ 39.130775452000194, -6.78836107199993 ], [ 39.130336761000081, -6.787710188999938 ], [ 39.129768372, -6.786788940999884 ], [ 39.129730225000174, -6.786730765999948 ], [ 39.129707337000013, -6.786686895999878 ], [ 39.129653931000064, -6.786590098999966 ], [ 39.129600524000182, -6.786494254999923 ], [ 39.12934112500011, -6.786124229999871 ], [ 39.128963470000031, -6.785633086999894 ], [ 39.128627776000144, -6.78520965499996 ], [ 39.128364564000037, -6.784879683999918 ], [ 39.128181457999972, -6.784748552999929 ], [ 39.127601623000089, -6.784308909999936 ], [ 39.127574921000189, -6.784289835999971 ], [ 39.127429962000178, -6.78419732999987 ], [ 39.127212525, -6.784053324999945 ], [ 39.126937867000038, -6.783875941999952 ], [ 39.126762391000057, -6.783764361999943 ], [ 39.126277923000146, -6.783550738999907 ], [ 39.12590789800015, -6.783366202999957 ], [ 39.125862121000182, -6.783153532999904 ], [ 39.125850678000063, -6.783103942999901 ], [ 39.125820159999989, -6.782738685999959 ], [ 39.125797271000181, -6.782470225999873 ], [ 39.125762938999969, -6.782351969999979 ], [ 39.125740051000037, -6.782281398999885 ], [ 39.125667572000168, -6.782165526999961 ], [ 39.12557602000004, -6.78198909799994 ], [ 39.125778198000091, -6.781899928999962 ], [ 39.125713349000137, -6.781738281999878 ], [ 39.125347137000063, -6.781274317999873 ], [ 39.125225067000088, -6.781050204999872 ], [ 39.124961854000048, -6.78059148799997 ], [ 39.124923705000185, -6.780520914999954 ], [ 39.124759675000121, -6.780232905999924 ], [ 39.124637604000043, -6.780008315999908 ], [ 39.124591827000074, -6.779883861999849 ], [ 39.124507903000051, -6.779849527999943 ], [ 39.124359131000176, -6.77978896999997 ], [ 39.124248506000185, -6.779694555999981 ], [ 39.123935699000128, -6.779559611999844 ], [ 39.123676299000181, -6.779370307999898 ], [ 39.123603821000017, -6.779327868999928 ], [ 39.123558044000049, -6.779315470999961 ], [ 39.123542785000154, -6.779026506999969 ], [ 39.123619079000036, -6.778823852999892 ], [ 39.123744965000185, -6.77853584199994 ], [ 39.123897552000074, -6.778189657999974 ], [ 39.123912810000093, -6.777962206999916 ], [ 39.123901367000144, -6.777887343999964 ], [ 39.123828888000105, -6.777809142999956 ], [ 39.123687744000165, -6.777893543999937 ], [ 39.123607636000088, -6.778116701999977 ], [ 39.123432160000164, -6.778235912999833 ], [ 39.123298644000101, -6.778189657999974 ], [ 39.123218537000128, -6.778036117999932 ], [ 39.123229981000179, -6.777790068999877 ], [ 39.123493195000151, -6.777566908999972 ], [ 39.123615266000172, -6.777413368999873 ], [ 39.123615266000172, -6.777244090999943 ], [ 39.123748780000028, -6.777063369999894 ], [ 39.123821258000191, -6.776944636999929 ], [ 39.123962402000132, -6.776997088999906 ], [ 39.124244690000069, -6.777078627999913 ], [ 39.124443055000029, -6.777104376999887 ], [ 39.124710083000082, -6.777143000999899 ], [ 39.124950409000064, -6.77715158399991 ], [ 39.125114441000164, -6.777147293999974 ], [ 39.125263214000142, -6.777078627999913 ], [ 39.125308990000178, -6.776988506999828 ], [ 39.125286102000075, -6.776859760999912 ], [ 39.125205993000066, -6.776713848999918 ], [ 39.125061036000091, -6.77649068799991 ], [ 39.125022887000057, -6.776443480999944 ], [ 39.125015259000122, -6.77628898599994 ], [ 39.12505722100002, -6.77617311399996 ], [ 39.125183105000133, -6.776048659999958 ], [ 39.12532424900013, -6.775919913999871 ], [ 39.125427246000186, -6.77580404299988 ], [ 39.125518798000144, -6.775748252999961 ], [ 39.125709534000123, -6.77573966999995 ], [ 39.125736236000193, -6.775782584999945 ], [ 39.125747681000121, -6.775911330999975 ], [ 39.12577056900011, -6.776130198999965 ], [ 39.125789643000076, -6.776323317999925 ], [ 39.125808716000108, -6.776377677999903 ], [ 39.12582397500006, -6.776434897999934 ], [ 39.125888825000118, -6.776499270999921 ], [ 39.12601470900006, -6.776486395999939 ], [ 39.126075744000048, -6.776400088999878 ], [ 39.126106263000167, -6.776331900999935 ], [ 39.126190187000191, -6.776151656999957 ], [ 39.126213073000088, -6.776124953999954 ], [ 39.126232146000177, -6.776053904999969 ], [ 39.126243592000037, -6.775907038999947 ], [ 39.126304627000025, -6.775564192999923 ], [ 39.126365662000012, -6.775303839999879 ], [ 39.12637329100005, -6.775268077999954 ], [ 39.126407624000137, -6.775182246999918 ], [ 39.126399994000053, -6.775027751999971 ], [ 39.126369475000104, -6.774853228999973 ], [ 39.126323700000114, -6.774744510999938 ], [ 39.126201630000139, -6.77464675899995 ], [ 39.126155853000171, -6.774607179999975 ], [ 39.126033782000093, -6.774491309999974 ], [ 39.125972747000105, -6.774345874999938 ], [ 39.125980377000019, -6.774259565999898 ], [ 39.126018524000074, -6.7740707399999 ], [ 39.126052856000058, -6.773856161999902 ], [ 39.126087188999975, -6.773697852999874 ], [ 39.126110078000181, -6.773609637999925 ], [ 39.126121521000186, -6.773555755999951 ], [ 39.126174926000033, -6.773497104999933 ], [ 39.126197815000069, -6.77347135499997 ], [ 39.126247407000108, -6.773226737999948 ], [ 39.126365662000012, -6.772947311999928 ], [ 39.126625062000187, -6.772458551999932 ], [ 39.126571655000134, -6.772181033999971 ], [ 39.126544953, -6.772058962999893 ], [ 39.126564027000029, -6.771733282999946 ], [ 39.126716614000088, -6.771471500999951 ], [ 39.127174378000177, -6.77125263299996 ], [ 39.127529144, -6.77108716999993 ], [ 39.127948762000074, -6.771066188999896 ], [ 39.128005982000047, -6.771043300999963 ], [ 39.128265381000119, -6.77093744299998 ], [ 39.128589629000089, -6.770812986999942 ], [ 39.128677368000183, -6.770734310999956 ], [ 39.128765107000049, -6.770656107999969 ], [ 39.128971100000115, -6.770451067999886 ], [ 39.128986358000134, -6.770404337999935 ], [ 39.129062652000073, -6.770185469999944 ], [ 39.129127502000131, -6.769912242999908 ], [ 39.129161834000115, -6.769738196999981 ], [ 39.129173279000099, -6.769692419999842 ], [ 39.129211426000097, -6.769562720999943 ], [ 39.129627228000061, -6.76922845799993 ], [ 39.129673005000029, -6.769171714999914 ], [ 39.129821777000075, -6.768975257999898 ], [ 39.129840850000164, -6.768940924999924 ], [ 39.129913331000182, -6.768786429999921 ], [ 39.129913331000182, -6.768661021999947 ], [ 39.129978179000034, -6.768575191999957 ], [ 39.130115508000131, -6.768115995999949 ], [ 39.130458832000102, -6.767469405999918 ], [ 39.130638123000153, -6.767165183999964 ], [ 39.130722046000074, -6.766944407999915 ], [ 39.130897522000168, -6.766868114999909 ], [ 39.130947112, -6.766941547999977 ], [ 39.131114960000048, -6.76709938099998 ], [ 39.131221770000025, -6.767196177999892 ], [ 39.131301879000148, -6.76722192699998 ], [ 39.131385803000171, -6.767232416999946 ], [ 39.13143158000014, -6.76722192699998 ], [ 39.131557466000061, -6.767133234999903 ], [ 39.13162231400014, -6.767065048999939 ], [ 39.131870270000036, -6.766797065999981 ], [ 39.13212204000007, -6.766379831999927 ], [ 39.132595062000121, -6.765958784999896 ], [ 39.132846831000109, -6.765859126999942 ], [ 39.133182525000166, -6.765900134999924 ], [ 39.133380889000023, -6.7661585809999 ], [ 39.133426666, -6.766276359999893 ], [ 39.133453370000097, -6.766339301999949 ], [ 39.133560180000075, -6.766616342999953 ], [ 39.133579253000107, -6.766676902999905 ], [ 39.133625030000076, -6.766847610999889 ], [ 39.13366317700013, -6.766985892999969 ], [ 39.13369369600008, -6.767001150999931 ], [ 39.133754731000067, -6.767037390999974 ], [ 39.133937835000097, -6.767140864999931 ], [ 39.134262085000103, -6.767140864999931 ], [ 39.134487153000123, -6.767085551999969 ], [ 39.13451003900002, -6.766967296999951 ], [ 39.134437561000084, -6.766712664999943 ], [ 39.134449006000068, -6.766165731999877 ], [ 39.134624482000163, -6.765611648999879 ], [ 39.13487243600008, -6.765515326999889 ], [ 39.135204314000191, -6.765386580999973 ], [ 39.13523864800004, -6.765375136999921 ], [ 39.135463713999968, -6.765157699999975 ], [ 39.135425567000141, -6.764846801999909 ], [ 39.135440826000035, -6.764803885999925 ], [ 39.135505676000093, -6.764624119999951 ], [ 39.135631562000185, -6.76461124399998 ], [ 39.135719299000073, -6.764603138999917 ], [ 39.135936736000019, -6.764581679999935 ], [ 39.136428834000071, -6.764552593999895 ], [ 39.136539459000062, -6.76444721199988 ], [ 39.136768340000117, -6.764384268999947 ], [ 39.137043000000119, -6.76443052299993 ], [ 39.137298585, -6.764451503999965 ], [ 39.137531281000065, -6.764422415999888 ], [ 39.137805939000089, -6.764262674999884 ], [ 39.138179779000097, -6.763997554999889 ], [ 39.138408662000131, -6.763891219999891 ], [ 39.138442993000183, -6.763875961999872 ], [ 39.138717651000036, -6.763791560999834 ], [ 39.138881684000182, -6.763779162999981 ], [ 39.139030456000057, -6.76380443599993 ], [ 39.139522552000074, -6.76394557999987 ], [ 39.139553070000147, -6.763940334999972 ], [ 39.139625549000186, -6.763926504999972 ], [ 39.139854432, -6.763884067999925 ], [ 39.14020919900014, -6.763797282999974 ], [ 39.140434264000191, -6.763710021999941 ], [ 39.140476226000146, -6.763669012999969 ], [ 39.140522003000115, -6.763628482999934 ], [ 39.140590667000083, -6.763484953999978 ], [ 39.140659332000155, -6.763142107999897 ], [ 39.140750884000113, -6.762901781999915 ], [ 39.140972137, -6.762804506999942 ], [ 39.14120102000004, -6.76276874499996 ], [ 39.141338349000137, -6.762942790999944 ], [ 39.141376496000191, -6.76302909799989 ], [ 39.141441346000022, -6.763183116999926 ], [ 39.14152908300008, -6.763269900999944 ], [ 39.141639709, -6.763154982999936 ], [ 39.141693116000113, -6.763101100999904 ], [ 39.141933442000095, -6.76291704199997 ], [ 39.142127991000109, -6.762660979999964 ], [ 39.142173768000077, -6.762584208999954 ], [ 39.142223358000081, -6.762507437999886 ], [ 39.142539978000173, -6.761924265999937 ], [ 39.142570495000143, -6.761909007999918 ], [ 39.1429328910001, -6.761722088999932 ], [ 39.143035889000089, -6.761668680999946 ], [ 39.143329620000145, -6.761335849999966 ], [ 39.143482207000034, -6.761264324999956 ], [ 39.143630982000047, -6.7611927989999 ], [ 39.143775941, -6.761156559999961 ], [ 39.144069672000057, -6.761132715999906 ], [ 39.144149781000067, -6.761126040999898 ], [ 39.144390107000049, -6.761076450999894 ], [ 39.144546509000179, -6.761044024999876 ], [ 39.144878387000119, -6.760936736999952 ], [ 39.145088195000085, -6.760803697999961 ], [ 39.145114899000134, -6.760778903999949 ], [ 39.145229339000025, -6.760665416999814 ], [ 39.145561219000115, -6.76045083899993 ], [ 39.14556884700005, -6.760076998999978 ], [ 39.145576478000066, -6.759857176999901 ], [ 39.145622253, -6.759677885999906 ], [ 39.145866394000052, -6.759601116999931 ], [ 39.146385193000071, -6.759907720999934 ], [ 39.146759033000137, -6.760128496999869 ], [ 39.147544860000039, -6.760496615999955 ], [ 39.147739411000032, -6.760528087999887 ], [ 39.148109436000027, -6.760588645999917 ], [ 39.14851760800002, -6.760537622999891 ], [ 39.148773193000125, -6.760374067999976 ], [ 39.148979187000123, -6.760159015999932 ], [ 39.149246215, -6.759851930999901 ], [ 39.149593353000171, -6.759739397999908 ], [ 39.14978790300006, -6.759626865999962 ], [ 39.149776459000179, -6.759227751999958 ], [ 39.149570465000011, -6.759012698999925 ], [ 39.149284364000096, -6.758838653999931 ], [ 39.149204255000086, -6.75853204699996 ], [ 39.149345397000047, -6.758275984999898 ], [ 39.149642943000174, -6.758204458999955 ], [ 39.14978790300006, -6.758183955999925 ], [ 39.149978637000061, -6.758130549999976 ], [ 39.150115968000136, -6.758092403999967 ], [ 39.15016937300004, -6.758077144999959 ], [ 39.150989532000096, -6.758155345999967 ], [ 39.151340485000105, -6.75824546799987 ], [ 39.151409149000131, -6.758262633999948 ], [ 39.151573181000174, -6.758278369999914 ], [ 39.151611328000058, -6.758282184999871 ], [ 39.151817322000056, -6.758301733999929 ], [ 39.152355193000062, -6.758140563999973 ], [ 39.152462005000189, -6.757936000999905 ], [ 39.152858734000063, -6.757857799999954 ], [ 39.153244019000056, -6.757755279999969 ], [ 39.153598785999975, -6.75776529299992 ], [ 39.153964996000127, -6.758155345999967 ], [ 39.154144287000122, -6.75854062999997 ], [ 39.154262542000026, -6.758687018999979 ], [ 39.154304504000152, -6.758720874999938 ], [ 39.154693603000055, -6.758564947999901 ], [ 39.15489578200004, -6.758218764999981 ], [ 39.154960632000041, -6.75767755399994 ], [ 39.154899597000053, -6.757169722999947 ], [ 39.154884339000034, -6.757048606999945 ], [ 39.154933929000094, -6.756556033999971 ], [ 39.15539932300004, -6.756326675999901 ], [ 39.155849457000159, -6.756195066999965 ], [ 39.156208038000045, -6.756054877999873 ], [ 39.156284332000155, -6.756024359999969 ], [ 39.156490326000153, -6.755834102999927 ], [ 39.156497955000134, -6.755805015999897 ], [ 39.156818390000126, -6.755390643999931 ], [ 39.156803131000174, -6.755058763999898 ], [ 39.156520843000123, -6.75479078199993 ], [ 39.156452180000031, -6.754541874999916 ], [ 39.156455993000066, -6.754498957999942 ], [ 39.156486511000082, -6.754176614999892 ], [ 39.156501770000034, -6.754145620999907 ], [ 39.156421661000081, -6.754122257999938 ], [ 39.156543732000102, -6.754066466999973 ], [ 39.156593324000141, -6.753981112999895 ], [ 39.156620025000109, -6.753962516999877 ], [ 39.15676879900019, -6.753854749999846 ], [ 39.157073974000127, -6.753713130999927 ], [ 39.157321930000194, -6.75378131899987 ], [ 39.157566070000144, -6.754093645999887 ], [ 39.157821656000181, -6.754439352999896 ], [ 39.157909393000068, -6.754534243999956 ], [ 39.157943725000052, -6.754558085999975 ], [ 39.158325194999975, -6.754588126999863 ], [ 39.158535003000111, -6.754362583999921 ], [ 39.158596038000098, -6.754254340999978 ], [ 39.158779144000164, -6.753969667999911 ], [ 39.158817291000048, -6.753912924999952 ], [ 39.159122467000088, -6.753727911999931 ], [ 39.159465789000024, -6.75364494299987 ], [ 39.159591675000172, -6.75364494299987 ], [ 39.159923553000112, -6.753489017999868 ], [ 39.160331727000084, -6.753401278999888 ], [ 39.160434724000027, -6.753462791999937 ], [ 39.160606384000175, -6.753455638999924 ], [ 39.160739898000031, -6.753600120999977 ], [ 39.160690308000028, -6.753809927999953 ], [ 39.160697936000133, -6.753874300999939 ], [ 39.160560607000036, -6.754117964999864 ], [ 39.160400390000177, -6.75449085199989 ], [ 39.160610200000121, -6.755121231999908 ], [ 39.160926819000167, -6.756082056999901 ], [ 39.161102295000092, -6.756572246999895 ], [ 39.161415100000113, -6.75670433099998 ], [ 39.161544801000105, -6.756873130999907 ], [ 39.162136079, -6.756989954999881 ], [ 39.16238403300008, -6.756960867999965 ], [ 39.162418365000121, -6.756965635999848 ], [ 39.162448883000138, -6.75697040599988 ], [ 39.162540435000096, -6.757072925999921 ], [ 39.163059234000116, -6.757260321999979 ], [ 39.163192748000142, -6.757390497999893 ], [ 39.16337585399998, -6.757706642999949 ], [ 39.162990571000194, -6.758080957999937 ], [ 39.162784577000025, -6.758282659999907 ], [ 39.162769715755992, -6.758307200570417 ], [ 39.1627663, -6.7583103 ] ] ] ] } },
{ "type": "Feature", "properties": { "GID_3": "TZA.2.2.31_1", "GID_0": "TZA", "COUNTRY": "Tanzania", "GID_1": "TZA.2_1", "NAME_1": "Dar es Salaam", "NL_NAME_1": "NA", "GID_2": "TZA.2.2_1", "NAME_2": "Kinondoni", "NL_NAME_2": "NA", "NAME_3": "Sinza", "VARNAME_3": "NA", "NL_NAME_3": "NA", "TYPE_3": "Wodi", "ENGTYPE_3": "Ward", "CC_3": "222", "HASC_3": "NA", "Area_km²": 3.331, "pop_densit": 9425.398, "population": 31396 }, "geometry": { "type": "MultiPolygon", "coordinates": [ [ [ [ 39.2222197, -6.7724213 ], [ 39.222606245545713, -6.771946774478765 ], [ 39.222984315000076, -6.771489618999965 ], [ 39.223373949764678, -6.771004336391736 ], [ 39.2235984, -6.7707288 ], [ 39.2239106, -6.7711875 ], [ 39.2241172, -6.7723355 ], [ 39.2242236, -6.7725559 ], [ 39.2252266, -6.773702 ], [ 39.2269572, -6.7758966 ], [ 39.2281219, -6.7767851 ], [ 39.2284133, -6.7770902 ], [ 39.2288771, -6.7781058 ], [ 39.2291933, -6.77948 ], [ 39.2298846, -6.780608 ], [ 39.2311487, -6.7820435 ], [ 39.2320176, -6.7827218 ], [ 39.2322425, -6.7828364 ], [ 39.2327397, -6.7828977 ], [ 39.2331576, -6.7828232 ], [ 39.2332509, -6.783168 ], [ 39.233241743719518, -6.783207907562106 ], [ 39.233215332000043, -6.783274173999871 ], [ 39.233211517000029, -6.783306121999942 ], [ 39.233206981556073, -6.783359418123531 ], [ 39.233182, -6.7834683 ], [ 39.2332753, -6.7836873 ], [ 39.2332104, -6.7843973 ], [ 39.2331373, -6.7846082 ], [ 39.234791, -6.7855076 ], [ 39.2348021, -6.7864831 ], [ 39.234534727386908, -6.786880363409357 ], [ 39.234443664000082, -6.786966323999934 ], [ 39.234390259000179, -6.787034987999903 ], [ 39.234382629000095, -6.787080764999871 ], [ 39.23434448200004, -6.787161825999931 ], [ 39.234344777332957, -6.787162592038421 ], [ 39.2343266, -6.7871896 ], [ 39.2343463, -6.7872248 ], [ 39.2344458, -6.7874029 ], [ 39.234453350923253, -6.787549437697383 ], [ 39.234397888000046, -6.787552356999981 ], [ 39.234317779000037, -6.787552833999939 ], [ 39.234256743000174, -6.787563323999848 ], [ 39.234226227000136, -6.787574767999899 ], [ 39.234188080000081, -6.787566661999961 ], [ 39.234130860000164, -6.787519931999896 ], [ 39.23406219400016, -6.787485122999954 ], [ 39.233947754000098, -6.787431240999922 ], [ 39.233753205000085, -6.787374495999927 ], [ 39.23365402200011, -6.787332533999916 ], [ 39.233615876000158, -6.787324905999924 ], [ 39.23357009900019, -6.787302494999949 ], [ 39.23351287800017, -6.787256717999981 ], [ 39.233482362000132, -6.787238596999885 ], [ 39.233371734000059, -6.787246226999969 ], [ 39.233348846000069, -6.787270068999931 ], [ 39.233314514000085, -6.787302969999871 ], [ 39.233280182000101, -6.787350654999898 ], [ 39.233261109000011, -6.787478922999981 ], [ 39.233272552000187, -6.787557124999978 ], [ 39.233272552000187, -6.787616729999911 ], [ 39.233222962000184, -6.787710188999938 ], [ 39.233196259000181, -6.787736892999931 ], [ 39.233150482000042, -6.787775516999886 ], [ 39.233100891000106, -6.78780078799997 ], [ 39.233058930000084, -6.787815570999953 ], [ 39.232955932000095, -6.787860393999892 ], [ 39.232894897000108, -6.78789090999993 ], [ 39.232826234000186, -6.787910460999967 ], [ 39.232715606000113, -6.787910937999925 ], [ 39.23263549700016, -6.787887096999896 ], [ 39.232479095000144, -6.787858008999876 ], [ 39.232395171000121, -6.787852287999954 ], [ 39.232337951000034, -6.787867545999973 ], [ 39.232257842000081, -6.787954329999934 ], [ 39.232234956000127, -6.788003444999958 ], [ 39.232231141000057, -6.788044451999951 ], [ 39.232219695000026, -6.78808546099998 ], [ 39.232196807000093, -6.788162707999959 ], [ 39.232173920000037, -6.788239478999913 ], [ 39.232147217000033, -6.788282870999979 ], [ 39.232120513000154, -6.788309574999971 ], [ 39.232086182000046, -6.788336275999939 ], [ 39.232036591000167, -6.78835296699998 ], [ 39.23200225800008, -6.788355349999904 ], [ 39.231945037, -6.78835296699998 ], [ 39.23189544700017, -6.788341045999971 ], [ 39.231838227000082, -6.788316726999938 ], [ 39.231769562000181, -6.788307189999955 ], [ 39.231681823000088, -6.788314341999978 ], [ 39.231628418000014, -6.788338660999955 ], [ 39.23156356700008, -6.78836965499994 ], [ 39.231525420000025, -6.788396358999933 ], [ 39.231445312000176, -6.788442135999901 ], [ 39.231388091000156, -6.788442135999901 ], [ 39.231361390000131, -6.788432597999929 ], [ 39.231296539000027, -6.788415431999908 ], [ 39.231224061000034, -6.788389205999977 ], [ 39.231159210000101, -6.78837442299988 ], [ 39.231101990000184, -6.788427829999875 ], [ 39.23107147200011, -6.788485527999967 ], [ 39.231060028000059, -6.788533687999916 ], [ 39.231056213000045, -6.788567541999953 ], [ 39.23104477000004, -6.788649557999918 ], [ 39.231025697000177, -6.788714408999965 ], [ 39.231010436000076, -6.788760185999934 ], [ 39.231010436000076, -6.788823127999876 ], [ 39.231018066000161, -6.788859367999976 ], [ 39.230979920000038, -6.788905142999909 ], [ 39.230949401000089, -6.788960456999973 ], [ 39.230953216000103, -6.789044856999965 ], [ 39.23088836800008, -6.789209366999955 ], [ 39.230812072000163, -6.789305685999921 ], [ 39.230758667000089, -6.789352893999933 ], [ 39.230701447000172, -6.789408683999966 ], [ 39.230663300000117, -6.789438724999854 ], [ 39.230628968000133, -6.789469241999882 ], [ 39.230564118000075, -6.789518355999974 ], [ 39.230453490000173, -6.789556979999929 ], [ 39.23038482700008, -6.789591789999974 ], [ 39.230339050000111, -6.789606570999979 ], [ 39.230247498000153, -6.789643286999876 ], [ 39.230175019000114, -6.789690493999899 ], [ 39.230152131000182, -6.789729118999901 ], [ 39.230140685000151, -6.789836883999953 ], [ 39.230140685000151, -6.789896963999922 ], [ 39.230136870000081, -6.789937972999951 ], [ 39.230110169000113, -6.789976597999953 ], [ 39.230056764000039, -6.790027617999897 ], [ 39.230030060000104, -6.790060518999951 ], [ 39.230014802000085, -6.790084362999892 ], [ 39.229961395000032, -6.790130137999938 ], [ 39.229915620000043, -6.790147780999973 ], [ 39.229854584000179, -6.79012822999988 ], [ 39.229774476000102, -6.7900910379999 ], [ 39.229675293000184, -6.790069579999908 ], [ 39.229549408000139, -6.790047645999948 ], [ 39.229454041000167, -6.790093420999938 ], [ 39.229423522000047, -6.790152072999888 ], [ 39.229377747000058, -6.790205955999909 ], [ 39.229267120000031, -6.79026460599988 ], [ 39.229202271000133, -6.790299414999936 ], [ 39.229110716999969, -6.790380001999949 ], [ 39.229045869000117, -6.790464400999895 ], [ 39.228935241000045, -6.790564537999899 ], [ 39.228794097000105, -6.790629385999978 ], [ 39.228641510000159, -6.790712356999961 ], [ 39.228534698000033, -6.790760039999952 ], [ 39.228488923000043, -6.790779112999928 ], [ 39.228412629000161, -6.790812014999972 ], [ 39.228359222000051, -6.790894507999951 ], [ 39.228290558000083, -6.791005133999874 ], [ 39.228290558000083, -6.79109001199987 ], [ 39.228305817000034, -6.791222570999935 ], [ 39.228336333000072, -6.791383265999968 ], [ 39.228336333000072, -6.791421412999966 ], [ 39.228324890000067, -6.791466234999916 ], [ 39.228317260000154, -6.791512489999946 ], [ 39.228302002000135, -6.791559218999964 ], [ 39.228282928000169, -6.791608333999932 ], [ 39.22826767000015, -6.791635035999946 ], [ 39.228164673000038, -6.791706560999899 ], [ 39.228130341000053, -6.791719913999941 ], [ 39.228054047000114, -6.791719913999941 ], [ 39.227920531000109, -6.791697025999895 ], [ 39.227783203000115, -6.791608808999968 ], [ 39.227615357000104, -6.791598318999945 ], [ 39.227470398000094, -6.791639327999917 ], [ 39.227436066000053, -6.791698455999949 ], [ 39.22741317800012, -6.791729926999892 ], [ 39.227363585000035, -6.791791437999905 ], [ 39.227306365000118, -6.791902064999931 ], [ 39.227272033000077, -6.79202794899993 ], [ 39.227256775000058, -6.792095183999891 ], [ 39.22719574000007, -6.792188643999907 ], [ 39.227096558000028, -6.792180060999897 ], [ 39.227001191000056, -6.792090891999976 ], [ 39.226787568000077, -6.791949747999979 ], [ 39.226585389000149, -6.791802405999931 ], [ 39.22639465300017, -6.791771888999961 ], [ 39.226314544, -6.791800020999915 ], [ 39.226303101000042, -6.7918848999999 ], [ 39.226299285000096, -6.792008399999929 ], [ 39.226219177000189, -6.792108534999954 ], [ 39.226112366000166, -6.792101381999885 ], [ 39.226005554000039, -6.792012690999911 ], [ 39.22584152200011, -6.791973590999874 ], [ 39.225669861000029, -6.791906355999913 ], [ 39.225589752000076, -6.79192590699995 ], [ 39.225551605000192, -6.79201698299994 ], [ 39.225536347000173, -6.792123793999963 ], [ 39.22544098000003, -6.792255876999889 ], [ 39.225341798000159, -6.792375564999929 ], [ 39.22529602100019, -6.792457103999936 ], [ 39.224929809000116, -6.79239511399993 ], [ 39.224426270000095, -6.792212009999901 ], [ 39.22427368100017, -6.792131900999948 ], [ 39.224239349000186, -6.79211568799991 ], [ 39.223991395000098, -6.79209375399995 ], [ 39.223541259000115, -6.79202222899994 ], [ 39.223377228000174, -6.791934966999975 ], [ 39.223346710000101, -6.791926383999964 ], [ 39.223262788000113, -6.791900634999877 ], [ 39.223239899000077, -6.791877268999826 ], [ 39.22319793700018, -6.791844367999943 ], [ 39.223175049000019, -6.791821001999949 ], [ 39.223117829000103, -6.791794299999879 ], [ 39.223083497000118, -6.791784286999928 ], [ 39.223041535000164, -6.791764258999876 ], [ 39.22300720100003, -6.791744232999918 ], [ 39.222969054000146, -6.791714191999915 ], [ 39.222911834, -6.79164409599997 ], [ 39.222873687000174, -6.791587828999923 ], [ 39.222808837000116, -6.791460989999905 ], [ 39.222740174000194, -6.791412352999885 ], [ 39.22267150800019, -6.791364192999936 ], [ 39.222576141000047, -6.791261672999951 ], [ 39.22245407000014, -6.791156767999894 ], [ 39.222408295000037, -6.791125296999951 ], [ 39.222232820000158, -6.791064260999974 ], [ 39.222164154000154, -6.791035174999934 ], [ 39.222114564000151, -6.791003225999873 ], [ 39.222068787000183, -6.790978906999896 ], [ 39.222007752000025, -6.790954588999966 ], [ 39.22196960500014, -6.790952205999929 ], [ 39.221778869000161, -6.790952205999929 ], [ 39.221725464000087, -6.790954588999966 ], [ 39.221664428, -6.790966986999933 ], [ 39.221626281000169, -6.790981291999856 ], [ 39.221565246000182, -6.79101800899997 ], [ 39.221508026000038, -6.79105949399991 ], [ 39.221481322000159, -6.791069030999893 ], [ 39.221393585000101, -6.791066645999877 ], [ 39.221332550000113, -6.79103994299993 ], [ 39.221282958000074, -6.790986537999913 ], [ 39.221256256000174, -6.79091834999997 ], [ 39.22124481100019, -6.790884017999872 ], [ 39.221218110000052, -6.790774344999875 ], [ 39.221206664000135, -6.790742395999871 ], [ 39.221157074000132, -6.79064750699996 ], [ 39.221118927000077, -6.790603636999947 ], [ 39.221069335000095, -6.790574550999963 ], [ 39.221031189000087, -6.790576933999944 ], [ 39.221000672000173, -6.790594101999943 ], [ 39.220932006000169, -6.790659904999927 ], [ 39.220874786000024, -6.790735243999904 ], [ 39.220802308000088, -6.790850638999871 ], [ 39.220718384000065, -6.790982246999931 ], [ 39.220691680000186, -6.791034221999951 ], [ 39.220596312999987, -6.791208267999878 ], [ 39.220485688000167, -6.791338443999905 ], [ 39.220455169000047, -6.791370390999873 ], [ 39.22042846800008, -6.791396141999883 ], [ 39.22039413400006, -6.791419504999965 ], [ 39.220272065000188, -6.791480062999824 ], [ 39.220176696000181, -6.791508674999875 ], [ 39.220127106000177, -6.791520594999952 ], [ 39.220100402000128, -6.791532515999961 ], [ 39.22003555200007, -6.791541098999971 ], [ 39.219936370000028, -6.791549681999811 ], [ 39.219902038000043, -6.791555403999951 ], [ 39.219818114000191, -6.791552543999956 ], [ 39.219768524000187, -6.791532515999961 ], [ 39.219734193000079, -6.791512011999885 ], [ 39.219684600000164, -6.791454314999896 ], [ 39.219669342000145, -6.791410922999944 ], [ 39.219661712000061, -6.791381835999971 ], [ 39.219638823000025, -6.791317939999885 ], [ 39.219612122, -6.791277408999917 ], [ 39.219589233000193, -6.79124879799997 ], [ 39.219478607999974, -6.791173458999936 ], [ 39.219348906999983, -6.791123388999949 ], [ 39.219318391000172, -6.791111468999873 ], [ 39.219177246000129, -6.791035651999891 ], [ 39.21913910000012, -6.791022299999952 ], [ 39.219108581, -6.791005610999889 ], [ 39.219020844000113, -6.790972708999959 ], [ 39.21894455000006, -6.790945052999973 ], [ 39.218864442000154, -6.790914058999874 ], [ 39.218791961000136, -6.790880202999915 ], [ 39.218746186000146, -6.790853500999958 ], [ 39.218723298000043, -6.790833949999922 ], [ 39.218696594000107, -6.790800570999977 ], [ 39.218673706000175, -6.790777682999874 ], [ 39.218662262000123, -6.790750978999881 ], [ 39.21863937400019, -6.79072141499995 ], [ 39.218620300000055, -6.790675162999946 ], [ 39.218612670000084, -6.790638445999889 ], [ 39.218612670000084, -6.790565967999953 ], [ 39.218616485000155, -6.790535926999951 ], [ 39.218620300000055, -6.790496349999955 ], [ 39.218631744000106, -6.790462970999954 ], [ 39.218666077000194, -6.790387153999973 ], [ 39.218677521000075, -6.790360450999913 ], [ 39.218704224000021, -6.790324210999927 ], [ 39.218715668000129, -6.790296554999941 ], [ 39.218730926000148, -6.79026460599988 ], [ 39.218742371000076, -6.79023170499994 ], [ 39.218742371000076, -6.790182112999901 ], [ 39.218723298000043, -6.790129184999955 ], [ 39.218688964000194, -6.790072916999918 ], [ 39.218601227000136, -6.79000329899992 ], [ 39.218509675, -6.789979934999963 ], [ 39.218467713000109, -6.789973734999876 ], [ 39.218410493000192, -6.789948463999906 ], [ 39.218376159000172, -6.789923189999968 ], [ 39.218338012000117, -6.789900778999879 ], [ 39.21827316200006, -6.789873599999964 ], [ 39.218166352000139, -6.789832590999936 ], [ 39.218139648000033, -6.78982210099997 ], [ 39.218097686000135, -6.789809226999978 ], [ 39.218048096000132, -6.789799689999938 ], [ 39.218006134000177, -6.789783953999972 ], [ 39.217964172000109, -6.789765357999954 ], [ 39.217906952000135, -6.789731501999938 ], [ 39.217872620000151, -6.789708137999924 ], [ 39.217830658000082, -6.789676665999934 ], [ 39.217773438000108, -6.789597987999969 ], [ 39.217758178000111, -6.789559840999914 ], [ 39.217750550000176, -6.789512633999948 ], [ 39.217750550000176, -6.78935670899989 ], [ 39.217750550000176, -6.789253710999901 ], [ 39.217746735000162, -6.789162158999886 ], [ 39.217739104000145, -6.789114474999849 ], [ 39.217720031000056, -6.789054869999973 ], [ 39.217697144000056, -6.789000986999952 ], [ 39.217670441000053, -6.788959979999959 ], [ 39.217647552000187, -6.78891897099993 ], [ 39.217620849000184, -6.788890361999961 ], [ 39.217563629000097, -6.788846491999948 ], [ 39.217514039000093, -6.788805484999955 ], [ 39.21738052500001, -6.788712500999964 ], [ 39.217247009000175, -6.78868818199993 ], [ 39.217071533000023, -6.788766383999928 ], [ 39.216857910000044, -6.788883208999891 ], [ 39.216770171000178, -6.788992881999889 ], [ 39.216670989000136, -6.789129732999868 ], [ 39.216480255000135, -6.789367675999927 ], [ 39.216449739000097, -6.789403437999965 ], [ 39.216400146000183, -6.789556502999915 ], [ 39.216369630000145, -6.78959131199997 ], [ 39.216297149000127, -6.789645194999878 ], [ 39.21622085600012, -6.789692401999957 ], [ 39.216106415000127, -6.789730548999842 ], [ 39.216022491000103, -6.789742946999979 ], [ 39.215904236000029, -6.789742946999979 ], [ 39.215709687000185, -6.78972244299996 ], [ 39.215637208000146, -6.789710520999961 ], [ 39.215606688999969, -6.789698124999973 ], [ 39.215560912, -6.789669512999922 ], [ 39.215522766000049, -6.789657592999845 ], [ 39.2154693600001, -6.789612770999952 ], [ 39.215408325000112, -6.789577006999934 ], [ 39.215351104999968, -6.789517878999902 ], [ 39.215190887000063, -6.789410113999963 ], [ 39.215152741000111, -6.789414881999903 ], [ 39.215057373000036, -6.789583206999907 ], [ 39.215042115000188, -6.789648531999887 ], [ 39.215030670000033, -6.789740083999902 ], [ 39.215007781000168, -6.789813994999975 ], [ 39.214992523000149, -6.789917469999921 ], [ 39.21498108000003, -6.78994989399996 ], [ 39.214958191000164, -6.78998184299985 ], [ 39.214916229000039, -6.790019034999887 ], [ 39.214874267000141, -6.790036677999922 ], [ 39.214847564000138, -6.790047168999934 ], [ 39.214832306000119, -6.790073394999979 ], [ 39.214824677000138, -6.790122031999886 ], [ 39.214817047000054, -6.790154933999872 ], [ 39.214809417000083, -6.790187834999927 ], [ 39.214458465, -6.789914129999943 ], [ 39.214332580000189, -6.789836883999953 ], [ 39.214225769000109, -6.789731978999953 ], [ 39.214187623000157, -6.789622305999956 ], [ 39.214107514000034, -6.789394377999827 ], [ 39.214004517000149, -6.789139270999954 ], [ 39.213859558000138, -6.788870333999967 ], [ 39.213687897000057, -6.788756370999977 ], [ 39.213706970000089, -6.788725851999914 ], [ 39.213657378000107, -6.788696287999869 ], [ 39.213569641000049, -6.788611410999977 ], [ 39.213539123000146, -6.788591384999904 ], [ 39.213474274000021, -6.788561820999973 ], [ 39.213432312000123, -6.788550375999876 ], [ 39.213375091999978, -6.788527011999975 ], [ 39.213302612000064, -6.788471699999945 ], [ 39.213264465000179, -6.788454055999978 ], [ 39.213199616000054, -6.788436412999943 ], [ 39.213100434000182, -6.788430689999927 ], [ 39.212978363000104, -6.788445472999911 ], [ 39.212848663000045, -6.788449285999945 ], [ 39.212814331000061, -6.788456916999962 ], [ 39.212753296000074, -6.788479804999895 ], [ 39.212673187000121, -6.788526056999899 ], [ 39.212619782000047, -6.788583277999862 ], [ 39.212604523000095, -6.788606165999965 ], [ 39.212589263000098, -6.78864049799995 ], [ 39.212577820000092, -6.788667201999942 ], [ 39.212558746000127, -6.788751124999976 ], [ 39.212554931000113, -6.78878545699996 ], [ 39.212509154000145, -6.788903712999968 ], [ 39.212444306000066, -6.789006709999967 ], [ 39.212387086000149, -6.789071559999911 ], [ 39.21219635000017, -6.789189815999976 ], [ 39.212131501000044, -6.78922414799996 ], [ 39.212062836000143, -6.789255141999945 ], [ 39.211967469000172, -6.789278029999878 ], [ 39.211917877000133, -6.789293287999897 ], [ 39.211875915000064, -6.789312361999976 ], [ 39.211856841000042, -6.789335249999908 ], [ 39.211849213000164, -6.789365768999858 ], [ 39.211795806000055, -6.789377211999977 ], [ 39.211730958000032, -6.789373396999963 ], [ 39.211658477000185, -6.789308548999941 ], [ 39.21162033000013, -6.78924369799995 ], [ 39.211601257000041, -6.789201258999924 ], [ 39.211593629000106, -6.78917455699991 ], [ 39.211597442000027, -6.789113521999923 ], [ 39.211597442000027, -6.789006709999967 ], [ 39.211585998000146, -6.788899897999954 ], [ 39.211559295000143, -6.788812160999953 ], [ 39.211524963000159, -6.788757800999974 ], [ 39.211521148000088, -6.788712977999921 ], [ 39.211360931000058, -6.788546560999919 ], [ 39.211200715000132, -6.78857993999992 ], [ 39.21113205000006, -6.788620471999934 ], [ 39.211078644000054, -6.788636684999915 ], [ 39.211006164000082, -6.788673876999894 ], [ 39.210960389000149, -6.788721083999974 ], [ 39.210704804000045, -6.788878916999977 ], [ 39.210632324000073, -6.788974285999871 ], [ 39.21052551300005, -6.789086340999916 ], [ 39.210262299000135, -6.789256571999942 ], [ 39.210041046000185, -6.789451597999914 ], [ 39.209873200000175, -6.789634226999965 ], [ 39.20971679600018, -6.78982543799998 ], [ 39.209423065000124, -6.790066241999966 ], [ 39.209098817000097, -6.790240287999893 ], [ 39.20868301500019, -6.790384768999957 ], [ 39.208702088000052, -6.789902208999933 ], [ 39.208724977000088, -6.78956222599993 ], [ 39.208755493000126, -6.789273739999942 ], [ 39.208847045000084, -6.788748264999924 ], [ 39.208965301000092, -6.788279532999866 ], [ 39.209114075000116, -6.788062572999934 ], [ 39.20967483600009, -6.787238596999885 ], [ 39.210510253, -6.786515712999915 ], [ 39.211021424000137, -6.786160468999924 ], [ 39.211597442000027, -6.785609245999979 ], [ 39.214244843000131, -6.783085821999919 ], [ 39.215198517000147, -6.78186130499995 ], [ 39.215656281000179, -6.78122091299997 ], [ 39.216197967000085, -6.780478954999978 ], [ 39.216342926000095, -6.780302523999922 ], [ 39.217060090000075, -6.779319285999918 ], [ 39.217666626000153, -6.778488158999892 ], [ 39.217849732000047, -6.778206348999959 ], [ 39.217933656000071, -6.778076171999942 ], [ 39.218219757000043, -6.777687071999878 ], [ 39.218868255000189, -6.776800154999876 ], [ 39.219089508000138, -6.77649784099998 ], [ 39.21937942600016, -6.776104449999934 ], [ 39.220123291000107, -6.775094985999942 ], [ 39.220146179000096, -6.775066851999895 ], [ 39.22089767500006, -6.774029730999871 ], [ 39.220951080000134, -6.773957251999946 ], [ 39.221340180000027, -6.773440359999881 ], [ 39.221542358000022, -6.773174284999868 ], [ 39.221687317000033, -6.772995948999949 ], [ 39.221923828000172, -6.772748947999958 ], [ 39.222215435071156, -6.772417777902565 ], [ 39.2222197, -6.7724213 ] ] ] ] } },
{ "type": "Feature", "properties": { "GID_3": "TZA.2.2.33_1", "GID_0": "TZA", "COUNTRY": "Tanzania", "GID_1": "TZA.2_1", "NAME_1": "Dar es Salaam", "NL_NAME_1": "NA", "GID_2": "TZA.2.2_1", "NAME_2": "Kinondoni", "NL_NAME_2": "NA", "NAME_3": "Ubungo", "VARNAME_3": "NA", "NL_NAME_3": "NA", "TYPE_3": "Wodi", "ENGTYPE_3": "Ward", "CC_3": "122", "HASC_3": "NA", "Area_km²": 9.984, "pop_densit": 4441.106, "population": 44340 }, "geometry": { "type": "MultiPolygon", "coordinates": [ [ [ [ 39.1907892, -6.7739465 ], [ 39.1911301, -6.7741362 ], [ 39.1917833, -6.7742372 ], [ 39.1925389, -6.7745544 ], [ 39.1927011, -6.7745496 ], [ 39.1931976, -6.7750445 ], [ 39.1934706, -6.7750081 ], [ 39.1941866, -6.774547 ], [ 39.194849578970285, -6.773729216854528 ], [ 39.194950104000156, -6.773614883999926 ], [ 39.195198058000074, -6.773305891999939 ], [ 39.195308735525295, -6.77316284822346 ], [ 39.1953819, -6.7730726 ], [ 39.1959704, -6.7722231 ], [ 39.196125379156619, -6.772048765041213 ], [ 39.196437836000143, -6.771716116999926 ], [ 39.196643828000163, -6.771509646999903 ], [ 39.197021484000118, -6.771049498999957 ], [ 39.197079530755751, -6.770975446645773 ], [ 39.1972547, -6.7707784 ], [ 39.197260149845313, -6.770764855638793 ], [ 39.197273255000084, -6.770750521999901 ], [ 39.197383880000075, -6.770540713999935 ], [ 39.19742202700013, -6.770379541999944 ], [ 39.19742202700013, -6.770156858999883 ], [ 39.197414399000024, -6.770031452999888 ], [ 39.197376250000161, -6.769931315999884 ], [ 39.197380065000061, -6.769831180999972 ], [ 39.197372437000126, -6.769766330999914 ], [ 39.197364807000042, -6.769703864999883 ], [ 39.197357177000129, -6.769520758999931 ], [ 39.197349549000194, -6.76945495599989 ], [ 39.197326660000158, -6.76925182399998 ], [ 39.197300987515241, -6.769120246205288 ], [ 39.1989525, -6.7689018 ], [ 39.1998678, -6.7689331 ], [ 39.2002942, -6.7688488 ], [ 39.201968, -6.7687801 ], [ 39.2026443, -6.7687005 ], [ 39.2052745, -6.7686672 ], [ 39.2060113, -6.7685273 ], [ 39.206631, -6.7682788 ], [ 39.206728864029841, -6.768159635903173 ], [ 39.206859589000146, -6.768008707999968 ], [ 39.206921917658278, -6.767924564229663 ], [ 39.207159878289225, -6.767634811562492 ], [ 39.207241058000136, -6.767558574999953 ], [ 39.207431794000115, -6.76734113699996 ], [ 39.207547695481921, -6.767162586112796 ], [ 39.2075568, -6.7671515 ], [ 39.207570317875209, -6.767127735407454 ], [ 39.207572938000055, -6.76712369899991 ], [ 39.207595254791272, -6.767083895999241 ], [ 39.2079593, -6.7664439 ], [ 39.207963945071988, -6.766429839936241 ], [ 39.207977294000159, -6.766416073999892 ], [ 39.20809768705309, -6.766049880615512 ], [ 39.2082871, -6.7658727 ], [ 39.2084577, -6.7658254 ], [ 39.2085723, -6.7659717 ], [ 39.2091028, -6.7662001 ], [ 39.2093557, -6.7664562 ], [ 39.2099543, -6.7665331 ], [ 39.2124544, -6.7666419 ], [ 39.2129442, -6.766802 ], [ 39.2139717, -6.7668628 ], [ 39.2143366, -6.7670292 ], [ 39.2143325, -6.7673508 ], [ 39.2155159, -6.7676439 ], [ 39.2167607, -6.7681156 ], [ 39.2182581, -6.7691497 ], [ 39.222215435071156, -6.772417777902565 ], [ 39.221923828000172, -6.772748947999958 ], [ 39.221687317000033, -6.772995948999949 ], [ 39.221542358000022, -6.773174284999868 ], [ 39.221340180000027, -6.773440359999881 ], [ 39.220951080000134, -6.773957251999946 ], [ 39.22089767500006, -6.774029730999871 ], [ 39.220146179000096, -6.775066851999895 ], [ 39.220123291000107, -6.775094985999942 ], [ 39.21937942600016, -6.776104449999934 ], [ 39.219089508000138, -6.77649784099998 ], [ 39.218868255000189, -6.776800154999876 ], [ 39.218219757000043, -6.777687071999878 ], [ 39.217933656000071, -6.778076171999942 ], [ 39.217849732000047, -6.778206348999959 ], [ 39.217666626000153, -6.778488158999892 ], [ 39.217060090000075, -6.779319285999918 ], [ 39.216342926000095, -6.780302523999922 ], [ 39.216197967000085, -6.780478954999978 ], [ 39.215656281000179, -6.78122091299997 ], [ 39.215198517000147, -6.78186130499995 ], [ 39.214244843000131, -6.783085821999919 ], [ 39.211597442000027, -6.785609245999979 ], [ 39.211021424000137, -6.786160468999924 ], [ 39.210510253, -6.786515712999915 ], [ 39.20967483600009, -6.787238596999885 ], [ 39.209114075000116, -6.788062572999934 ], [ 39.208965301000092, -6.788279532999866 ], [ 39.208847045000084, -6.788748264999924 ], [ 39.208755493000126, -6.789273739999942 ], [ 39.208724977000088, -6.78956222599993 ], [ 39.208702088000052, -6.789902208999933 ], [ 39.20868301500019, -6.790384768999957 ], [ 39.209098817000097, -6.790240287999893 ], [ 39.209423065000124, -6.790066241999966 ], [ 39.20971679600018, -6.78982543799998 ], [ 39.209873200000175, -6.789634226999965 ], [ 39.210041046000185, -6.789451597999914 ], [ 39.210262299000135, -6.789256571999942 ], [ 39.21052551300005, -6.789086340999916 ], [ 39.210632324000073, -6.788974285999871 ], [ 39.210704804000045, -6.788878916999977 ], [ 39.210960389000149, -6.788721083999974 ], [ 39.211006164000082, -6.788673876999894 ], [ 39.211078644000054, -6.788636684999915 ], [ 39.21113205000006, -6.788620471999934 ], [ 39.211200715000132, -6.78857993999992 ], [ 39.211360931000058, -6.788546560999919 ], [ 39.211521148000088, -6.788712977999921 ], [ 39.211524963000159, -6.788757800999974 ], [ 39.211559295000143, -6.788812160999953 ], [ 39.211585998000146, -6.788899897999954 ], [ 39.211597442000027, -6.789006709999967 ], [ 39.211597442000027, -6.789113521999923 ], [ 39.211593629000106, -6.78917455699991 ], [ 39.211601257000041, -6.789201258999924 ], [ 39.21162033000013, -6.78924369799995 ], [ 39.211658477000185, -6.789308548999941 ], [ 39.211730958000032, -6.789373396999963 ], [ 39.211795806000055, -6.789377211999977 ], [ 39.211849213000164, -6.789365768999858 ], [ 39.211856841000042, -6.789335249999908 ], [ 39.211875915000064, -6.789312361999976 ], [ 39.211917877000133, -6.789293287999897 ], [ 39.211967469000172, -6.789278029999878 ], [ 39.212062836000143, -6.789255141999945 ], [ 39.212131501000044, -6.78922414799996 ], [ 39.21219635000017, -6.789189815999976 ], [ 39.212387086000149, -6.789071559999911 ], [ 39.212444306000066, -6.789006709999967 ], [ 39.212509154000145, -6.788903712999968 ], [ 39.212554931000113, -6.78878545699996 ], [ 39.212558746000127, -6.788751124999976 ], [ 39.212577820000092, -6.788667201999942 ], [ 39.212589263000098, -6.78864049799995 ], [ 39.212604523000095, -6.788606165999965 ], [ 39.212619782000047, -6.788583277999862 ], [ 39.212673187000121, -6.788526056999899 ], [ 39.212753296000074, -6.788479804999895 ], [ 39.212814331000061, -6.788456916999962 ], [ 39.212848663000045, -6.788449285999945 ], [ 39.212978363000104, -6.788445472999911 ], [ 39.213100434000182, -6.788430689999927 ], [ 39.213199616000054, -6.788436412999943 ], [ 39.213264465000179, -6.788454055999978 ], [ 39.213302612000064, -6.788471699999945 ], [ 39.213375091999978, -6.788527011999975 ], [ 39.213432312000123, -6.788550375999876 ], [ 39.213474274000021, -6.788561820999973 ], [ 39.213539123000146, -6.788591384999904 ], [ 39.213569641000049, -6.788611410999977 ], [ 39.213657378000107, -6.788696287999869 ], [ 39.213706970000089, -6.788725851999914 ], [ 39.213687897000057, -6.788756370999977 ], [ 39.213859558000138, -6.788870333999967 ], [ 39.214004517000149, -6.789139270999954 ], [ 39.214107514000034, -6.789394377999827 ], [ 39.214187623000157, -6.789622305999956 ], [ 39.214225769000109, -6.789731978999953 ], [ 39.214332580000189, -6.789836883999953 ], [ 39.214458465, -6.789914129999943 ], [ 39.214809417000083, -6.790187834999927 ], [ 39.214817047000054, -6.790154933999872 ], [ 39.214824677000138, -6.790122031999886 ], [ 39.214832306000119, -6.790073394999979 ], [ 39.214847564000138, -6.790047168999934 ], [ 39.214874267000141, -6.790036677999922 ], [ 39.214916229000039, -6.790019034999887 ], [ 39.214958191000164, -6.78998184299985 ], [ 39.21498108000003, -6.78994989399996 ], [ 39.214992523000149, -6.789917469999921 ], [ 39.215007781000168, -6.789813994999975 ], [ 39.215030670000033, -6.789740083999902 ], [ 39.215042115000188, -6.789648531999887 ], [ 39.215057373000036, -6.789583206999907 ], [ 39.215152741000111, -6.789414881999903 ], [ 39.215190887000063, -6.789410113999963 ], [ 39.215351104999968, -6.789517878999902 ], [ 39.215408325000112, -6.789577006999934 ], [ 39.2154693600001, -6.789612770999952 ], [ 39.215522766000049, -6.789657592999845 ], [ 39.215560912, -6.789669512999922 ], [ 39.215606688999969, -6.789698124999973 ], [ 39.215637208000146, -6.789710520999961 ], [ 39.215709687000185, -6.78972244299996 ], [ 39.215904236000029, -6.789742946999979 ], [ 39.216022491000103, -6.789742946999979 ], [ 39.216106415000127, -6.789730548999842 ], [ 39.21622085600012, -6.789692401999957 ], [ 39.216297149000127, -6.789645194999878 ], [ 39.216369630000145, -6.78959131199997 ], [ 39.216400146000183, -6.789556502999915 ], [ 39.216449739000097, -6.789403437999965 ], [ 39.216480255000135, -6.789367675999927 ], [ 39.216670989000136, -6.789129732999868 ], [ 39.216770171000178, -6.788992881999889 ], [ 39.216857910000044, -6.788883208999891 ], [ 39.217071533000023, -6.788766383999928 ], [ 39.217247009000175, -6.78868818199993 ], [ 39.21738052500001, -6.788712500999964 ], [ 39.217514039000093, -6.788805484999955 ], [ 39.217563629000097, -6.788846491999948 ], [ 39.217620849000184, -6.788890361999961 ], [ 39.217647552000187, -6.78891897099993 ], [ 39.217670441000053, -6.788959979999959 ], [ 39.217697144000056, -6.789000986999952 ], [ 39.217720031000056, -6.789054869999973 ], [ 39.217739104000145, -6.789114474999849 ], [ 39.217746735000162, -6.789162158999886 ], [ 39.217750550000176, -6.789253710999901 ], [ 39.217750550000176, -6.78935670899989 ], [ 39.217750550000176, -6.789512633999948 ], [ 39.217758178000111, -6.789559840999914 ], [ 39.217773438000108, -6.789597987999969 ], [ 39.217830658000082, -6.789676665999934 ], [ 39.217872620000151, -6.789708137999924 ], [ 39.217906952000135, -6.789731501999938 ], [ 39.217964172000109, -6.789765357999954 ], [ 39.218006134000177, -6.789783953999972 ], [ 39.218048096000132, -6.789799689999938 ], [ 39.218097686000135, -6.789809226999978 ], [ 39.218139648000033, -6.78982210099997 ], [ 39.218166352000139, -6.789832590999936 ], [ 39.21827316200006, -6.789873599999964 ], [ 39.218338012000117, -6.789900778999879 ], [ 39.218376159000172, -6.789923189999968 ], [ 39.218410493000192, -6.789948463999906 ], [ 39.218467713000109, -6.789973734999876 ], [ 39.218509675, -6.789979934999963 ], [ 39.218601227000136, -6.79000329899992 ], [ 39.218688964000194, -6.790072916999918 ], [ 39.218723298000043, -6.790129184999955 ], [ 39.218742371000076, -6.790182112999901 ], [ 39.218742371000076, -6.79023170499994 ], [ 39.218730926000148, -6.79026460599988 ], [ 39.218715668000129, -6.790296554999941 ], [ 39.218704224000021, -6.790324210999927 ], [ 39.218677521000075, -6.790360450999913 ], [ 39.218666077000194, -6.790387153999973 ], [ 39.218631744000106, -6.790462970999954 ], [ 39.218620300000055, -6.790496349999955 ], [ 39.218616485000155, -6.790535926999951 ], [ 39.218612670000084, -6.790565967999953 ], [ 39.218612670000084, -6.790638445999889 ], [ 39.218620300000055, -6.790675162999946 ], [ 39.21863937400019, -6.79072141499995 ], [ 39.218662262000123, -6.790750978999881 ], [ 39.218673706000175, -6.790777682999874 ], [ 39.218696594000107, -6.790800570999977 ], [ 39.218723298000043, -6.790833949999922 ], [ 39.218746186000146, -6.790853500999958 ], [ 39.218791961000136, -6.790880202999915 ], [ 39.218864442000154, -6.790914058999874 ], [ 39.21894455000006, -6.790945052999973 ], [ 39.219020844000113, -6.790972708999959 ], [ 39.219108581, -6.791005610999889 ], [ 39.21913910000012, -6.791022299999952 ], [ 39.219177246000129, -6.791035651999891 ], [ 39.219318391000172, -6.791111468999873 ], [ 39.219348906999983, -6.791123388999949 ], [ 39.219478607999974, -6.791173458999936 ], [ 39.219589233000193, -6.79124879799997 ], [ 39.219612122, -6.791277408999917 ], [ 39.219638823000025, -6.791317939999885 ], [ 39.219661712000061, -6.791381835999971 ], [ 39.219669342000145, -6.791410922999944 ], [ 39.219684600000164, -6.791454314999896 ], [ 39.219734193000079, -6.791512011999885 ], [ 39.219768524000187, -6.791532515999961 ], [ 39.219818114000191, -6.791552543999956 ], [ 39.219902038000043, -6.791555403999951 ], [ 39.219936370000028, -6.791549681999811 ], [ 39.22003555200007, -6.791541098999971 ], [ 39.220100402000128, -6.791532515999961 ], [ 39.220127106000177, -6.791520594999952 ], [ 39.220176696000181, -6.791508674999875 ], [ 39.220272065000188, -6.791480062999824 ], [ 39.22039413400006, -6.791419504999965 ], [ 39.22042846800008, -6.791396141999883 ], [ 39.220455169000047, -6.791370390999873 ], [ 39.220485688000167, -6.791338443999905 ], [ 39.220596312999987, -6.791208267999878 ], [ 39.220691680000186, -6.791034221999951 ], [ 39.220718384000065, -6.790982246999931 ], [ 39.220802308000088, -6.790850638999871 ], [ 39.220874786000024, -6.790735243999904 ], [ 39.220932006000169, -6.790659904999927 ], [ 39.221000672000173, -6.790594101999943 ], [ 39.221031189000087, -6.790576933999944 ], [ 39.221069335000095, -6.790574550999963 ], [ 39.221118927000077, -6.790603636999947 ], [ 39.221157074000132, -6.79064750699996 ], [ 39.221206664000135, -6.790742395999871 ], [ 39.221218110000052, -6.790774344999875 ], [ 39.22124481100019, -6.790884017999872 ], [ 39.221256256000174, -6.79091834999997 ], [ 39.221282958000074, -6.790986537999913 ], [ 39.221332550000113, -6.79103994299993 ], [ 39.221393585000101, -6.791066645999877 ], [ 39.221481322000159, -6.791069030999893 ], [ 39.221508026000038, -6.79105949399991 ], [ 39.221565246000182, -6.79101800899997 ], [ 39.221626281000169, -6.790981291999856 ], [ 39.221664428, -6.790966986999933 ], [ 39.221725464000087, -6.790954588999966 ], [ 39.221778869000161, -6.790952205999929 ], [ 39.22196960500014, -6.790952205999929 ], [ 39.222007752000025, -6.790954588999966 ], [ 39.222068787000183, -6.790978906999896 ], [ 39.222114564000151, -6.791003225999873 ], [ 39.222164154000154, -6.791035174999934 ], [ 39.222232820000158, -6.791064260999974 ], [ 39.222408295000037, -6.791125296999951 ], [ 39.22245407000014, -6.791156767999894 ], [ 39.222576141000047, -6.791261672999951 ], [ 39.22267150800019, -6.791364192999936 ], [ 39.222740174000194, -6.791412352999885 ], [ 39.222808837000116, -6.791460989999905 ], [ 39.222873687000174, -6.791587828999923 ], [ 39.222911834, -6.79164409599997 ], [ 39.222969054000146, -6.791714191999915 ], [ 39.22300720100003, -6.791744232999918 ], [ 39.223041535000164, -6.791764258999876 ], [ 39.223083497000118, -6.791784286999928 ], [ 39.223117829000103, -6.791794299999879 ], [ 39.223175049000019, -6.791821001999949 ], [ 39.22319793700018, -6.791844367999943 ], [ 39.223239899000077, -6.791877268999826 ], [ 39.223262788000113, -6.791900634999877 ], [ 39.223346710000101, -6.791926383999964 ], [ 39.223377228000174, -6.791934966999975 ], [ 39.223541259000115, -6.79202222899994 ], [ 39.223991395000098, -6.79209375399995 ], [ 39.224239349000186, -6.79211568799991 ], [ 39.22427368100017, -6.792131900999948 ], [ 39.224426270000095, -6.792212009999901 ], [ 39.224929809000116, -6.79239511399993 ], [ 39.22529602100019, -6.792457103999936 ], [ 39.225311279000039, -6.792495250999877 ], [ 39.225337983000145, -6.792542457999957 ], [ 39.225360871000078, -6.792590617999963 ], [ 39.225379945000043, -6.792623041999889 ], [ 39.225379945000043, -6.792663095999899 ], [ 39.225383758000078, -6.792690752999874 ], [ 39.225418091000165, -6.792821405999973 ], [ 39.225463866000155, -6.79316711499996 ], [ 39.225475312000185, -6.793236732999958 ], [ 39.225475312000185, -6.793338297999981 ], [ 39.225471497000171, -6.793444632999922 ], [ 39.22544098000003, -6.793578146999948 ], [ 39.225433350000117, -6.79366016299997 ], [ 39.22544098000003, -6.793848036999975 ], [ 39.22546005300012, -6.794157028999962 ], [ 39.225395203000062, -6.79426336299997 ], [ 39.225368499000183, -6.794509409999932 ], [ 39.225418091000165, -6.7945899959999 ], [ 39.225433350000117, -6.79461574499993 ], [ 39.225536347000173, -6.79470825199985 ], [ 39.225639344000115, -6.794800758999941 ], [ 39.225730896000016, -6.794892787999913 ], [ 39.225856782000164, -6.795021056999872 ], [ 39.226005554000039, -6.795180320999918 ], [ 39.226039886000194, -6.795216560999961 ], [ 39.226268769000058, -6.795388698999943 ], [ 39.226341247000164, -6.795611858999905 ], [ 39.226459503000171, -6.795969008999975 ], [ 39.226284027000077, -6.796209811999915 ], [ 39.226131440000131, -6.796638011999903 ], [ 39.225967407000155, -6.797304630999975 ], [ 39.225875855000027, -6.797294139999906 ], [ 39.225616456000182, -6.797264576999964 ], [ 39.225112915000125, -6.797181605999924 ], [ 39.224285126000154, -6.797056674999908 ], [ 39.223968506000062, -6.796997068999929 ], [ 39.223892212000123, -6.796984670999905 ], [ 39.223575593000135, -6.796927450999874 ], [ 39.222930908000194, -6.79678869199995 ], [ 39.221950531000175, -6.796585082999968 ], [ 39.221496583000089, -6.796494005999875 ], [ 39.220939637000185, -6.79637718299989 ], [ 39.220893860000047, -6.796936033999941 ], [ 39.220748900000103, -6.797462940999935 ], [ 39.220458984000118, -6.798712251999916 ], [ 39.220237731000168, -6.799961089999954 ], [ 39.220264435000104, -6.800488472999973 ], [ 39.220104218000074, -6.801288127999896 ], [ 39.219985962000067, -6.801896093999915 ], [ 39.219211578000113, -6.803381918999946 ], [ 39.218746186000146, -6.804144858999905 ], [ 39.218677521000075, -6.804064272999938 ], [ 39.218547822000062, -6.80391216299995 ], [ 39.218524933000026, -6.803882121999948 ], [ 39.218208314000037, -6.803504466999868 ], [ 39.217880248000085, -6.803104399999881 ], [ 39.217422485000156, -6.802554606999877 ], [ 39.217231750000053, -6.802312850999954 ], [ 39.216682435000166, -6.801623820999964 ], [ 39.216716766000104, -6.801608562999945 ], [ 39.216419220000148, -6.801249980999955 ], [ 39.215900421000129, -6.800699232999932 ], [ 39.215881347000163, -6.800724505999881 ], [ 39.215793610000105, -6.800837516999934 ], [ 39.215641021000181, -6.800978660999874 ], [ 39.21553039600019, -6.801069734999942 ], [ 39.215381621, -6.80121898699997 ], [ 39.215343475000054, -6.801246642999956 ], [ 39.215293885000051, -6.801294802999905 ], [ 39.215145110000094, -6.801458835999881 ], [ 39.214832306000119, -6.801777362999871 ], [ 39.21461868300014, -6.802020549999952 ], [ 39.214519501000098, -6.802145002999907 ], [ 39.214408875000174, -6.802281378999908 ], [ 39.214359283000192, -6.802336691999869 ], [ 39.214088440000069, -6.802712916999951 ], [ 39.21395492500011, -6.802880286999937 ], [ 39.213939666000158, -6.802912711999966 ], [ 39.213764190000063, -6.803318977999879 ], [ 39.21371078500016, -6.803382872999919 ], [ 39.21369171200007, -6.80340528499994 ], [ 39.213657378000107, -6.803488253999944 ], [ 39.213588715000185, -6.803674219999891 ], [ 39.213504791000162, -6.803816795999978 ], [ 39.213420867000139, -6.803966997999964 ], [ 39.213371277000135, -6.804077147999919 ], [ 39.21333313000008, -6.804228782999928 ], [ 39.213314057, -6.804360866999957 ], [ 39.213302612000064, -6.804783343999929 ], [ 39.213325500000167, -6.805108546999975 ], [ 39.213359834000187, -6.805379389999928 ], [ 39.21339035, -6.805666445999975 ], [ 39.213371277000135, -6.805814742999871 ], [ 39.213294983000026, -6.805760382999949 ], [ 39.213272095000093, -6.805741308999927 ], [ 39.212936402000139, -6.805496214999891 ], [ 39.212532043000124, -6.805196760999934 ], [ 39.212242127000138, -6.805032730999926 ], [ 39.212039947000108, -6.804931640999939 ], [ 39.211673737000183, -6.80472373899994 ], [ 39.211456300000066, -6.804587839999897 ], [ 39.211387634000062, -6.804512500999977 ], [ 39.211215973000151, -6.804408548999959 ], [ 39.210861207000107, -6.804234980999922 ], [ 39.210456848000149, -6.803966997999964 ], [ 39.210426331000178, -6.803989886999886 ], [ 39.210330962, -6.803930281999953 ], [ 39.210037231000115, -6.803749560999904 ], [ 39.209468842000092, -6.803413389999889 ], [ 39.209381103000055, -6.803360939999891 ], [ 39.209114075000116, -6.803213117999917 ], [ 39.208778382000162, -6.803004740999938 ], [ 39.208728790000123, -6.802974223999968 ], [ 39.20864868100017, -6.802926061999869 ], [ 39.2086219790001, -6.802909850999981 ], [ 39.208347321000133, -6.802741527999899 ], [ 39.208274841000161, -6.802688120999903 ], [ 39.208145141999978, -6.802592276999974 ], [ 39.207946778000121, -6.802443503999939 ], [ 39.207817077000129, -6.802315710999949 ], [ 39.207702636000135, -6.802219866999906 ], [ 39.207462310000153, -6.801959991999979 ], [ 39.207447052000134, -6.801929472999859 ], [ 39.207382202000133, -6.801847456999894 ], [ 39.207324981000056, -6.801769732999958 ], [ 39.207275391000053, -6.801701544999901 ], [ 39.207256318000191, -6.801675795999927 ], [ 39.207145690000061, -6.801488399999869 ], [ 39.207118989000094, -6.801440239999977 ], [ 39.207019807000052, -6.801258563999966 ], [ 39.206966400000169, -6.801158903999976 ], [ 39.206863402000181, -6.800979137999832 ], [ 39.206840516000057, -6.800927160999947 ], [ 39.206806182000037, -6.800859927999909 ], [ 39.206764222000118, -6.800744056999918 ], [ 39.206718445000149, -6.800625323999952 ], [ 39.206653595000148, -6.80042505199998 ], [ 39.206649780000077, -6.8003778449999 ], [ 39.206619263000107, -6.80027913999993 ], [ 39.206611633000193, -6.800243853999916 ], [ 39.206569671000125, -6.800091743999928 ], [ 39.206535339000141, -6.799860477999971 ], [ 39.20653152400007, -6.799830913999926 ], [ 39.206527709, -6.799771784999962 ], [ 39.206520081000122, -6.799705980999931 ], [ 39.206504823000103, -6.799588680999875 ], [ 39.206493377000186, -6.79926824599994 ], [ 39.206512450999981, -6.798933982999813 ], [ 39.206535339000141, -6.798815726999976 ], [ 39.206542969000054, -6.798747538999919 ], [ 39.206569671000125, -6.798586845999978 ], [ 39.206588743999987, -6.798461437999947 ], [ 39.20660781800018, -6.798373698999967 ], [ 39.206634521000126, -6.798275946999979 ], [ 39.206665040000075, -6.798178671999949 ], [ 39.206676483000081, -6.79812574399989 ], [ 39.206699372000116, -6.798011778999978 ], [ 39.206737519000171, -6.797875880999925 ], [ 39.206775665000123, -6.797748088999924 ], [ 39.206909179000149, -6.797322749999978 ], [ 39.207103729000096, -6.796633719999932 ], [ 39.207271576000039, -6.796050071999957 ], [ 39.207408905000079, -6.795566558999894 ], [ 39.207416535, -6.795524119999925 ], [ 39.207340240000178, -6.795539855999891 ], [ 39.207260131000055, -6.795557498999926 ], [ 39.207168579000097, -6.79560613599989 ], [ 39.207061767000141, -6.795645235999928 ], [ 39.206947326000034, -6.795710085999872 ], [ 39.206855774000076, -6.795830249999938 ], [ 39.206649780000077, -6.796096801999965 ], [ 39.206592559000057, -6.796152114999927 ], [ 39.206527709, -6.79620408999989 ], [ 39.206375122000111, -6.796382902999937 ], [ 39.206336975000056, -6.796405313999912 ], [ 39.206253051000033, -6.796401976999903 ], [ 39.206146241000056, -6.79637288999993 ], [ 39.206012725000051, -6.796322822999969 ], [ 39.205909730000144, -6.796232700999951 ], [ 39.205852509000124, -6.796125410999935 ], [ 39.205802917000085, -6.796072958999957 ], [ 39.205692292000094, -6.79607057599992 ], [ 39.20553970300017, -6.796149253999886 ], [ 39.205425262000176, -6.796242235999955 ], [ 39.205371857000102, -6.796328067999923 ], [ 39.205276490000131, -6.796487807999938 ], [ 39.205196381000178, -6.796595572999934 ], [ 39.205081939000138, -6.796545505999973 ], [ 39.205020905000026, -6.796456813999953 ], [ 39.204975129000161, -6.796347140999899 ], [ 39.204872131000172, -6.796185015999981 ], [ 39.204841615000134, -6.796116827999867 ], [ 39.204803466000101, -6.796037196999919 ], [ 39.204704286000037, -6.795884131999969 ], [ 39.204624177000085, -6.795769691999908 ], [ 39.204605103000119, -6.795708178999973 ], [ 39.204559327000027, -6.795536040999934 ], [ 39.204505921000077, -6.795457361999922 ], [ 39.204456329000038, -6.795388698999943 ], [ 39.204406739000035, -6.795323847999953 ], [ 39.204345704000048, -6.795278548999875 ], [ 39.204196930000194, -6.795219420999956 ], [ 39.204105378000065, -6.795086383999944 ], [ 39.204147340000134, -6.794985294999947 ], [ 39.204135894000103, -6.794945715999972 ], [ 39.204120636000084, -6.79483795099992 ], [ 39.204113006000171, -6.794767379999939 ], [ 39.204109193000079, -6.79467248799989 ], [ 39.204116821000184, -6.794621467999946 ], [ 39.204101563000165, -6.794576645999882 ], [ 39.204093931999978, -6.794537066999965 ], [ 39.204093931999978, -6.79450273499998 ], [ 39.204090119000114, -6.79447078599992 ], [ 39.2040863040001, -6.794431208999924 ], [ 39.204101563000165, -6.794385431999956 ], [ 39.204074859000116, -6.794336318999967 ], [ 39.203960419000055, -6.794258117999902 ], [ 39.203933715000176, -6.794240949999903 ], [ 39.203823090000128, -6.794216155999891 ], [ 39.203701019000107, -6.79418325499995 ], [ 39.203636169000049, -6.794209480999882 ], [ 39.203460693000068, -6.79426908399995 ], [ 39.203311921000022, -6.794319153999879 ], [ 39.203227997, -6.794347284999901 ], [ 39.203163146000065, -6.794397829999923 ], [ 39.203094482999973, -6.79443693199994 ], [ 39.202884673000028, -6.794585228999949 ], [ 39.202758790000189, -6.794647216999863 ], [ 39.202724456, -6.794655321999926 ], [ 39.202632904000097, -6.794692038999926 ], [ 39.202598572000056, -6.794764994999923 ], [ 39.202548980000074, -6.794840335999936 ], [ 39.202480317000152, -6.794887542999959 ], [ 39.202388763000044, -6.794859408999912 ], [ 39.20235061600016, -6.794791220999969 ], [ 39.202331542000024, -6.794755933999966 ], [ 39.202312469000105, -6.794719694999969 ], [ 39.202228547000118, -6.794590948999826 ], [ 39.202121735000162, -6.794426440999871 ], [ 39.202079773000037, -6.794363497999939 ], [ 39.201950074000081, -6.794262408999884 ], [ 39.20188140900018, -6.794209003999924 ], [ 39.2018013, -6.79416608899993 ], [ 39.201744080000083, -6.794154165999942 ], [ 39.201698303000114, -6.794187544999943 ], [ 39.201671601000044, -6.794215678999933 ], [ 39.201416017000042, -6.794306277999965 ], [ 39.201259612000115, -6.794362067999884 ], [ 39.201099397000121, -6.79439353999993 ], [ 39.200996399000132, -6.794452666999916 ], [ 39.200855255000192, -6.794567584999925 ], [ 39.200775147000115, -6.794616699999892 ], [ 39.200687408000022, -6.794613837999918 ], [ 39.200637818000189, -6.79460239399998 ], [ 39.200580598000101, -6.794578075999937 ], [ 39.200542451000047, -6.794550418999847 ], [ 39.200485230000027, -6.794485091999945 ], [ 39.200408934999984, -6.794342516999961 ], [ 39.200401307000106, -6.794314383999961 ], [ 39.200378418000071, -6.794277191999981 ], [ 39.200248717000079, -6.79403066499998 ], [ 39.200065613000049, -6.793820380999932 ], [ 39.200038910000046, -6.793664932999945 ], [ 39.199970246000021, -6.793628215999945 ], [ 39.199821472000167, -6.793624878999935 ], [ 39.199626923000153, -6.793635843999937 ], [ 39.199478149000072, -6.793621062999932 ], [ 39.199386597000171, -6.793650626999977 ], [ 39.199367522999978, -6.793758869999976 ], [ 39.199234009000122, -6.79389333599994 ], [ 39.19916534400005, -6.793994425999927 ], [ 39.19902038500004, -6.794053076999887 ], [ 39.198909759000117, -6.79403114299987 ], [ 39.198730469000054, -6.793994425999927 ], [ 39.198665618000121, -6.793977259999963 ], [ 39.198562622999987, -6.793963431999941 ], [ 39.198490142000139, -6.793943880999905 ], [ 39.198375702000078, -6.793935297999951 ], [ 39.198238372999981, -6.79393005299994 ], [ 39.198081971000192, -6.793954848999931 ], [ 39.198047639000038, -6.793969154999957 ], [ 39.197887421000075, -6.79403066499998 ], [ 39.197776794000106, -6.79407834999995 ], [ 39.197277068000119, -6.794372558999953 ], [ 39.196941375000165, -6.794542788999934 ], [ 39.196910858000194, -6.794570922999924 ], [ 39.196819306000123, -6.794631480999954 ], [ 39.196678162000126, -6.794717311999875 ], [ 39.196609497000054, -6.794782160999944 ], [ 39.196567535000156, -6.794828891999884 ], [ 39.196464540000079, -6.794962405999911 ], [ 39.196495056000117, -6.795165060999977 ], [ 39.19657516500007, -6.795240878999948 ], [ 39.196670532000041, -6.795321462999937 ], [ 39.196743011000081, -6.795353889999888 ], [ 39.196758271000135, -6.795399188999909 ], [ 39.196792603000119, -6.795477389999974 ], [ 39.196804046000068, -6.79555034599997 ], [ 39.196796418000133, -6.795626162999952 ], [ 39.196796418000133, -6.795678137999971 ], [ 39.196773529000154, -6.795716284999855 ], [ 39.19671630900018, -6.795815943999912 ], [ 39.196529388000101, -6.795893191999937 ], [ 39.196487425999976, -6.795910835999962 ], [ 39.196273803000167, -6.795999049999978 ], [ 39.195922852000194, -6.796078203999969 ], [ 39.195781708000027, -6.796149729999911 ], [ 39.195602417000032, -6.796145916999876 ], [ 39.195430756000121, -6.796164512999894 ], [ 39.195335389000149, -6.79619932199995 ], [ 39.195217132000039, -6.796241283999962 ], [ 39.195186615000125, -6.796249388999911 ], [ 39.195125580000138, -6.79630613199987 ], [ 39.195091248000097, -6.796329497999977 ], [ 39.194934845000034, -6.796450137999898 ], [ 39.194908142000088, -6.796565055999906 ], [ 39.194881438000152, -6.796630859999937 ], [ 39.194873810000047, -6.796779631999925 ], [ 39.194889068000066, -6.79688501399994 ], [ 39.194942474000072, -6.797004221999941 ], [ 39.194995881000125, -6.797124862999965 ], [ 39.195045471000128, -6.797287939999933 ], [ 39.195079803000169, -6.797364233999872 ], [ 39.195098876000031, -6.797447680999937 ], [ 39.195117949000121, -6.797529218999955 ], [ 39.19517517200012, -6.797664642999962 ], [ 39.195182800000055, -6.797823905999962 ], [ 39.19517517200012, -6.797962188999975 ], [ 39.19514465300017, -6.798087119999821 ], [ 39.195056916000112, -6.798242091999953 ], [ 39.195014954000044, -6.798274516999868 ], [ 39.194946289000086, -6.798329353999975 ], [ 39.194877625000117, -6.798358439999959 ], [ 39.194801330000132, -6.798377990999882 ], [ 39.194736481000177, -6.798398016999954 ], [ 39.194656372, -6.798429488999886 ], [ 39.194587707000096, -6.798433303999957 ], [ 39.194526672000109, -6.798461437999947 ], [ 39.194480897000176, -6.798480510999923 ], [ 39.194339753000179, -6.798563479999871 ], [ 39.194252014000142, -6.798642158999826 ], [ 39.194190978000051, -6.798685550999949 ], [ 39.194057465000128, -6.798705101999872 ], [ 39.193923951000102, -6.79878091799992 ], [ 39.193855285000097, -6.799019336999947 ], [ 39.193824768000127, -6.799310207999952 ], [ 39.193668366000168, -6.799564361999899 ], [ 39.193557739000141, -6.799697875999868 ], [ 39.193450928000118, -6.799761770999908 ], [ 39.193367005000027, -6.799806117999935 ], [ 39.193176270000095, -6.799881934999974 ], [ 39.192970276000153, -6.799954414999945 ], [ 39.192947388, -6.799929618999954 ], [ 39.192924499000185, -6.799823283999956 ], [ 39.192829132000156, -6.79939079199994 ], [ 39.192813874000137, -6.799354076999919 ], [ 39.192810059000124, -6.799212932999978 ], [ 39.192787170000088, -6.798964976999969 ], [ 39.19269561800013, -6.798776149999981 ], [ 39.192657471000075, -6.798696040999914 ], [ 39.192539216000171, -6.798441409999896 ], [ 39.192520142000035, -6.798324583999943 ], [ 39.192260743000134, -6.797826765999957 ], [ 39.192104340000071, -6.797527313999865 ], [ 39.191829682000105, -6.797263143999942 ], [ 39.191646576000039, -6.79710340399987 ], [ 39.191463470000144, -6.796943186999954 ], [ 39.191276549000065, -6.796862124999961 ], [ 39.190979003000109, -6.79662847499992 ], [ 39.190654755000139, -6.796307563999903 ], [ 39.190662383000017, -6.796263216999876 ], [ 39.19062423600019, -6.796234607999907 ], [ 39.190551758000026, -6.796180725999932 ], [ 39.190696717000037, -6.795979498999941 ], [ 39.190738679000162, -6.795885084999952 ], [ 39.190761565000059, -6.795843124999976 ], [ 39.19079971400015, -6.795765398999833 ], [ 39.19090652400007, -6.79585027599984 ], [ 39.190975190000074, -6.795896052999979 ], [ 39.191020965000064, -6.795938491999948 ], [ 39.19112777700019, -6.796088218999898 ], [ 39.191146851000155, -6.796109199999933 ], [ 39.191276549000065, -6.796241283999962 ], [ 39.191318511000134, -6.796278952999955 ], [ 39.191356658000188, -6.796311854999942 ], [ 39.191452027000025, -6.796371936999947 ], [ 39.191501617000029, -6.796401500999877 ], [ 39.191543579000097, -6.796423434999895 ], [ 39.191658020000091, -6.796417236999957 ], [ 39.191749574000028, -6.796256541999981 ], [ 39.191802979000101, -6.796130655999946 ], [ 39.191837311000086, -6.796054362999939 ], [ 39.191886903000125, -6.795958517999907 ], [ 39.19181442200005, -6.795759200999953 ], [ 39.19181442200005, -6.795714853999925 ], [ 39.191768647000117, -6.795663833999868 ], [ 39.19171524, -6.795580387999962 ], [ 39.19167709300018, -6.795446395999818 ], [ 39.191631318000191, -6.795247554999946 ], [ 39.191650391000053, -6.795205114999931 ], [ 39.191593169000157, -6.79513454399995 ], [ 39.191577911000138, -6.795082091999973 ], [ 39.191570283000033, -6.795047759999875 ], [ 39.191600799000071, -6.794920443999899 ], [ 39.19167327800011, -6.794753073999914 ], [ 39.191741943000181, -6.794622420999929 ], [ 39.191791534000117, -6.794515132999948 ], [ 39.19184875600007, -6.794404505999921 ], [ 39.191898346000073, -6.79431772099997 ], [ 39.191951751000147, -6.794213770999875 ], [ 39.192070007000154, -6.794073104999939 ], [ 39.192108153000106, -6.794002533999901 ], [ 39.192138672000056, -6.793815134999932 ], [ 39.192188262000059, -6.793701171999942 ], [ 39.192253113000049, -6.793631076999873 ], [ 39.192310333000137, -6.793550489999973 ], [ 39.19233703600014, -6.793487071999948 ], [ 39.192363740000019, -6.793443679999939 ], [ 39.192443849000028, -6.793344497999897 ], [ 39.192420960000163, -6.793286799999919 ], [ 39.192359925000176, -6.793153761999918 ], [ 39.192234039000027, -6.792931555999928 ], [ 39.192138672000056, -6.792823790999876 ], [ 39.192111968000177, -6.792809485999953 ], [ 39.191959381000061, -6.792747974999941 ], [ 39.191841126000156, -6.792735576999974 ], [ 39.191829682000105, -6.792618751999953 ], [ 39.191841126000156, -6.792539119999958 ], [ 39.191833495000139, -6.79250812399988 ], [ 39.191825867000034, -6.792452810999919 ], [ 39.191810607000036, -6.792366504999961 ], [ 39.191810607000036, -6.792292593999889 ], [ 39.191810607000036, -6.792178630999956 ], [ 39.191829682000105, -6.792119025999909 ], [ 39.191860199000189, -6.792080401999954 ], [ 39.19189071600016, -6.791954517999898 ], [ 39.19189071600016, -6.791878699999927 ], [ 39.191917419000163, -6.791767596999875 ], [ 39.191921234000176, -6.791731356999833 ], [ 39.191963196000131, -6.791665553999962 ], [ 39.191955566, -6.791594505999967 ], [ 39.191955566, -6.791499613999918 ], [ 39.191951751000147, -6.791466234999916 ], [ 39.191944123000042, -6.791319370999929 ], [ 39.191940307999971, -6.791192054999954 ], [ 39.191940307999971, -6.791151045999868 ], [ 39.191925049000076, -6.791064738999921 ], [ 39.191913604000092, -6.791028976999883 ], [ 39.191837311000086, -6.790896415999953 ], [ 39.191806794000115, -6.790855883999939 ], [ 39.191669465000075, -6.790702818999819 ], [ 39.191535949000183, -6.790519237999888 ], [ 39.191390992000038, -6.790312290999907 ], [ 39.191371918000016, -6.790285109999957 ], [ 39.191280365000182, -6.790154455999925 ], [ 39.191234589000146, -6.790091512999936 ], [ 39.191310883000028, -6.790070056999866 ], [ 39.191459655000131, -6.790026187999956 ], [ 39.191608430000088, -6.78997516499993 ], [ 39.19165420500002, -6.789963721999925 ], [ 39.191772460000152, -6.789918422999904 ], [ 39.19181823700012, -6.789903639999864 ], [ 39.19189071600016, -6.789895056999967 ], [ 39.191993713000045, -6.789860247999911 ], [ 39.192024232, -6.789857864999874 ], [ 39.192413330000079, -6.789828775999979 ], [ 39.19247818000008, -6.789824007999925 ], [ 39.192691803000116, -6.789796351999939 ], [ 39.192707061000135, -6.789513110999962 ], [ 39.192707061000135, -6.789283752999893 ], [ 39.19269943300003, -6.789167404999944 ], [ 39.192707061000135, -6.788956641999846 ], [ 39.192707061000135, -6.788657187999945 ], [ 39.192741393000119, -6.788415431999908 ], [ 39.192741393000119, -6.788330077999944 ], [ 39.192745208000133, -6.788292883999816 ], [ 39.192741393000119, -6.788141249999967 ], [ 39.19272232000003, -6.787941454999952 ], [ 39.19269561800013, -6.787794589999976 ], [ 39.192657471000075, -6.787643432999971 ], [ 39.192634583000142, -6.787467954999954 ], [ 39.192607879000093, -6.787306784999942 ], [ 39.19261932400002, -6.787179468999966 ], [ 39.19261932400002, -6.787047862999941 ], [ 39.19258499100016, -6.786916256999973 ], [ 39.192565917000138, -6.786868571999889 ], [ 39.192497254000045, -6.786705969999957 ], [ 39.192481995000151, -6.786540031999891 ], [ 39.192447662000063, -6.786455629999921 ], [ 39.192409515000179, -6.78637742899997 ], [ 39.192386626000143, -6.786289691999968 ], [ 39.19247818000008, -6.786235331999933 ], [ 39.192516327000135, -6.78620862899993 ], [ 39.192577363000055, -6.786169051999934 ], [ 39.192634583000142, -6.786123751999924 ], [ 39.192672730000027, -6.786090372999922 ], [ 39.192718507000166, -6.786070822999875 ], [ 39.192634583000142, -6.78592443499997 ], [ 39.192562104000103, -6.785692214999926 ], [ 39.192489624000132, -6.785592554999937 ], [ 39.192455292000147, -6.785487174999901 ], [ 39.192455292000147, -6.785387514999854 ], [ 39.192489624000132, -6.785299777999967 ], [ 39.192497254000045, -6.785242080999978 ], [ 39.192504882000151, -6.785077095999839 ], [ 39.192512512000064, -6.78503465599988 ], [ 39.192516327000135, -6.78499221699991 ], [ 39.192779542000153, -6.784979343999908 ], [ 39.192756653000117, -6.784904002999895 ], [ 39.192710876000149, -6.784739016999936 ], [ 39.192638398000042, -6.78448533999989 ], [ 39.192562104000103, -6.784363746999873 ], [ 39.19252395500007, -6.784321784999975 ], [ 39.192447662000063, -6.784115790999977 ], [ 39.192371368000124, -6.78386211399993 ], [ 39.192363740000019, -6.783608436999884 ], [ 39.192325591000156, -6.783307552999872 ], [ 39.192241669000168, -6.783143996999854 ], [ 39.192146301999969, -6.782947062999881 ], [ 39.192127227000071, -6.782911298999977 ], [ 39.192050933000189, -6.782747743999948 ], [ 39.192146301999969, -6.782503604999874 ], [ 39.192165376000162, -6.782352447999926 ], [ 39.192161561000091, -6.78227710699997 ], [ 39.192134857000042, -6.782161235999979 ], [ 39.191936493000128, -6.782105445999889 ], [ 39.191764832000047, -6.78214073099997 ], [ 39.191669465000075, -6.782161235999979 ], [ 39.191596984000171, -6.782191275999878 ], [ 39.191326141000047, -6.78214073099997 ], [ 39.191207886000143, -6.782076834999941 ], [ 39.190952301000038, -6.781936645999963 ], [ 39.190837860999977, -6.781874179999932 ], [ 39.190723418, -6.781822202999933 ], [ 39.190223695000157, -6.781597137999938 ], [ 39.189781189000144, -6.781385421999914 ], [ 39.18969726500012, -6.781334877999825 ], [ 39.189819336000028, -6.780972480999935 ], [ 39.189834594000047, -6.780803202999948 ], [ 39.189781189000144, -6.780550955999956 ], [ 39.189769745999968, -6.780335902999923 ], [ 39.189880371000186, -6.780008315999908 ], [ 39.189933776000089, -6.779842852999934 ], [ 39.189941407000049, -6.779701233999901 ], [ 39.189987184000017, -6.779639242999963 ], [ 39.189945222000119, -6.779559611999844 ], [ 39.18983840900006, -6.779496668999968 ], [ 39.189624787000184, -6.779390811999974 ], [ 39.189491273000158, -6.779330253999944 ], [ 39.189342499000077, -6.77914380999988 ], [ 39.18920898500005, -6.778846740999938 ], [ 39.189163208000082, -6.778801440999928 ], [ 39.189105987000062, -6.778690813999901 ], [ 39.189060210999969, -6.778594969999972 ], [ 39.189048767000088, -6.778565405999927 ], [ 39.189014436000036, -6.778463840999962 ], [ 39.188968659000068, -6.778202055999941 ], [ 39.188934327000084, -6.777990340999963 ], [ 39.188888550000115, -6.777769087999843 ], [ 39.188903808000134, -6.777592659999812 ], [ 39.188968659000068, -6.777477741999974 ], [ 39.188995362000071, -6.777436254999941 ], [ 39.189037322000161, -6.777335642999958 ], [ 39.189079284000059, -6.777147293999974 ], [ 39.18920898500005, -6.776967047999904 ], [ 39.189392091000116, -6.77660608399998 ], [ 39.189582825000059, -6.776205539999978 ], [ 39.189750670000194, -6.77570438399988 ], [ 39.189933776000089, -6.775393486999917 ], [ 39.189994812000123, -6.774779319999936 ], [ 39.189994812000123, -6.774293422999961 ], [ 39.189960480000138, -6.774067401999957 ], [ 39.189975738000157, -6.773926734999975 ], [ 39.189983368000071, -6.77389717199992 ], [ 39.189986595442932, -6.773875788974815 ], [ 39.1907892, -6.7739465 ] ] ] ] } }
]
}
